1.32176   1.57112   6.21851
1.77894   1.53516   0.204932
2.04133   1.54966   0.23297
2.14173   1.53453   0.324691
2.30134   1.56864   0.287861
2.28369   1.55938   0.176607
2.03776   1.5243   0.164523
2.14607   1.5376   0.16125
2.58756   1.53594   0.172898
2.51599   1.52988   0.150916
2.7316   1.56466   0.318278
2.63079   1.55516   0.378742
2.65992   1.56981   0.483273
2.91675   1.56881   0.498367
3.09829   1.57571   0.602462
2.95839   1.5959   0.676955
2.80459   1.5971   0.431223
2.93022   1.56611   0.474231
3.21144   1.53928   0.422382
3.02436   1.52642   0.307377
2.9924   1.41331   0.309626
2.75398   1.41356   0.285498
2.86192   1.40975   0.361725
2.88412   1.40968   0.360722
2.86416   1.39907   0.490825
2.99726   1.37739   0.277758
2.9563   1.37893   0.235568
2.72907   1.38439   0.19638
2.52757   1.37138   6.24194
2.46641   1.37102   6.00111
2.5991   1.34697   5.96502
2.75781   1.30782   5.98538
2.79431   1.30995   6.12126
2.65775   1.32967   6.0268
2.95322   1.28977   6.09727
2.96042   1.26645   5.85557
3.17448   1.23962   5.77679
3.28185   1.20933   5.65345
3.3576   1.21976   5.65792
3.23626   1.22785   5.72428
3.39353   1.22637   5.66517
3.47612   1.23152   5.8509
3.34351   1.22387   5.93025
3.38486   1.24524   6.17301
3.17833   1.2651   6.03067
2.82767   1.07764   5.84547
3.1632   1.08915   6.01559
3.06777   1.09522   5.94664
3.11498   1.12505   6.14357
3.39486   1.14928   6.15793
3.37897   1.13319   6.17563
3.48572   1.12658   6.05806
3.32494   1.12601   6.08273
3.21669   1.13202   6.2355
3.24093   1.12822   0.010277
3.32674   1.08853   6.2745
3.21841   1.09564   0.128774
3.11238   1.1118   0.00347377
3.20376   1.10588   6.24265
3.45403   1.11093   6.27293
3.29516   1.11404   6.07476
3.24678   1.10495   6.03366
3.38369   1.10071   0.0758927
3.375   1.07529   0.218163
3.46811   1.09239   0.176647
3.50406   1.11267   0.0716428
3.48221   1.10185   0.153416
3.36708   1.0891   0.094039
3.38924   1.0847   0.163813
3.3267   1.0964   0.382651
3.28047   1.09257   0.125589
3.39556   1.08162   0.21591
3.53186   1.08012   0.382802
3.49637   1.06831   0.416597
3.64068   1.07089   0.375874
3.76361   1.05131   0.319459
3.63061   1.06151   0.396171
3.63619   1.0727   0.458711
3.73631   1.09018   0.376863
3.84981   1.06908   0.426406
3.89889   1.06552   0.479682
3.77678   1.08223   0.540435
3.71831   1.0706   0.321612
3.79046   1.08202   0.40075
3.86519   1.1023   0.389597
3.84482   1.10335   0.354727
3.96094   1.12409   0.297644
3.77332   1.14577   0.350765
3.76949   1.14631   0.297781
3.8739   1.1553   0.237554
3.65547   1.18307   0.170391
3.74219   1.20755   0.0791306
3.78982   1.20664   0.0643197
3.67189   1.20369   0.155423
3.48917   1.19664   0.0314063
3.71617   1.19386   6.26522
3.75016   1.19656   6.20986
3.73208   1.2209   0.163288
3.8614   1.22091   0.110904
3.91123   1.24011   6.26666
3.85647   1.23052   0.00515018
3.75638   1.24735   0.17084
3.75491   1.25877   0.23107
3.57499   1.27675   0.321186
3.43052   1.28126   0.475001
3.47533   1.27127   0.569739
3.31209   1.29362   0.492454
3.19248   1.29949   0.316248
3.01195   1.28655   0.475629
2.84582   1.29539   0.480953
2.94923   1.33428   0.627077
3.11034   1.32062   0.697463
3.22372   1.33031   0.670794
3.25944   1.32562   0.750213
3.35584   1.33279   0.753508
3.57619   1.32823   0.701271
3.6071   1.33437   0.675399
3.62046   1.36169   0.735832
3.59398   1.35493   0.769574
3.43747   1.35969   1.01339
3.5588   1.38137   1.15821
3.48069   1.38405   1.02456
3.39395   1.36842   0.992842
3.46452   1.37544   0.935311
3.58051   1.36065   0.982831
3.52634   1.3388   1.07865
3.53547   1.33718   1.18203
3.54327   1.35487   1.37546
3.46447   1.37279   1.35882
3.57726   1.38249   1.30527
3.85693   1.37715   1.28061
3.90993   1.37561   1.34912
4.00528   1.3782   1.35291
4.0516   1.36391   1.19179
3.88299   1.37526   1.14057
3.9212   1.3577   1.07574
4.05654   1.35497   1.01353
4.17291   1.37034   1.03248
4.18981   1.38392   0.943919
4.24096   1.38246   0.861649
4.44029   1.3866   0.871094
4.59084   1.40903   1.01088
4.37538   1.41712   0.994767
4.45586   1.43582   1.04809
4.46639   1.43609   1.11186
4.31949   1.43386   0.945689
4.41368   1.42729   0.955079
4.53234   1.43393   0.759721
4.40264   1.43974   0.823101
4.31254   1.44037   0.96864
4.30211   1.44516   0.917213
4.23526   1.43264   0.867939
4.3802   1.4492   0.85789
4.38447   1.443   1.07758
4.35144   1.44222   0.974833
4.34074   1.45908   0.910553
4.39261   1.4634   0.797792
4.33188   1.45098   1.01626
4.49203   1.43621   0.965412
4.37962   1.43337   0.895287
4.47028   1.43114   0.883163
4.33542   1.42401   0.961985
4.36491   1.40631   0.920308
4.35093   1.39434   0.738216
4.38339   1.39628   0.779002
4.23807   1.39147   0.736042
4.08647   1.39869   0.766702
4.00066   1.38521   0.772285
4.15804   1.37763   0.678756
4.21244   1.39186   0.858409
4.194   1.39097   0.886582
4.1879   1.39743   0.914663
4.15198   1.40365   0.934413
4.28823   1.40294   1.14049
4.39603   1.39392   1.15445
4.33282   1.40224   1.13696
4.1095   1.41939   1.27159
4.17795   1.42847   1.22995
4.08647   1.40865   1.28833
4.00078   1.38886   1.27866
4.01821   1.38079   1.17293
4.12442   1.36801   1.13671
4.22917   1.37768   1.08068
4.30257   1.38183   0.957396
4.26591   1.37822   0.746583
4.2542   1.37762   0.79984
4.39132   1.38735   0.848025
4.50544   1.38687   0.948676
4.58167   1.37466   0.893038
4.45199   1.40311   0.930487
4.62049   1.39298   0.929852
4.63994   1.4021   1.00174
4.63119   1.40064   1.04172
4.47621   1.41055   1.04038
4.5037   1.38388   0.857941
4.40362   1.38059   0.958473
4.47074   1.39966   0.879733
4.38252   1.39361   0.88466
4.44994   1.36269   0.864111
4.52438   1.36112   0.863893
4.5042   1.37049   0.871046
4.60585   1.37127   0.983219
4.4485   1.38161   0.975939
4.2438   1.40222   0.785522
4.22774   1.39619   0.914384
4.18445   1.39231   0.857443
4.33529   1.38677   0.87931
4.4526   1.39671   0.949379
4.70216   1.40221   1.01707
4.72242   1.40625   1.08389
4.67048   1.41601   1.10191
4.80168   1.42168   1.14218
4.70169   1.42235   1.36029
4.77751   1.42423   1.17309
4.72291   1.42483   1.17412
4.89436   1.42672   1.30495
4.86017   1.43526   1.35037
4.74188   1.44748   1.375
4.7504   1.42712   1.42054
4.51312   1.43618   1.45841
4.57409   1.44534   1.45174
4.6438   1.43975   1.35968
4.67894   1.44714   1.44997
4.63395   1.44343   1.44136
4.8823   1.43116   1.50301
4.8842   1.43439   1.59928
4.8004   1.44207   1.54618
4.79831   1.43388   1.47417
4.91146   1.45013   1.50057
4.98503   1.45295   1.47017
5.01255   1.4685   1.32748
4.86174   1.45375   1.25274
4.86841   1.4578   1.14216
4.73924   1.45376   1.23174
4.72056   1.46337   1.17066
4.71254   1.45988   1.28841
4.93222   1.44109   1.30553
4.88961   1.44919   1.34422
4.9023   1.45086   1.30021
4.82911   1.46063   1.35245
5.01944   1.48629   1.38696
4.98552   1.49051   1.36078
4.96561   1.47123   1.40217
4.98696   1.45478   1.26114
5.00479   1.45743   1.26409
4.88399   1.47399   1.20925
4.90494   1.46805   1.27133
4.96642   1.47928   1.25435
5.07851   1.48522   1.20799
5.0126   1.49402   1.16094
4.99747   1.51295   0.998454
4.93572   1.50502   1.09336
4.84928   1.50184   1.14202
5.02948   1.5198   1.10174
5.03998   1.51984   1.13517
5.08048   1.50285   1.0844
5.00241   1.5258   1.08246
4.95594   1.49769   0.978181
4.74441   1.4863   0.982643
4.73681   1.5001   0.890035
4.60731   1.49249   1.06523
4.64772   1.50564   1.0621
4.53997   1.49565   1.0248
4.4944   1.50707   0.901053
4.34436   1.53533   0.821296
4.15526   1.53266   0.872498
3.91655   1.55005   0.854285
4.07304   1.55053   0.971552
4.05239   1.57691   0.975408
4.16021   1.58249   0.990951
4.07879   1.59254   1.05242
4.03439   1.58241   0.938192
3.92342   1.58676   0.988071
4.05215   1.60003   0.957397
3.87404   1.59215   1.17546
3.69563   1.56201   1.16596
3.73829   1.60241   1.22618
3.71363   1.63208   1.10798
3.61793   1.62842   1.24846
3.83108   1.64192   1.24921
3.90631   1.64067   1.22335
3.9692   1.66575   1.28391
4.04988   1.65478   1.21276
3.94917   1.65212   1.05456
4.09218   1.65509   0.975788
4.14999   1.65456   1.02099
4.01911   1.67418   1.12357
3.98853   1.65464   1.12768
3.90692   1.64449   1.28219
3.83738   1.62784   1.17653
3.85108   1.65139   1.28403
3.89311   1.65189   1.37931
3.70496   1.6496   1.47602
3.59539   1.66167   1.39321
3.64506   1.65414   1.32832
3.66888   1.65608   1.44215
3.74746   1.64219   1.55028
3.60012   1.65173   1.62598
3.65746   1.67598   1.58271
3.3458   1.65668   1.56059
3.44487   1.64125   1.51729
3.34294   1.65877   1.45756
3.39588   1.65109   1.34482
3.30464   1.63607   1.21774
2.95139   1.66686   1.52346
3.06376   1.69277   1.59067
2.85822   1.69654   1.71635
2.85449   1.71451   1.71072
3.23239   1.73041   1.52168
3.19915   1.73845   1.55512
3.11128   1.7324   1.39824
3.29609   1.74783   1.43818
3.33195   1.72787   1.43055
3.25857   1.73316   1.42532
3.19415   1.75515   1.30788
2.82383   1.79423   1.06103
2.87138   1.80853   1.2952
2.8803   1.78787   1.09925
2.74744   1.7536   1.02651
2.69504   1.75288   1.02876
2.9377   1.72884   1.01304
3.00449   1.70715   0.735938
2.94578   1.72908   0.85974
2.74046   1.72929   0.692241
2.71573   1.74145   0.964723
2.43335   1.74547   0.896289
2.51327   1.73643   1.2297
2.50337   1.72316   1.02801
2.48401   1.68774   1.09222
2.7832   1.67832   1.36459
2.81059   1.67256   1.32763
2.74425   1.70688   1.50189
2.7821   1.73432   1.39395
2.60491   1.77942   1.20766
2.62242   1.7949   1.22378
2.39471   1.78041   0.931082
2.45408   1.80122   1.13266
2.66975   1.79708   1.26997
3.06332   1.78145   1.16768
3.2028   1.78609   0.98998
3.47138   1.81205   0.920788
3.60573   1.82764   1.0233
3.57901   1.82066   0.95121
3.51779   1.81596   0.758247
3.68108   1.83454   0.712441
3.61273   1.83949   0.839926
3.66505   1.85827   0.935938
3.61848   1.84865   0.917488
3.45319   1.88357   0.680402
3.2664   1.88614   0.454104
3.05307   1.85119   0.372754
2.86254   1.85567   0.422611
2.74113   1.8203   0.485662
2.98209   1.79252   0.388056
3.2499   1.77472   0.465362
3.19942   1.65076   0.656121
3.16276   1.66549   0.653205
3.19256   1.66927   0.596943
3.02498   1.65922   0.56578
2.93263   1.65406   0.588567
2.79203   1.59629   0.489556
2.94257   1.60274   0.500453
2.89189   1.50774   0.253755
2.97479   1.52376   0.00815987
3.05957   1.50847   6.2025
3.02781   1.46553   6.17225
2.72643   1.46098   6.05428
3.03663   1.43249   5.92165
3.04277   1.43973   5.89571
3.06256   1.44073   5.97162
3.00044   1.44129   5.79285
2.89817   1.41621   5.96047
2.74669   1.40173   5.95633
2.84246   1.41653   6.03125
3.01441   1.43706   6.15517
3.00238   1.44853   6.19348
3.19643   1.46896   6.00484
3.05136   1.4586   6.08725
3.23085   1.47064   6.07472
3.06817   1.47273   6.22202
3.08252   1.44541   6.27222
3.07115   1.41971   0.0388034
3.19603   1.42807   6.21692
3.198   1.44476   0.0787407
3.00502   1.46543   0.0394986
3.01366   1.47355   6.26539
2.77444   1.51223   0.118903
2.98527   1.49745   0.364576
3.18284   1.50369   0.48596
3.2084   1.48836   0.577685
3.22694   1.47375   0.672019
3.22191   1.45124   0.796266
3.24943   1.43595   0.851728
3.38412   1.46216   0.902843
3.68854   1.49146   1.01456
3.67702   1.49523   0.954139
3.70957   1.52596   0.938381
3.71189   1.51474   0.804832
3.70518   1.50288   0.852184
3.95211   1.51283   0.902455
3.78087   1.51235   1.01973
3.83049   1.49782   1.06299
3.81716   1.51459   1.05892
3.73649   1.52321   0.978018
3.67355   1.50877   0.940395
3.68481   1.47305   1.01558
3.8134   1.47769   1.01297
3.71947   1.47742   0.960649
3.55672   1.49903   0.957115
3.45191   1.49937   1.15329
3.34897   1.49127   1.09507
3.48864   1.48331   1.03291
3.37547   1.49452   0.950412
3.16907   1.50696   1.0262
2.97915   1.53552   1.05687
2.91828   1.52117   1.15733
2.92533   1.54416   1.28449
3.18359   1.52142   1.14975
3.14665   1.50431   1.08425
2.83584   1.50654   0.928503
2.97892   1.49862   0.841382
3.17581   1.4893   0.901785
3.11891   1.47831   0.67148
3.20587   1.50202   0.780402
3.17259   1.50922   0.8885
3.2473   1.51086   0.897247
3.36056   1.4918   1.07134
3.24726   1.50689   1.15723
3.19278   1.49129   1.23083
3.0731   1.48391   1.39632
3.27065   1.49466   1.37374
3.16622   1.51803   1.40925
3.35619   1.51571   1.65197
3.35589   1.51508   1.65331
3.56112   1.51367   1.68575
3.86654   1.5526   1.58278
3.7727   1.56076   1.67886
3.68263   1.55646   1.68012
3.6815   1.5323   1.51969
3.76171   1.54288   1.59933
3.83285   1.54753   1.73881
3.82055   1.56753   1.81946
3.99831   1.59001   1.77022
3.92409   1.61599   1.78584
3.7372   1.61719   2.03725
3.64285   1.65603   2.11614
3.74941   1.66571   2.11743
3.4734   1.66883   1.9581
3.31107   1.63509   1.92684
3.37544   1.6448   1.9925
3.201   1.64476   2.16119
3.3189   1.66034   2.08926
3.18156   1.64444   2.09082
3.03922   1.63624   2.03686
2.97242   1.66833   2.18009
2.9443   1.68512   2.17185
2.86734   1.69287   2.14114
3.20371   1.72182   2.07112
2.97698   1.7346   1.88862
2.77918   1.73108   1.89424
2.76307   1.70948   2.04895
2.84196   1.72016   2.20669
3.04562   1.74253   2.19487
2.94181   1.74373   2.14923
2.96182   1.75615   2.38903
2.88044   1.74681   2.35471
2.64284   1.76811   2.15069
2.59004   1.79551   2.19396
2.58445   1.8388   2.01245
2.41292   1.83458   2.42599
2.0494   1.88209   2.19666
1.9795   1.8737   2.26018
2.26414   1.86144   2.16342
2.38723   1.86723   2.00015
2.20442   1.9042   2.2324
2.18114   1.89766   2.27492
2.3664   1.86214   2.66013
2.12381   1.85161   2.78206
2.24474   1.81689   3.04697
2.56611   1.79038   3.27418
2.40269   1.85969   3.2711
2.43895   1.83047   3.21123
2.62868   1.86682   3.09104
2.60943   1.86668   3.18975
3.027   1.82526   3.31995
3.17885   1.81901   3.44884
3.67521   1.811   3.23393
3.69762   1.78879   3.22399
3.84826   1.77951   3.13082
3.81706   1.77793   3.00569
3.75988   1.78387   2.93031
3.7034   1.79069   2.815
3.50689   1.77106   2.72794
3.38826   1.70018   2.70382
3.62127   1.69529   2.60253
3.51242   1.66865   2.79942
3.47881   1.64576   2.62177
3.44546   1.63991   2.46474
3.46265   1.64682   2.44169
3.42653   1.6815   2.5474
3.49148   1.68315   2.53128
3.29864   1.67227   2.5277
3.30428   1.71774   2.4945
3.20004   1.73286   2.43331
3.14885   1.7353   2.39023
3.18886   1.72632   2.21551
3.24677   1.72837   2.25964
3.08825   1.74859   2.25847
3.38564   1.73454   2.31689
3.4223   1.74239   2.25718
3.28368   1.71761   2.33791
3.25107   1.70937   2.5796
3.27438   1.70035   2.45349
3.59615   1.70768   2.43114
3.73789   1.69245   2.26042
3.69184   1.68149   2.35152
3.64542   1.7083   2.35348
3.72952   1.73308   2.30958
3.47795   1.73899   2.28957
3.40374   1.7203   2.23159
3.41825   1.73972   2.13918
3.33302   1.73707   2.00966
3.13   1.72318   1.95384
3.18994   1.73015   2.29918
3.08896   1.76986   2.04605
2.99319   1.78144   1.86816
3.24215   1.77138   2.1514
3.35079   1.76807   2.00945
3.35415   1.80064   2.01744
3.24928   1.79492   2.12995
3.12323   1.80633   2.16923
3.05946   1.80301   2.03326
3.27679   1.8187   2.10366
3.21515   1.8197   2.35936
3.24328   1.82178   2.59283
3.04903   1.83668   2.56637
2.68265   1.84497   2.61997
2.82019   1.8915   2.93225
2.8898   1.90007   3.07535
2.75961   1.828   3.28301
3.08037   1.81732   3.22879
3.10391   1.79158   3.13203
3.30968   1.78441   2.86444
3.03021   1.80456   2.75885
2.97638   1.80202   3.12247
3.14829   1.83282   2.82556
3.14835   1.86988   2.91021
3.13435   1.7628   2.827
3.00452   1.77114   2.87156
2.99149   1.79677   2.94466
3.17077   1.83148   2.81753
3.12599   1.82015   2.93316
3.25593   1.82238   3.0241
3.17559   1.84693   2.98723
3.1173   1.82657   2.8637
3.18415   1.79392   2.75843
3.10881   1.75544   2.75332
3.2464   1.7419   2.8371
3.03102   1.73454   2.98755
3.13834   1.76173   3.1656
3.08609   1.75489   3.41495
3.08258   1.74647   3.00713
2.76916   1.72739   2.79357
3.03402   1.75867   2.91563
3.07656   1.7761   2.85997
3.02806   1.7697   2.7272
3.16165   1.79957   2.74161
3.36665   1.76962   2.7842
3.04666   1.7526   2.72876
2.78201   1.7499   2.3881
3.02141   1.73241   2.42618
2.70737   1.71499   2.52044
2.69086   1.67706   2.66924
2.75431   1.71024   2.76072
2.80158   1.70673   2.73558
2.70783   1.67491   2.87858
2.70031   1.70337   2.86496
2.43276   1.75218   2.71401
2.17509   1.77541   2.84246
1.88625   1.75912   2.30412
2.00905   1.79383   2.34503
1.81622   1.76123   2.22536
2.17662   1.66752   2.18934
1.9322   1.62422   2.31384
2.11294   1.61369   2.39663
2.26865   1.58537   2.27757
2.60257   1.60242   2.14053
2.20942   1.59411   2.42341
2.12292   1.6558   2.30434
2.35972   1.66954   2.51895
2.37669   1.67393   2.70824
2.28756   1.64833   2.79709
1.97044   1.64049   2.53467
1.96906   1.57339   2.51863
2.08849   1.63159   2.39479
2.1801   1.66266   2.46993
2.50872   1.64598   2.40965
2.82897   1.64429   2.2205
2.53495   1.62893   2.228
2.48686   1.64239   2.01176
2.81247   1.62234   2.07253
3.28456   1.65623   2.20863
3.61897   1.66246   2.21718
3.71785   1.61283   2.14114
3.60132   1.61816   1.95957
3.61581   1.57875   1.99046
3.72889   1.58448   2.15471
3.65865   1.58048   2.05667
3.5887   1.5789   1.71544
3.82334   1.54044   1.37355
3.85397   1.54547   1.33618
3.9196   1.5208   1.45614
3.816   1.51351   1.59041
3.56905   1.54136   1.73053
3.86469   1.55598   1.71505
3.9504   1.56367   1.65212
3.61815   1.58999   1.48487
3.74424   1.61456   1.51898
3.73349   1.61301   1.5446
4.00825   1.61941   1.55258
4.05055   1.63991   1.47529
4.03115   1.65325   1.29502
4.00887   1.64651   1.29022
3.81742   1.64209   1.29942
3.95235   1.6307   1.07132
3.83571   1.64268   1.11317
3.76962   1.65483   1.10773
3.66299   1.68798   1.05199
3.7802   1.67766   0.971519
3.87884   1.69931   0.766969
3.92423   1.6848   0.594736
3.96731   1.70123   0.394851
3.97311   1.67866   0.272694
3.96356   1.68694   0.107677
3.9857   1.65134   0.111161
4.09905   1.65623   0.0243862
4.1206   1.65361   6.26291
4.17206   1.64941   6.26263
4.2222   1.66771   0.0170879
4.08667   1.68774   0.117261
3.97534   1.67611   0.287412
4.02257   1.69104   0.433263
3.90871   1.67852   0.59911
3.7972   1.66973   0.840342
4.12642   1.68747   1.00294
4.0268   1.70262   0.943117
4.11605   1.69219   1.08303
4.00137   1.70907   0.766207
3.7795   1.67461   0.716466
4.00616   1.68274   0.820149
3.86775   1.69035   0.839227
3.89077   1.72069   0.797913
3.85046   1.72774   0.830537
3.95286   1.73827   0.791206
4.04892   1.75124   0.593687
4.22936   1.75311   0.651003
4.32283   1.77296   0.6216
4.2015   1.81512   0.602011
4.09294   1.77271   0.585537
4.06765   1.76405   0.586764
4.16161   1.78225   0.778858
4.42157   1.77213   1.08435
4.40033   1.77983   0.976316
4.25806   1.78563   0.965053
4.31006   1.77609   0.921953
4.29422   1.78005   1.05478
4.32226   1.76741   1.04248
4.36169   1.76016   1.18762
4.71441   1.76476   0.997041
4.80082   1.75952   1.05467
4.81159   1.76609   1.09991
4.82841   1.77367   1.27907
4.71336   1.75658   1.27734
4.52792   1.77353   1.24487
4.43937   1.78681   1.28575
4.35615   1.79496   1.35843
4.42915   1.82267   1.12473
4.32213   1.81063   1.22671
4.39035   1.81275   1.28623
4.4974   1.81092   1.21101
4.69926   1.79019   1.08091
4.72928   1.80862   1.08316
4.72124   1.80031   0.797897
4.96167   1.79809   0.626419
5.08098   1.79944   0.692126
5.0133   1.82739   0.892456
4.92917   1.82257   0.77231
4.84317   1.84594   0.719521
4.82889   1.83262   0.69696
4.95859   1.8413   0.513365
5.07333   1.83277   0.636938
4.86149   1.85906   0.59748
4.89074   1.88593   0.435226
4.94939   1.88969   0.253334
5.11449   1.90202   0.330929
5.0951   1.87898   0.102335
4.94866   1.8679   0.318322
5.11832   1.86199   0.276519
5.26325   1.88892   0.279243
5.22281   1.87684   0.211545
5.04598   1.88465   0.285827
4.67374   1.87609   0.350816
4.54095   1.89892   0.356004
4.75038   1.9081   0.219377
4.63777   1.92168   0.426148
4.68984   1.89336   0.367132
4.61895   1.87947   0.199147
4.74344   1.88358   0.13773
4.73857   1.85786   0.09678
4.79572   1.86143   0.330646
4.74167   1.86129   0.457868
4.59781   1.83998   0.683516
4.60197   1.85092   0.825262
4.73598   1.83885   0.847491
4.35505   1.8471   0.887392
4.17434   1.8224   0.713862
4.09518   1.8124   0.79262
4.21763   1.792   0.814196
4.37139   1.80625   0.553953
4.39695   1.82796   0.44383
4.33848   1.85438   0.450936
4.38444   1.88   0.592438
4.29466   1.87089   0.549953
4.2106   1.8673   0.624716
4.0629   1.85319   0.504081
4.04553   1.86288   0.443448
4.05702   1.88793   0.31481
4.33333   1.90717   0.255086
4.24773   1.91807   0.508513
4.26663   1.91908   0.345846
4.04683   1.91972   0.25178
3.86488   1.95375   0.240056
3.72439   1.85965   6.25599
3.70782   1.81784   6.09422
3.72971   1.81879   6.17959
3.7671   1.78887   6.18745
3.64091   1.81585   5.99238
3.49233   1.81635   6.1652
3.52261   1.80682   6.09972
3.74086   1.76191   5.85201
3.71247   1.75529   5.97711
3.63078   1.75418   5.82729
3.36823   1.74986   5.79586
3.60148   1.69756   5.90269
3.60365   1.67867   5.9629
3.76023   1.62917   5.90914
3.66886   1.63719   5.77995
3.79363   1.63996   5.89716
3.97175   1.62517   5.74121
3.95325   1.59641   5.78749
3.77372   1.53031   5.83653
3.82238   1.5158   5.67456
3.72093   1.51083   5.79741
3.9657   1.47887   5.65638
3.37388   1.35167   5.6642
2.93517   1.35167   5.77403
3.06964   1.3648   5.40101
2.93512   1.3489   4.9583
3.24959   1.3364   5.0459
3.29845   1.29919   5.0857
3.45452   1.34902   5.10338
3.42313   1.29285   5.0246
3.18174   1.26264   5.06229
3.2785   1.25075   5.13336
3.35735   1.23537   5.1282
3.37892   1.19965   5.4745
3.40352   1.20928   5.72838
3.00889   0.97928   5.58849
3.00069   0.947861   5.74205
2.89724   0.920439   5.85799
3.27704   0.932744   5.54721
3.13448   0.847841   6.20593
2.94495   0.809748   6.05948
3.2524   0.76276   6.18929
3.47448   0.766779   0.00488868
3.44713   0.74491   0.229724
3.79296   0.741965   6.2667
4.17603   0.708416   6.05695
4.48183   0.702468   6.21141
4.75934   0.696211   0.0801305
4.25005   0.745406   6.1495
4.05116   0.730269   5.82673
4.34842   0.732751   5.73384
4.22752   0.745568   5.85024
4.28314   0.766856   6.14494
3.90416   0.805645   6.18714
3.94807   0.765671   0.0968104
4.1559   0.77423   6.13862
4.13261   0.745815   0.123648
3.79054   0.73882   0.248113
3.48422   0.798545   6.22181
3.9554   0.822994   0.0874159
3.66587   0.823538   0.435051
3.53058   0.812839   0.701596
3.84624   0.802237   0.711309
4.12036   0.830563   1.1277
4.55684   0.812665   0.971305
4.50619   0.815395   1.08128
4.91957   0.792215   1.32412
4.7017   0.855173   1.47825
4.6008   0.862441   1.55322
4.40395   0.833213   1.52416
4.90992   0.809577   1.59078
4.82866   0.816465   1.95139
4.87265   0.801168   2.1415
4.95864   0.774448   2.16571
4.88805   0.73528   2.10892
5.03686   0.708959   2.20971
5.32995   0.708106   2.29541
5.0849   0.69881   2.19765
5.06306   0.681506   2.06317
5.09703   0.692619   1.61094
4.7122   0.701093   1.8426
4.97933   0.7125   1.94449
5.44791   0.733549   1.73297
5.98123   0.71173   1.76921
5.97579   0.7367   1.58767
6.18319   0.735192   1.7088
6.30167   0.724331   1.73583
6.34518   0.750043   1.41783
6.5223   0.803549   1.20773
6.68544   0.812566   1.24622
6.75602   0.786811   1.25072
6.76988   0.774066   1.41594
6.8561   0.793351   1.39488
6.50732   0.789044   1.37071
6.37139   0.776639   1.35604
6.1609   0.743143   1.21527
6.37998   0.761651   1.13721
6.4899   0.750058   0.949243
6.5259   0.752235   1.09475
6.92104   0.737457   0.922114
7.24954   0.737262   0.765543
7.09217   0.700673   0.946538
7.15679   0.732228   0.76046
7.10816   0.724927   0.939649
7.23618   0.710723   1.04831
7.42436   0.705433   1.06762
7.44581   0.730291   0.951775
7.17126   0.738484   0.698124
7.21238   0.731249   0.623061
7.3538   0.748847   0.539641
7.12037   0.751712   0.480659
7.09376   0.776775   0.626281
7.35443   0.775004   0.577471
7.41123   0.760813   0.786784
7.56509   0.776388   0.760789
7.60563   0.79639   0.570879
7.61821   0.837153   0.422291
7.73621   0.849103   0.522908
7.90751   0.81542   0.512074
7.99122   0.802596   0.730363
7.80189   0.814478   0.559657
7.77502   0.835049   0.584777
8.02433   0.843319   0.6782
8.04617   0.821222   0.882275
7.89182   0.819111   0.770242
8.00423   0.791001   0.578848
8.1487   0.766185   0.497664
8.40508   0.77639   0.658066
8.36026   0.801639   0.681281
8.04828   0.810515   0.475464
8.09955   0.821479   0.548071
8.34256   0.83513   0.606966
8.37638   0.841206   0.672988
8.35076   0.82728   0.734558
8.57936   0.805878   0.602466
8.60427   0.823987   0.726425
8.6215   0.809553   0.679388
8.59564   0.790512   0.750052
8.69134   0.785438   0.497067
8.65486   0.798918   0.569674
8.53949   0.75651   0.708576
8.68944   0.783728   0.792631
8.56491   0.785573   0.878905
8.77418   0.76807   0.811801
8.45499   0.751146   0.938506
8.44486   0.732184   0.867671
8.28473   0.74491   1.0036
8.35111   0.757183   1.15754
8.23161   0.755348   1.25183
8.26654   0.779069   1.24094
7.94961   0.801186   1.24981
8.08167   0.814308   1.23798
8.05072   0.824325   1.22628
8.00306   0.84146   1.0874
8.01303   0.871183   1.19798
8.02089   0.905744   1.15618
7.97719   0.899411   1.06464
8.06728   0.897263   1.04872
8.16263   0.879647   1.10721
8.1105   0.872131   0.944575
8.02302   0.879291   1.05395
7.87582   0.861334   0.938691
7.90607   0.897268   0.700902
7.90365   0.890723   0.867584
7.93356   0.884812   0.918331
7.79902   0.891156   0.872589
7.66843   0.873285   0.946464
7.6226   0.869131   0.905382
7.72413   0.901354   0.857585
7.54907   0.900037   0.863407
7.64726   0.893597   0.832781
7.70208   0.922631   0.821898
7.54008   0.8898   0.92711
7.61675   0.862543   1.08536
7.68126   0.865177   1.13594
7.44503   0.858391   1.01952
7.47287   0.822487   1.00634
7.53937   0.815738   1.02605
7.23849   0.815365   0.936385
7.35664   0.822525   0.823194
7.24368   0.822942   0.799353
7.02532   0.853705   0.929736
6.83121   0.866352   0.934965
7.01057   0.881332   1.05871
7.26663   0.907937   1.08162
7.22094   0.919256   1.18032
7.53592   0.940807   1.27485
7.65005   0.930261   1.32854
7.67944   0.933114   1.15229
7.37656   0.936048   1.16521
7.40918   0.920433   0.872564
7.33683   0.928927   1.04126
7.30859   0.930702   1.09309
7.25056   0.907751   1.12647
7.24807   0.915939   0.989285
7.10913   0.884045   0.805669
6.94792   0.916073   0.836471
6.87573   0.962994   1.03682
7.07815   0.989809   1.22285
7.08873   0.9665   1.03729
6.81363   0.935347   1.1751
7.05428   0.942604   1.01036
7.16604   0.960341   1.06784
6.67596   0.91433   1.15262
6.64029   0.916939   1.01472
6.77825   0.936131   1.25538
6.46297   0.96236   1.20801
6.33612   0.955413   1.28434
6.33768   0.953191   1.39335
6.54174   0.988461   1.45054
6.25519   0.910547   1.3306
6.23382   0.869796   1.48429
6.02955   0.826759   1.52828
6.22829   0.82591   1.59625
6.35153   0.83488   1.63937
6.25263   0.872969   1.7352
6.36126   0.8702   1.73829
6.3204   0.864072   1.68184
6.3717   0.886573   1.58246
6.37095   0.896499   1.50053
6.03853   0.897591   1.45066
6.04161   0.869133   1.35801
6.25999   0.88249   1.12382
6.1622   0.879346   1.01702
6.17789   0.843324   0.817543
6.07324   0.840134   0.887745
5.91422   0.781568   1.18462
6.18646   0.751161   1.04927
6.43881   0.74513   0.904863
6.5748   0.722186   0.79524
6.47085   0.732585   0.623774
6.48927   0.733818   0.553151
6.68158   0.697053   0.330795
6.52925   0.695932   6.27873
6.90592   0.725434   0.155772
7.0426   0.721187   0.249873
7.22147   0.734234   0.419874
7.0326   0.744665   0.469368
6.81059   0.770621   0.459984
6.69323   0.771374   0.24143
6.80517   0.791358   0.180101
7.06832   0.77607   6.19725
7.23141   0.763704   6.17736
7.06653   0.772305   6.20628
7.29229   0.783187   6.16125
7.31746   0.757244   0.0514254
7.20617   0.768678   0.078838
7.10977   0.764968   0.0648913
7.01844   0.777398   0.215047
6.75095   0.769774   0.28633
6.48757   0.777133   0.277571
6.40239   0.785112   0.140165
6.15424   0.796038   0.225281
6.34556   0.838025   0.286248
6.31596   0.862235   0.454522
5.95013   0.842574   0.461037
5.92348   0.838433   0.524803
6.13424   0.832977   0.59394
5.99881   0.842848   0.484152
5.82391   0.878878   0.531632
6.0273   0.87133   0.64795
6.06411   0.88525   0.604692
6.05775   0.907144   0.738117
6.25698   0.892358   0.947226
6.22606   0.883132   1.00322
6.43093   0.858518   1.02625
6.39737   0.866097   0.983408
6.60335   0.872912   0.945514
6.76588   0.894786   0.900116
6.78716   0.872039   0.945321
6.9685   0.855713   1.06327
6.88259   0.833451   1.19438
6.78011   0.870816   1.00603
6.74537   0.873251   1.01072
6.68401   0.881547   0.975283
6.35964   0.856744   0.996769
6.07794   0.896924   1.01929
6.0608   0.883245   1.20989
5.5513   0.809939   1.24107
5.44738   0.849999   1.14543
5.28989   0.85511   1.02649
5.48735   0.809869   1.07733
5.84015   0.815396   1.20308
5.93225   0.791647   1.1923
5.96653   0.791705   1.35295
5.69871   0.80318   1.29745
5.59104   0.806261   1.33641
5.68408   0.755161   1.51062
5.534   0.789618   1.52332
5.39378   0.780527   1.30588
4.746   0.82772   1.16744
4.57116   0.781097   1.42653
4.65775   0.737208   1.38934
4.24311   0.795201   1.12332
4.56589   0.790217   1.48777
4.21408   0.781011   1.67085
3.7125   0.723431   1.89209
4.07727   0.703147   1.87319
3.80241   0.680387   1.85625
3.97949   0.691774   1.55913
3.79221   0.718434   1.40712
3.72257   0.698903   1.65217
3.7238   0.693605   1.37282
3.67467   0.648797   1.27594
3.38794   0.682415   1.08445
2.75625   0.75205   1.09545
2.83972   0.745607   0.703691
2.73211   0.74732   0.504999
2.50605   0.768773   0.925985
2.52269   0.854047   0.743533
2.25259   0.974365   1.30949
2.21725   0.919593   1.83266
2.24602   0.940234   1.63057
3.21695   0.980806   1.6364
3.65434   0.99504   1.7322
3.41505   1.06246   1.59979
3.68664   1.06142   1.17867
3.77018   1.06909   1.44184
4.15099   1.08815   1.61502
4.05042   1.11438   1.77783
4.35632   1.12901   1.78026
3.88743   1.11686   1.81347
4.02519   1.13513   1.66232
4.10561   1.08591   1.64602
4.0349   1.09226   1.8215
3.93983   1.14065   1.7486
4.16817   1.12357   1.4967
4.47093   1.10027   1.56932
4.48799   1.10477   1.34307
4.35275   1.1116   1.50242
4.53336   1.10154   1.49666
4.62338   1.12839   1.54095
4.42543   1.13162   1.57823
4.75748   1.09726   1.65502
5.10979   1.1084   1.65591
4.9752   1.09845   1.73489
4.81324   1.10238   1.72953
5.22316   1.13218   1.89382
5.17921   1.12133   1.94829
5.01329   1.11917   1.86432
5.33037   1.12135   1.887
5.48885   1.13116   1.90205
5.41239   1.08086   1.95967
5.05349   1.05426   1.83417
5.2602   1.07288   1.848
5.25277   1.06538   2.11299
5.17369   1.01259   2.03581
4.77739   1.01603   1.86138
4.71597   1.04578   1.5024
5.02063   1.05849   1.54969
4.96775   1.04111   1.3391
5.25585   1.00831   1.48715
5.34421   1.02341   1.51837
5.53744   1.0053   1.46447
5.57653   1.00267   1.36687
5.58806   1.00815   1.54883
5.63572   1.00931   1.67945
5.74359   1.04643   1.80841
5.74747   1.04883   1.84379
5.57655   1.05275   1.95463
5.55144   1.03847   2.05395
5.4052   1.03995   1.96504
5.41486   1.08184   1.89381
5.68892   1.10635   2.06557
5.39315   1.08767   2.00064
5.28719   1.07764   1.88283
5.36793   1.0839   1.99951
5.49922   1.09382   2.11566
5.25517   1.03207   2.20918
4.88956   1.02258   2.30612
4.99365   1.00258   2.02336
4.90291   0.978933   1.91523
4.79839   0.972398   1.98158
4.61939   1.00965   1.90912
4.31687   1.00573   2.00458
4.00748   1.03398   1.91472
3.66467   1.02569   1.67765
3.78271   1.05378   2.09601
3.73369   1.08097   2.10151
3.56298   1.07122   2.27519
3.69743   1.02663   2.19088
3.95923   0.960691   1.95621
4.13498   0.946784   2.00488
4.24365   0.959019   1.68819
4.05147   0.992846   1.485
3.65564   1.03719   1.47445
4.00254   1.08686   1.40239
3.87599   1.1388   1.28067
4.03222   1.10701   0.97766
3.46792   1.06962   1.27677
3.56363   1.09845   1.14086
4.04802   1.13362   1.21137
4.17269   1.1342   1.1604
4.37736   1.14388   1.51258
4.58913   1.11058   1.3265
4.7003   1.11542   1.27318
4.91372   1.13971   1.20535
5.2407   1.16184   1.25416
5.22646   1.17688   1.09587
4.91277   1.16256   0.969452
4.60616   1.22651   0.975783
4.32728   1.22645   1.10347
4.05772   1.19236   1.15007
4.31293   1.19288   1.09924
4.16416   1.19233   1.34459
4.41833   1.19576   1.37873
4.6203   1.20212   1.09441
4.95503   1.24893   0.972887
4.61584   1.259   0.985971
4.91678   1.24576   0.925619
4.72254   1.2504   1.22411
4.73083   1.25318   1.18764
4.91777   1.22671   0.944012
5.01177   1.23437   0.875558
4.9584   1.24591   0.75425
5.04247   1.24556   0.924739
4.84405   1.28967   0.900718
4.93928   1.29567   0.759463
4.9606   1.2743   0.861381
5.39679   1.29358   0.985671
5.64764   1.2792   0.915986
5.70086   1.27693   0.929719
5.72035   1.27404   0.686991
5.89028   1.26874   0.882544
6.02018   1.26894   0.92766
6.18337   1.25427   1.05906
5.6763   1.17201   1.1386
5.62122   1.1738   1.1651
5.72149   1.17469   1.22733
5.7857   1.18698   1.04266
5.77446   1.20561   1.24062
5.71788   1.20454   1.17155
5.90154   1.18642   1.36691
5.99007   1.20116   1.55328
5.91168   1.19242   1.58065
6.02023   1.15887   1.42308
5.62499   1.0329   1.5045
5.65932   1.04133   1.60539
5.80508   1.03463   1.3052
5.71812   1.04566   1.34119
5.8658   1.04983   1.50335
5.91938   1.03612   1.70493
5.76187   0.996242   1.59704
5.87282   0.952771   1.77848
5.8199   0.960243   1.65226
5.9758   0.977201   1.50601
5.85437   0.978515   1.51057
5.88335   0.965062   1.60721
6.07418   0.970552   1.59453
6.32162   0.955321   1.60006
6.62328   0.916009   1.69521
6.88713   0.893128   1.63743
6.98195   0.899769   1.88689
7.17407   0.939915   1.90157
7.14676   0.917549   1.65207
7.24744   0.956669   1.63233
7.21026   0.930264   1.54604
7.27901   0.958083   1.71085
7.49202   1.00262   1.87546
7.36777   1.02395   1.84039
7.39782   0.990113   1.87679
7.61846   0.999541   1.84158
7.58892   0.989976   1.73698
7.64148   0.999993   1.70995
7.80649   1.01424   1.80864
7.76597   0.983268   1.88159
7.9108   0.991177   2.05896
7.99243   1.00227   2.02102
7.85057   0.979051   1.95266
7.42939   1.00524   2.09261
7.44028   0.994012   2.20632
7.34141   0.991853   2.25301
7.35711   0.992161   2.44002
7.32541   0.992433   2.59123
7.41035   1.01147   2.45716
7.45576   1.02326   2.52439
7.35115   1.05641   2.65239
7.19021   1.0553   2.65887
7.21009   1.04283   2.70461
7.09599   1.04586   2.71802
7.0861   1.05667   2.73233
7.30804   1.0834   2.77159
7.35718   1.09475   2.9453
7.55107   1.08379   3.05018
7.50675   1.08945   3.32968
7.29062   1.07646   3.46157
7.18657   1.06676   3.50067
7.00317   1.06506   3.48785
7.07455   1.05594   3.62497
6.85387   1.0459   3.75727
6.50948   1.04324   3.53164
6.45745   1.04892   3.66017
6.65979   1.02905   3.74074
6.72328   1.07431   3.88698
6.72495   1.07324   4.00199
6.67512   1.07757   4.11348
6.64432   1.07541   4.02595
6.85667   1.07496   3.77328
6.83005   1.07846   3.81167
6.65553   1.0746   3.78864
6.53349   1.0793   3.74875
6.53392   1.08593   3.81183
6.5429   1.10638   3.92357
6.57125   1.14444   3.89322
6.53795   1.14794   3.82591
6.61962   1.12731   3.76622
6.69205   1.14054   3.54795
6.57543   1.11601   3.4018
6.82623   1.12977   3.41605
6.97806   1.1339   3.52891
6.85402   1.13068   3.56786
6.90513   1.1359   3.3881
7.10648   1.13212   3.2874
7.10283   1.11351   3.43819
7.24089   1.11327   3.41051
7.37652   1.11202   3.29023
7.68804   1.11692   3.18632
7.68252   1.11372   2.99843
7.7369   1.12167   3.11118
7.70404   1.14134   3.05638
7.52217   1.13231   3.10025
7.45153   1.13839   3.15626
7.53888   1.1413   3.16112
7.6844   1.14335   3.1327
7.51767   1.1186   3.29108
7.48979   1.14614   3.40733
7.77377   1.11322   3.31197
7.82936   1.12177   3.27705
7.98196   1.1457   3.46782
8.21615   1.15559   3.46962
8.12381   1.14145   3.44893
8.32988   1.14777   3.42416
8.23063   1.14023   3.42376
8.36108   1.13734   3.55521
8.5179   1.13926   3.48244
8.50015   1.14736   3.37705
8.34782   1.12726   3.40273
8.53032   1.13851   3.43223
8.59469   1.15719   3.18071
8.68848   1.15674   3.23793
8.72715   1.13689   3.23992
8.74046   1.13052   3.25254
8.78617   1.13967   3.20556
8.90147   1.13733   3.16823
8.61859   1.11511   3.20775
8.76879   1.12519   3.08658
8.53578   1.15025   3.06445
8.54737   1.16534   3.16526
8.50327   1.17121   3.34143
8.6277   1.178   3.36806
8.41261   1.17704   3.28041
8.31473   1.18454   3.37987
8.19058   1.1857   3.59544
8.18687   1.1991   3.5835
7.95861   1.20388   3.74438
7.91116   1.18877   3.77986
7.83675   1.17575   3.69739
7.93527   1.18741   3.8579
7.722   1.1858   3.84685
7.67337   1.17945   3.69809
7.36667   1.16139   3.84247
7.36521   1.17025   3.74479
7.24375   1.1816   3.67187
7.32311   1.17968   3.6779
7.37241   1.16068   3.77956
7.48942   1.1514   3.72921
7.25139   1.15538   3.64117
7.07669   1.15219   3.53493
7.0891   1.14149   3.39683
7.00367   1.16418   3.33023
7.09871   1.18232   3.19074
6.95357   1.18844   3.10759
6.81412   1.18482   2.90275
6.74996   1.17988   3.03522
6.76389   1.1825   3.04945
6.82054   1.18386   2.96348
6.65626   1.17815   2.95215
6.61839   1.17714   2.79835
6.68495   1.18372   2.78582
6.77201   1.18649   2.84696
6.82497   1.21448   2.89675
6.84511   1.20015   2.96361
7.17476   1.19177   2.96405
7.31444   1.18878   2.94118
7.16157   1.19692   2.89844
7.35412   1.19292   2.80059
7.15623   1.20138   2.77572
6.98525   1.17397   2.73878
7.02584   1.17822   2.66091
6.81143   1.17833   2.68347
6.75459   1.14546   2.61658
6.96088   1.12315   2.55263
7.1212   1.12966   2.58721
7.41604   1.13897   2.4635
7.17173   1.14965   2.48752
7.20576   1.15994   2.40397
7.07422   1.14343   2.44847
7.15619   1.13713   2.47898
7.2404   1.12737   2.60294
7.27503   1.13832   2.58851
7.74932   1.15004   2.55721
7.42582   1.13653   2.68311
7.29838   1.1392   2.85642
7.31537   1.11968   2.8485
7.31294   1.11736   2.80925
7.35781   1.12454   2.82503
7.33596   1.16485   2.92909
7.20881   1.17658   2.97474
7.00379   1.16287   2.99191
6.88077   1.17066   2.88096
6.8901   1.15337   2.88687
6.78132   1.17667   2.89715
6.99146   1.20085   3.07993
7.0147   1.19255   3.20729
6.71248   1.19688   3.31688
6.62902   1.18372   3.45141
6.48976   1.18391   3.32528
6.40901   1.1922   3.11249
6.2866   1.16582   2.73428
6.20019   1.15989   2.86267
5.89133   1.14785   2.75129
5.82411   1.14206   2.7719
5.59728   1.13985   2.85286
5.45018   1.12269   2.81057
5.53573   1.09816   2.99783
5.43072   1.10185   2.99322
5.36556   1.10794   3.07784
5.28924   1.11832   3.25109
5.47354   1.10906   3.29597
5.40544   1.10615   3.23423
5.55037   1.13121   3.28023
5.37594   1.11408   3.49301
5.36279   1.13899   3.70773
5.42504   1.06518   3.65452
5.32449   1.04696   3.55008
4.73237   0.920935   3.57593
5.09243   0.932692   3.49487
5.42453   0.928325   3.33969
5.67016   0.937836   3.45251
5.88076   0.922766   3.47226
5.74628   0.914736   3.26023
5.94336   0.880879   3.49654
5.68525   0.91763   3.75874
5.65168   0.842073   3.75574
6.25444   0.83521   3.86308
6.38228   0.897038   3.7234
6.18713   0.878911   3.51379
6.43287   0.911934   3.66249
6.6581   0.919903   3.71538
6.70096   0.945137   3.63279
6.78809   0.971658   3.52922
6.4591   0.963787   3.52489
6.49474   0.952906   3.57276
6.68684   0.964685   3.53425
6.75289   1.01517   3.51009
6.83807   1.01815   3.64015
6.88144   1.0162   3.65088
7.15728   1.05384   3.80925
6.96901   1.03445   3.92297
6.82907   1.00598   3.87838
7.00144   1.00257   3.67439
7.00189   1.04067   3.8242
7.0149   1.07262   3.8119
7.32781   1.08732   3.73408
7.50992   1.08721   3.69312
7.35287   1.10953   3.75917
7.11168   1.09466   3.6526
7.1013   1.12866   3.65638
6.78435   1.14003   3.46428
7.06101   1.13213   3.47099
7.05086   1.10562   3.5436
7.04973   1.11407   3.76767
6.85429   1.13301   3.6553
6.92115   1.11728   3.68266
7.08424   1.12338   3.53278
7.04752   1.14548   3.6864
7.14633   1.13475   3.55303
6.90234   1.14839   3.48721
7.08838   1.15907   3.50961
7.07237   1.15812   3.47913
6.76887   1.15216   3.35514
6.67595   1.15067   3.28549
6.82927   1.16305   3.27093
6.82107   1.1639   3.25631
6.6702   1.14217   3.36703
6.91739   1.13659   3.2489
6.68343   1.11872   3.17182
6.70998   1.11828   3.20238
6.72483   1.14595   3.26893
6.70149   1.1238   3.21045
6.48309   1.11702   3.25034
6.55405   1.13314   3.09559
6.98025   1.1358   3.0327
6.99782   1.12029   3.10985
7.28076   1.10503   3.1555
7.38027   1.11154   3.12636
7.30611   1.11584   3.0483
7.5479   1.10292   3.02022
7.60884   1.10527   3.07039
7.47275   1.11737   3.20211
7.5147   1.09797   3.0999
7.39756   1.13079   3.17836
7.3901   1.12544   3.16189
7.40703   1.14249   3.12695
7.30765   1.16305   3.10677
7.33283   1.16869   3.25825
7.50882   1.16631   3.31058
7.66229   1.16972   3.43234
7.6921   1.16789   3.52509
7.71413   1.15594   3.50835
7.76251   1.1766   3.60911
7.87452   1.2023   3.59761
8.29351   1.18385   3.50138
8.20865   1.16398   3.60011
8.3649   1.1724   3.63223
8.25219   1.18163   3.68563
8.35411   1.19555   3.70713
8.44768   1.19521   3.73116
8.32555   1.17427   3.61114
8.36593   1.19224   3.64782
8.36394   1.19799   3.42108
8.22651   1.17673   3.20366
8.17761   1.17379   3.31451
8.30703   1.17092   3.36193
8.6052   1.16253   3.28963
8.61338   1.16937   3.4111
8.68471   1.17028   3.35896
8.87366   1.18613   3.42495
8.84321   1.21402   3.38579
8.81181   1.23375   3.36795
8.79683   1.24236   3.45832
8.75955   1.23848   3.2897
8.9831   1.23   3.24554
9.20459   1.23175   3.1543
9.44988   1.23965   3.16882
9.28537   1.24998   3.19963
9.21463   1.26023   3.19783
9.12974   1.2507   3.20781
8.74619   1.24615   3.02225
8.67892   1.22927   3.10151
8.89386   1.23065   3.08323
8.76381   1.22195   2.99899
8.72074   1.23367   2.85132
8.63239   1.24288   2.78522
8.61258   1.24949   2.74503
8.61091   1.25623   2.63006
8.6106   1.26415   2.63121
8.77618   1.30226   2.66133
8.62493   1.31689   2.71302
8.44798   1.32098   2.6578
8.3428   1.35661   2.54547
8.38024   1.35958   2.61545
8.5422   1.34071   2.62136
8.38557   1.35791   2.6408
8.37466   1.36233   2.56797
8.32567   1.36544   2.46037
8.0315   1.37151   2.50759
7.88949   1.36698   2.57219
8.03387   1.35992   2.61742
8.11997   1.3466   2.43391
8.23707   1.37216   2.56076
8.50622   1.36446   2.4685
8.4284   1.38725   2.50904
8.40595   1.38146   2.53725
8.5081   1.37398   2.64654
8.41267   1.37314   2.56399
8.36123   1.35688   2.60376
8.5354   1.38065   2.69253
8.28351   1.39613   2.73413
8.64623   1.4173   2.79095
8.76764   1.40968   2.68192
8.91674   1.41673   2.78665
8.80518   1.42765   2.8843
8.47842   1.4234   2.89018
8.39621   1.41248   2.85054
8.28233   1.41515   2.85463
8.71424   1.41658   2.98772
8.47446   1.42916   2.99846
8.33252   1.42733   2.81801
8.14132   1.41659   2.81446
7.95454   1.42059   2.75863
8.08792   1.4136   2.84821
8.10842   1.41709   2.64434
8.41498   1.39728   2.48258
8.21617   1.39344   2.57208
8.37002   1.38592   2.57152
8.36277   1.39699   2.61315
8.321   1.41747   2.6105
8.47296   1.43469   2.4993
8.46149   1.43721   2.62215
8.67921   1.45804   2.65963
8.63366   1.47777   2.75299
8.54068   1.49497   2.79807
8.58718   1.50695   2.93741
8.47857   1.50205   3.00839
8.48095   1.49329   2.94467
8.19226   1.49309   2.92958
8.05313   1.49549   2.92411
8.15728   1.50209   3.10584
7.89911   1.4925   3.22293
7.89417   1.47961   3.3496
7.91111   1.47583   3.31406
8.00066   1.45731   3.36699
8.20706   1.4866   3.3689
8.38901   1.49469   3.22934
8.45055   1.46762   3.21059
8.44913   1.45282   3.13293
8.60594   1.46379   3.04666
8.80889   1.46864   3.0637
8.6555   1.46645   3.04026
8.89968   1.47834   3.28581
8.99944   1.46545   3.35982
9.14216   1.45899   3.41837
9.11366   1.45233   3.39633
9.13723   1.46022   3.39026
9.22546   1.4668   3.28416
9.27193   1.47126   3.28733
9.078   1.47649   3.32097
9.1294   1.47401   3.30962
9.00346   1.49173   3.27013
9.11629   1.49069   3.25091
9.03552   1.49275   3.05925
8.94322   1.49101   2.95934
8.76986   1.51561   3.03746
8.82669   1.53437   3.13143
8.90801   1.51714   3.06265
8.7224   1.53271   2.99936
8.88509   1.51806   3.04217
8.97486   1.51167   3.20251
9.18987   1.51043   3.22555
8.76122   1.50486   3.40498
8.57432   1.49637   3.41174
8.60675   1.47791   3.3167
8.53552   1.48007   3.23614
8.53797   1.48692   3.24656
8.75756   1.48613   3.16967
8.76141   1.49139   3.08646
8.77151   1.49473   3.11019
8.81855   1.49003   3.12554
8.90811   1.50869   3.09515
9.07714   1.50315   3.054
9.04882   1.50671   3.11212
9.30622   1.50849   3.08527
9.38309   1.5063   3.03503
9.33136   1.5034   3.07876
9.30775   1.51299   3.10971
9.21167   1.50076   3.14244
9.22305   1.49427   3.04751
9.02772   1.51425   2.93923
8.84703   1.54094   2.77206
8.83222   1.55861   2.63432
8.70817   1.55792   2.67448
8.7633   1.57739   2.80297
8.90581   1.55867   2.93968
8.78121   1.53238   3.02314
8.79276   1.53616   2.94115
8.68323   1.53617   3.05144
8.81207   1.54577   3.18544
8.7439   1.5543   3.14699
8.58121   1.57126   3.14827
8.7267   1.57901   3.0971
8.5399   1.5921   3.12448
8.7766   1.62092   3.14607
8.83522   1.6457   3.24598
9.02375   1.6655   3.31639
9.08934   1.67759   3.33382
8.99745   1.67988   3.26662
9.09649   1.67761   3.23858
9.06524   1.69752   3.33659
8.9713   1.70156   3.21022
8.91541   1.69995   3.31218
8.75031   1.69133   3.26682
8.82739   1.6947   3.3865
8.87575   1.70187   3.41084
9.05285   1.71552   3.50939
8.94313   1.72141   3.58371
8.78298   1.73178   3.63252
9.00406   1.75886   3.66137
8.97272   1.78447   3.4876
8.88861   1.77566   3.43019
8.66137   1.78428   3.4639
8.63227   1.7832   3.48483
8.70103   1.76411   3.48004
8.66531   1.77634   3.45253
8.7151   1.79438   3.3533
8.7619   1.79123   3.49568
8.80193   1.77496   3.56821
8.71066   1.78539   3.44715
8.59978   1.78023   3.43269
8.41644   1.75283   3.51958
8.53595   1.75232   3.52857
8.42014   1.76549   3.71686
8.5408   1.76225   3.71389
8.44406   1.75538   3.79409
8.4915   1.74434   3.77087
8.70215   1.73836   3.864
8.65919   1.74095   3.83942
8.66995   1.72875   3.78205
8.39813   1.72647   3.79472
8.22916   1.7226   3.81474
8.52967   1.72535   3.71336
8.88004   1.70935   3.65331
9.0645   1.69754   3.57721
9.04946   1.72065   3.71844
9.07945   1.73404   3.48198
8.88735   1.7313   3.53148
8.82567   1.74152   3.45902
8.95674   1.77597   3.37798
9.06008   1.76354   3.49775
9.15405   1.74808   3.40513
9.14245   1.76525   3.37602
9.12985   1.7811   3.52887
9.26748   1.78913   3.42422
9.13661   1.80156   3.36161
9.30924   1.79965   3.42073
9.10125   1.8178   3.55914
9.04128   1.80329   3.50094
8.89791   1.79111   3.60164
9.0943   1.79066   3.72181
8.98789   1.77104   3.76997
9.14638   1.78269   3.74133
9.07651   1.76818   3.68713
9.0612   1.77181   3.6682
9.09457   1.79971   3.66882
8.90048   1.80331   3.79324
8.87661   1.79922   4.00638
8.63985   1.74352   4.0036
8.52944   1.74654   3.86746
8.49211   1.72983   4.034
8.46424   1.72915   4.11739
8.59439   1.75115   4.08956
8.72135   1.76537   4.12283
8.83345   1.76955   4.09887
8.58287   1.71699   4.04598
8.49842   1.72964   3.94931
8.15071   1.73842   4.0827
8.30922   1.73073   3.78787
8.21383   1.74747   3.76984
8.18063   1.72125   3.71869
8.06138   1.70348   3.85664
7.81598   1.69644   3.76855
7.98899   1.69916   3.89248
7.76941   1.68037   3.77953
7.91914   1.68649   3.83398
7.99643   1.66258   3.70688
8.11176   1.67961   3.90329
7.98601   1.66184   3.77765
7.58353   1.65543   3.73284
7.54823   1.63632   3.73096
7.54952   1.64392   3.5585
7.52262   1.64615   3.70238
7.4724   1.65572   3.77751
7.45483   1.65819   3.75433
7.48726   1.65178   3.8398
7.367   1.6779   3.87429
7.40867   1.71516   3.85511
7.60078   1.71208   3.82407
7.706   1.71143   3.82473
7.71151   1.74564   3.89772
7.41132   1.7511   3.93135
6.90822   1.74874   4.05979
6.84042   1.77185   3.92067
6.99077   1.75659   4.0939
7.04681   1.7543   4.04817
6.74582   1.77081   4.00097
7.22125   1.77384   4.00733
7.30912   1.76791   3.89531
7.24   1.75365   3.95469
6.89924   1.73124   4.08016
7.07628   1.72125   4.25943
7.04876   1.75137   4.22978
6.82762   1.75054   4.24773
6.62294   1.74859   4.40727
6.40131   1.73329   4.36038
6.43082   1.70884   4.38714
6.25355   1.65806   4.50462
6.05873   1.65174   4.43903
6.11506   1.62678   4.20122
6.27037   1.63746   3.93253
6.79586   1.64411   3.90016
6.63781   1.64544   3.86155
6.66488   1.69269   4.04777
6.79713   1.68791   3.92196
6.8777   1.72829   3.9415
7.03152   1.73064   3.96167
7.08311   1.72105   4.0097
7.11871   1.70987   3.83953
7.25519   1.72394   3.65629
7.45688   1.71591   3.70733
7.62414   1.72248   3.96216
7.97448   1.72675   3.896
7.97711   1.73781   3.85517
7.63386   1.75087   3.90262
7.16132   1.76443   3.98981
7.21588   1.78694   4.13641
7.4424   1.76907   4.09664
7.16979   1.79394   3.90697
7.2136   1.80677   3.83747
7.12793   1.80408   3.84315
7.22967   1.79974   3.6343
7.45643   1.81161   3.54694
7.47836   1.78427   3.46457
7.47703   1.76703   3.38369
7.38861   1.77668   3.48868
7.30021   1.77077   3.48071
7.4281   1.77526   3.35719
7.25896   1.75281   3.44623
7.23608   1.75431   3.52677
7.18137   1.74389   3.51955
7.03563   1.74792   3.35936
6.66799   1.75619   3.34366
6.62184   1.76852   3.26952
6.55263   1.75838   3.10915
6.56122   1.77558   3.14801
6.66069   1.80961   2.9403
6.83272   1.84931   2.99665
6.88404   1.8605   2.89958
7.21675   1.88454   2.86449
7.22996   1.88844   2.91042
7.04183   1.90183   3.04761
7.15919   1.90926   2.98751
6.83441   1.8805   2.99382
6.62998   1.90012   3.04401
6.48097   1.88181   3.25972
6.59221   1.87424   3.2382
6.80756   1.85697   3.21901
6.88149   1.83704   3.16397
7.00158   1.83979   3.33948
6.73913   1.77396   3.23918
6.89927   1.73984   3.23566
6.99294   1.69346   3.24339
7.13766   1.6292   3.21221
7.01563   1.62773   3.22778
6.93039   1.63397   2.99251
7.20091   1.63501   2.96277
7.10387   1.58123   3.12288
7.59801   1.57215   3.01011
7.35339   1.56099   2.89386
7.11475   1.53719   3.09313
7.16168   1.53661   3.14125
7.50098   1.5704   3.18397
7.84475   1.56332   3.10742
8.14407   1.57334   3.09531
8.16443   1.58018   3.06658
8.19677   1.57544   3.0567
8.40728   1.57682   2.98882
8.16409   1.59229   2.94375
7.85366   1.62614   2.98141
7.85694   1.61829   2.98231
7.83226   1.61396   2.95903
8.18782   1.60574   2.95847
8.24041   1.60302   2.79771
8.31144   1.57007   2.70872
8.34986   1.58897   2.78757
8.21567   1.59777   2.76975
8.40169   1.59456   2.62111
8.45989   1.59464   2.81885
8.43523   1.58807   2.81981
8.53975   1.56312   2.91381
8.63725   1.55983   3.1678
8.7096   1.56348   3.0832
8.77297   1.57465   2.95677
8.82506   1.59373   2.80093
8.89933   1.58143   2.92777
9.09696   1.60138   3.01011
9.25491   1.58876   2.96375
9.56096   1.60185   3.10064
9.83198   1.60326   3.11837
9.52765   1.61386   3.0416
9.62008   1.60387   3.13803
9.52521   1.61762   2.99638
9.33845   1.61463   2.88651
9.31458   1.62889   2.83124
9.06886   1.61883   2.88054
9.08591   1.62724   2.91765
9.32701   1.61899   2.92773
9.47191   1.61354   2.99907
9.47004   1.61866   3.12623
9.16185   1.60932   3.30739
9.2243   1.59578   3.26656
8.99108   1.61038   3.28864
9.17355   1.62594   3.14892
9.0311   1.63016   3.17234
9.16456   1.65875   3.16423
9.03352   1.66548   3.24793
8.98353   1.64315   3.29079
9.09427   1.62436   3.25646
8.96252   1.60145   3.28385
9.28136   1.58504   3.23743
9.32416   1.57   3.34745
9.4782   1.56285   3.22749
9.38627   1.56557   3.11077
9.31779   1.57636   3.12826
9.26672   1.58466   3.14615
9.30567   1.60329   3.05912
8.92929   1.59267   2.99964
8.98363   1.57275   3.05212
8.65813   1.56916   3.10395
8.9372   1.56009   2.8866
8.52622   1.53885   2.80373
8.84232   1.54138   2.55318
8.90216   1.53633   2.65704
8.92548   1.55749   2.68958
8.90575   1.54626   2.75455
8.93498   1.57343   2.73717
8.98613   1.58332   2.61578
8.95446   1.59215   2.57159
8.74899   1.61886   2.50218
8.61839   1.59605   2.53656
8.18511   1.58573   2.5456
8.14264   1.5847   2.60392
8.17638   1.57492   2.58722
8.23234   1.57051   2.61923
8.20035   1.59054   2.77383
8.11052   1.61408   2.72921
8.10838   1.61019   2.86038
8.35348   1.60741   3.08658
8.44734   1.58948   3.11438
8.6249   1.60338   3.02426
8.60656   1.58985   2.83603
8.90321   1.60446   2.96331
8.93827   1.58072   2.87652
9.2415   1.58735   2.84212
9.26899   1.58255   2.81509
9.28324   1.58792   2.80011
9.15397   1.59224   2.87502
9.26429   1.59978   2.88163
9.32556   1.58902   2.86614
9.38439   1.58377   2.85981
9.42404   1.59254   2.81577
9.27325   1.59685   2.80057
8.99792   1.61524   2.77771
9.12564   1.62931   2.8319
9.34749   1.65994   2.81828
9.44937   1.65622   3.00791
9.54203   1.67169   3.02979
9.50656   1.68233   2.8575
9.41396   1.70564   2.76697
9.25884   1.68767   2.93988
9.41899   1.66645   2.8036
9.45157   1.66527   2.72761
9.39241   1.66252   2.67359
9.45846   1.68226   2.88279
9.40286   1.67613   2.93726
9.37497   1.67272   2.89389
9.52598   1.69779   3.10121
9.40606   1.69018   3.14141
9.33271   1.68   3.14535
9.16592   1.66829   3.16839
9.21698   1.66862   3.13363
9.0932   1.66658   3.30092
9.36166   1.65727   3.27339
9.29572   1.66358   3.29493
9.13717   1.65866   3.14364
9.04291   1.65647   3.15082
8.95112   1.66785   2.99662
8.81068   1.65001   2.93514
8.75904   1.64114   2.9148
8.88408   1.6406   2.75127
9.06497   1.64495   2.73901
9.14568   1.66346   2.71306
9.24317   1.65687   2.76192
9.23431   1.65114   2.90317
9.11271   1.66881   2.79059
9.20551   1.64831   2.65033
9.32593   1.67038   2.57131
9.13855   1.67175   2.57813
9.33211   1.69649   2.59809
9.44488   1.70294   2.6745
9.29469   1.70919   2.73011
9.21881   1.7219   2.70072
9.52176   1.72133   2.47734
9.35474   1.73392   2.61268
9.46543   1.72997   2.584
9.11396   1.7225   2.61418
9.25836   1.70805   2.59038
9.00852   1.73804   2.64326
8.89988   1.72442   2.77044
8.9558   1.70761   2.757
9.11159   1.70522   2.8909
8.89315   1.69167   2.80156
8.96192   1.69296   2.84978
9.12271   1.69291   2.83483
9.00021   1.67685   2.71758
9.13537   1.67781   2.78536
8.98557   1.70546   2.77372
9.14071   1.68955   2.68589
9.03529   1.71398   2.79778
9.0492   1.68728   2.66872
9.06959   1.69783   2.69624
9.14624   1.7017   2.8105
8.9487   1.72827   2.86974
8.83243   1.71554   2.91155
8.74201   1.69467   2.92939
8.54958   1.69387   2.77514
8.49611   1.70545   2.74272
8.22454   1.70498   2.63601
7.98399   1.68687   2.83092
8.08041   1.71962   2.91675
8.40023   1.7213   2.77073
8.53011   1.74315   2.68532
8.4704   1.72578   2.77073
8.35312   1.71693   2.62028
8.26142   1.72043   2.44778
8.23516   1.71676   2.36384
8.28688   1.73424   2.32699
8.32586   1.72228   2.34542
8.37024   1.71782   2.18776
8.60111   1.69384   2.06991
8.47899   1.67803   2.17707
8.48215   1.69854   2.16458
8.59148   1.69102   2.24368
8.90293   1.66636   2.29733
8.82288   1.67244   2.34934
8.68824   1.65024   2.17574
8.64781   1.64312   2.09623
8.75602   1.6605   2.03076
8.78009   1.68976   1.96202
8.64388   1.69989   2.0657
8.5476   1.70442   2.01674
8.32859   1.70753   2.16318
8.0869   1.71505   2.28972
7.90267   1.69053   2.31038
7.51731   1.58478   2.22697
7.30642   1.6   2.1086
7.53799   1.6091   2.25281
7.62988   1.57723   2.28488
7.18364   1.55329   2.27653
7.1852   1.5217   2.20174
7.45077   1.50724   2.23487
7.46922   1.51488   2.4073
7.45459   1.43698   2.39047
7.22997   1.37868   2.12751
7.39   1.37483   2.04038
7.31535   1.35734   1.70178
7.54482   1.33572   1.81548
7.54875   1.35131   1.86906
7.55848   1.32771   1.84732
7.79801   1.33797   1.7352
7.64681   1.32974   1.74618
7.92349   1.29933   1.93291
7.84745   1.29648   1.91288
7.79074   1.28239   2.08106
7.86244   1.27877   2.15647
7.73034   1.28761   2.17566
7.78026   1.28349   2.10156
7.88451   1.27608   2.05684
7.98702   1.30511   2.23254
8.08903   1.31893   2.25164
7.93036   1.34957   2.37356
8.20172   1.34564   2.27925
8.32892   1.33765   2.33087
8.22137   1.35023   2.35523
8.05444   1.35272   2.3659
8.3468   1.38753   2.27255
8.43925   1.41679   2.39763
8.35835   1.42945   2.45603
8.62035   1.42551   2.50151
8.87484   1.44434   2.48265
8.78407   1.46795   2.62846
8.87755   1.47362   2.60889
9.30705   1.48198   2.54258
9.27266   1.48751   2.56862
9.1674   1.49862   2.57542
9.34962   1.49268   2.67397
9.24167   1.47366   2.75425
9.31342   1.46728   2.7869
9.44274   1.49491   2.80841
9.33094   1.49055   2.84609
9.24689   1.51404   2.82011
9.44588   1.52089   2.90083
9.77673   1.51728   2.74066
9.64569   1.51527   2.69449
9.49811   1.51352   2.71322
9.47978   1.52327   2.7675
9.54816   1.52405   2.69571
9.4871   1.52186   2.68426
9.48256   1.50664   2.683
9.52772   1.5052   2.58485
9.42616   1.52502   2.47981
9.27876   1.52288   2.39255
9.32752   1.54064   2.59254
9.57212   1.53093   2.49488
9.64664   1.54727   2.65672
9.71675   1.54593   2.5867
9.79733   1.54495   2.68512
10.027   1.54027   2.65048
9.83335   1.53803   2.66686
9.95733   1.52617   2.78554
9.96826   1.52642   2.94359
9.92739   1.52169   2.99879
9.96172   1.51459   3.0284
10.0006   1.50824   3.02659
9.96526   1.49918   2.87148
10.1137   1.50323   2.97155
10.065   1.51335   2.905
10.049   1.54038   2.96217
10.0688   1.54176   2.95934
9.97806   1.52769   2.898
10.0454   1.51646   2.81332
10.1634   1.50199   2.83438
10.3323   1.49707   2.88931
10.2246   1.50471   2.87866
10.0514   1.54156   2.90361
10.1437   1.55198   2.94863
10.343   1.58051   2.89787
10.1503   1.56944   3.04279
10.2502   1.55949   2.9599
10.2047   1.55199   3.02811
10.0415   1.56342   3.03293
10.1742   1.58558   3.00008
10.5238   1.56546   2.9947
10.4651   1.53943   2.91646
10.6813   1.52486   2.99207
10.695   1.50546   3.18038
10.8553   1.49887   3.17958
10.7869   1.49941   3.01903
10.7818   1.52154   2.95966
10.7833   1.50924   3.00765
10.8647   1.51458   3.0634
11.1513   1.48752   3.02276
11.2023   1.47354   2.94401
11.1634   1.46245   2.926
11.367   1.45791   2.98593
11.535   1.44972   3.11123
11.4743   1.45722   3.19505
11.4181   1.4715   3.26902
11.7239   1.46548   3.39781
11.6874   1.47615   3.38203
11.7073   1.48529   3.40842
11.7713   1.47723   3.40199
11.715   1.4771   3.45263
11.7535   1.48115   3.50755
11.9691   1.48145   3.29653
12.1321   1.47117   3.37791
12.109   1.47763   3.41329
11.9925   1.46273   3.36705
11.8055   1.46113   3.35287
11.8609   1.46956   3.30438
11.7668   1.45964   3.34148
11.8129   1.46773   3.28388
11.5302   1.45777   3.27705
11.2906   1.47072   3.26266
11.0318   1.48026   3.44468
10.8686   1.48696   3.34961
10.9724   1.47021   3.24869
10.7171   1.47475   3.22203
10.5707   1.47002   3.20155
10.4298   1.45832   3.23503
10.3732   1.41542   3.21532
10.0203   1.34712   3.19085
9.69504   1.34535   3.06697
9.88415   1.32928   3.18713
9.84676   1.33256   3.25078
9.89454   1.32963   3.25942
9.84831   1.32911   3.22121
9.87115   1.32781   3.25896
9.67555   1.33344   3.22457
9.66417   1.32597   3.19175
9.84965   1.31695   3.21524
9.9119   1.3139   3.07316
10.0095   1.29836   3.06886
10.2647   1.31639   3.04363
10.4222   1.34487   3.00999
10.4197   1.3529   3.24124
10.3615   1.30822   3.19459
10.2219   1.31313   3.21941
10.0414   1.33492   3.24401
10.1398   1.34588   3.22136
10.2363   1.34864   3.1843
10.3134   1.3474   3.23098
10.35   1.35861   3.2397
9.83085   1.30684   3.31538
9.88545   1.34193   3.19043
9.89734   1.33204   3.12722
9.80963   1.32945   3.12863
9.6932   1.32147   3.1045
9.88571   1.30179   3.01397
9.64482   1.31023   2.9129
9.70698   1.29308   2.89978
10.0549   1.30931   3.00899
9.87448   1.30713   2.98983
9.99122   1.28783   3.05969
9.99352   1.29179   3.23622
10.2444   1.29782   3.21767
10.2856   1.30643   3.39077
10.5015   1.26417   3.22759
10.5546   1.2486   2.96612
10.9004   1.24996   3.00679
10.6965   1.17515   3.13198
10.8767   1.15097   3.01889
11.2141   1.1539   2.89722
11.2077   1.09545   3.04064
11.0638   1.05257   3.01736
10.8706   1.0429   2.9543
10.6756   1.05818   2.75754
10.2471   1.07083   2.68484
9.92903   1.08633   2.69648
9.76638   1.10164   2.76839
9.88218   1.13465   2.86475
9.70543   1.15844   2.89238
9.43861   1.13045   2.74037
9.5949   1.12324   2.672
9.6446   1.12132   2.79149
9.76631   1.14564   2.83318
10.001   1.14539   2.70055
10.324   1.15197   2.83623
10.3133   1.1624   2.75415
9.99157   1.17041   2.71064
9.8225   1.18807   2.72902
9.70061   1.20295   2.63276
9.54945   1.19112   2.69809
9.75447   1.19344   2.69534
9.69338   1.16902   2.74203
10.0922   1.16768   2.66504
9.94883   1.15977   2.72294
9.84856   1.16163   2.63299
9.74584   1.13508   2.51718
9.86627   1.15919   2.54299
10.2406   1.14399   2.44137
10.0832   1.15037   2.47995
9.79378   1.13643   2.18543
10.0851   1.12612   2.0012
9.98629   1.14206   2.11377
10.1208   1.14006   2.1826
10.5516   1.15265   2.05014
10.4435   1.14706   2.01813
10.6319   1.13922   1.92691
10.401   1.15052   1.79399
10.48   1.13815   1.90946
10.6858   1.144   2.0461
10.9346   1.15447   1.91659
11.008   1.13871   1.85425
11.1241   1.15157   2.00136
11.0792   1.13876   2.04036
10.7139   1.1414   2.07326
10.3857   1.15615   1.94111
10.4484   1.1336   1.79498
10.4758   1.12075   1.76068
10.6768   1.08544   1.88852
10.8921   1.09951   1.99302
10.8841   1.08202   1.97473
10.8356   1.08028   1.85872
11.1439   1.06647   1.90277
11.4238   1.04992   1.87297
11.4387   1.03713   1.83089
11.3674   1.03398   1.74015
11.3758   1.03908   1.73013
11.4783   1.02129   1.61141
11.6148   1.00635   1.4387
11.2321   1.02247   1.4516
11.0147   1.02801   1.33581
11.0175   1.02105   1.29418
11.2733   1.01495   1.19505
11.3173   0.991519   1.37214
11.4902   0.978196   1.3332
11.3831   0.978474   1.19796
11.3467   0.951878   1.20059
11.2001   0.946959   1.30133
11.1699   0.947306   1.25426
11.3073   0.936225   1.43054
11.5239   0.94412   1.46496
11.604   0.939561   1.61303
11.6534   0.937834   1.52505
11.6961   0.929918   1.29997
11.8371   0.930008   1.27511
11.7868   0.926938   1.24624
12.0931   0.948382   1.10367
12.0256   0.943528   0.998547
11.6904   0.951884   1.02502
11.807   0.984733   0.856743
11.9572   0.994522   0.895124
11.7524   0.993637   0.826218
11.6789   0.9936   0.952171
11.5938   1.01233   0.783091
11.7326   0.989358   0.828858
11.5546   0.986382   0.742997
11.4525   0.959611   0.639011
11.7563   0.962352   0.528901
11.6838   0.944783   0.368151
11.3203   0.93773   0.273918
11.3572   0.940589   0.191352
11.2479   0.933801   0.319082
11.058   0.919276   0.362573
10.8684   0.896812   0.467344
10.5682   0.916063   0.149199
10.9642   0.922823   0.165824
11.0018   0.914554   0.154453
11.0021   0.925356   0.0117322
11.048   0.918973   6.04576
11.0119   0.919817   6.1405
11.2796   0.930757   6.16019
11.3493   0.929361   6.02409
11.3192   0.947686   6.02818
11.1707   0.961145   6.14318
11.0939   0.982708   6.09478
11.2994   0.979289   6.15665
11.1068   0.99723   6.12815
11.0948   1.00869   5.92648
10.9197   0.992796   5.87343
10.7562   1.00553   5.83383
10.8305   1.01418   5.74644
10.8483   1.0343   5.69054
10.6703   1.05415   5.73918
10.7127   1.08823   5.69556
10.513   1.10401   5.81676
10.5351   1.08596   5.74469
10.3659   1.10593   5.66419
10.4964   1.10653   5.73773
10.5931   1.10122   5.5942
10.5388   1.10505   5.57128
10.9363   1.11581   5.62219
11.008   1.12458   5.48222
10.7787   1.13287   5.40398
10.5319   1.12732   5.27678
10.4982   1.04301   5.36903
10.4385   1.04951   5.31838
10.381   1.02331   5.1097
10.1032   0.926965   5.23812
10.0759   0.888578   5.06924
10.2436   0.934157   5.09344
10.3371   0.92543   5.01475
10.5568   0.917028   4.96973
10.6363   0.956507   4.94734
10.5294   0.986649   4.94287
10.3499   0.939713   4.99334
10.374   0.955361   4.91971
10.1601   0.932538   4.93316
10.0008   0.933021   5.01951
10.0772   0.909043   4.91903
10.0747   0.899353   4.92853
10.0927   0.892235   4.87583
10.0828   0.914504   4.9445
10.2901   0.918698   4.96313
10.2175   0.930973   5.15267
9.9368   0.921335   4.9939
9.91535   0.932543   4.98646
10.226   0.923233   4.99956
10.2454   0.927574   4.84439
10.4403   0.921944   4.99117
10.19   0.916999   4.97085
10.2009   0.938106   4.83981
10.1919   0.94551   4.89496
10.2151   0.932445   4.82296
9.9759   0.952817   5.06843
9.48696   0.918245   5.02943
9.51018   0.91921   5.00388
9.5524   0.954537   5.12134
9.59285   0.930274   5.00849
9.65957   0.920385   4.87244
9.497   0.957776   4.91305
9.6509   0.922005   4.80254
9.6196   0.924694   4.88273
9.55698   0.906882   4.80526
9.34832   0.918348   4.90765
9.50988   0.953472   4.81811
9.26682   0.938189   4.87945
9.32626   0.964937   4.89526
9.32127   0.987144   4.98301
9.29322   0.987834   5.09821
8.6663   0.9628   5.06719
8.57897   0.962644   5.00063
8.633   1.01759   5.04462
8.80997   1.05239   5.2886
8.68389   0.999748   5.57069
8.59111   0.979941   5.61904
8.55372   0.957503   5.62446
8.6043   0.938089   5.63736
8.35309   0.950501   5.56693
8.44362   0.96444   5.61384
8.28548   0.968049   5.38291
8.21708   0.957296   5.57137
8.45671   0.977091   5.67939
8.69626   0.973974   5.59182
8.82824   0.978948   5.5312
9.00432   0.944035   5.40766
9.39808   0.921674   5.4785
9.67662   0.903597   5.50443
9.7075   0.935332   5.37691
9.55009   0.944638   5.54866
9.09874   0.92151   5.48451
9.01231   0.960243   5.45757
9.07256   0.944655   5.54489
9.17411   0.920071   5.57216
9.36024   0.934185   5.68721
9.35893   0.961535   5.62623
8.39788   0.879027   5.4779
8.7576   0.87245   5.56031
8.34937   0.900508   5.56314
8.3521   0.897778   5.58601
8.37832   0.901854   5.44944
8.28302   0.869925   5.42969
8.42694   0.823273   5.32792
8.84108   0.830425   5.22403
8.61165   0.841955   5.43198
8.61813   0.862519   5.41452
8.80585   0.850328   5.52928
8.85577   0.884441   5.3896
9.05279   0.927294   5.34146
9.00794   0.899468   5.30712
9.24147   0.901839   5.14549
9.3579   0.938052   5.26285
9.38934   0.947527   5.33371
9.15696   0.891392   5.23556
8.8769   0.890844   5.12333
8.89612   0.848308   5.20802
8.6501   0.859113   5.27738
8.37352   0.932597   5.22641
8.37237   0.957037   5.30555
8.52909   0.945257   5.31268
8.32399   0.931962   5.2338
8.00615   0.955874   5.22869
8.14882   0.965799   5.11004
7.64609   0.947664   5.17162
7.66876   0.905556   5.16483
7.57021   0.873538   5.16398
7.51159   0.83157   4.9665
7.08495   0.83071   5.01166
7.22288   0.823942   5.16161
7.04138   0.806974   5.35577
7.41551   0.828338   5.77166
7.1504   0.804283   5.62628
7.31817   0.743422   5.68386
7.01409   0.734755   5.55935
7.4362   0.791087   5.47421
7.43475   0.774958   5.65145
7.26299   0.813041   5.79463
7.45155   0.847526   5.97287
7.74343   0.900841   6.13821
7.92508   0.890438   6.26794
7.80908   0.826937   6.21025
7.93519   0.804614   0.225945
7.41128   0.804329   0.164782
7.27879   0.862083   6.17309
7.50597   0.901757   6.07386
7.61068   0.876384   0.242607
7.66283   0.920027   0.159772
7.53037   0.911318   0.193567
7.63787   0.891321   0.2337
7.61066   0.894475   0.550396
7.6121   0.86508   0.470302
7.462   0.846454   0.349621
6.88395   0.873844   0.116559
7.04306   0.878823   0.495112
7.35499   0.907817   0.308941
7.56865   0.861394   0.164992
7.57348   0.870607   0.421332
7.61974   0.885295   0.165336
7.83567   0.89865   0.346416
7.51718   0.879799   6.19288
7.45688   0.894829   5.87535
7.12223   0.897952   6.25936
7.78124   0.876984   0.238124
7.9352   0.868905   0.205279
7.79588   0.867682   0.450215
7.79944   0.915244   0.736092
7.45024   0.892387   0.62594
7.38256   0.925851   0.87715
7.4903   0.953965   0.924583
6.89858   0.963754   0.881514
7.05484   0.974274   0.904431
6.45451   0.954099   0.854382
6.02778   0.91512   0.754285
6.11342   0.963239   0.689753
6.03315   0.97135   0.742261
6.1506   0.932051   0.896767
5.903   0.933671   0.988706
5.49967   0.897216   0.846843
5.43127   0.923967   0.757459
5.19863   0.932136   0.713661
4.86647   0.986924   0.966876
4.86157   0.987177   1.30576
5.4771   1.01927   1.12117
5.39444   0.98026   1.0171
5.32311   1.0007   1.24482
5.70339   0.981284   0.920227
5.65087   0.983341   1.06701
5.60427   1.03188   0.918347
5.84415   1.02167   1.16299
5.85726   0.984779   1.05845
5.9125   0.980914   0.90551
5.93191   0.973222   1.00495
5.32933   0.970086   0.950421
5.08597   0.915975   0.80066
5.20696   0.976861   0.935392
5.08336   0.938916   0.534414
5.42366   0.959393   0.663389
5.26438   0.952013   0.647989
5.16177   0.97414   0.791669
5.07144   1.01736   0.683739
5.20015   1.00296   0.648188
5.18011   1.00566   0.718406
4.93423   0.965318   0.907276
4.96513   0.953778   0.968816
5.22259   0.882924   1.14439
4.963   0.846618   0.844663
4.63991   0.861117   0.510385
4.50291   0.92963   1.06214
4.857   0.814636   0.843113
3.94068   0.868415   0.730166
4.64881   0.890042   0.719111
5.15225   0.92814   0.826259
5.21421   0.874127   0.353881
5.54823   0.807486   0.406147
5.35743   0.747072   0.562875
5.56575   0.752425   0.637203
5.27206   0.734585   0.433451
4.85998   0.765609   0.493454
5.25954   0.831163   0.346753
5.34727   0.798424   0.536688
5.19616   0.808524   0.75651
5.24894   0.826592   0.861442
4.81094   0.75852   1.57394
5.10933   0.790337   1.61794
5.28215   0.763306   1.68674
5.19046   0.774715   1.78632
5.10405   0.747648   1.69937
5.2809   0.802049   1.88142
5.1128   0.824508   1.85909
5.32971   0.82673   1.49933
5.23856   0.794387   1.55226
5.06416   0.804639   1.18039
4.98822   0.871422   1.45383
4.76484   0.812654   1.41446
4.30346   0.853498   1.39216
4.07412   0.849923   0.820013
4.12635   0.815675   1.31142
3.99151   0.852988   1.66835
4.5981   0.94291   1.43762
5.2406   0.913677   1.69135
4.97603   0.940637   1.57903
5.36607   0.941067   1.17852
5.51031   0.887457   0.698207
4.83706   0.884016   0.350283
5.08839   0.884083   0.543059
4.99099   0.784433   0.872643
4.94061   0.768439   0.760803
4.82071   0.790335   0.923836
5.24031   0.796336   0.648227
5.50074   0.763231   0.691297
5.87567   0.767039   0.349915
5.1901   0.840767   0.358141
5.01811   0.911402   0.479628
5.06015   0.937189   0.63467
4.48392   0.965969   0.997368
4.45863   0.940103   0.705131
3.68982   0.94917   0.551174
4.30531   0.967177   0.723309
3.88445   1.02074   0.752615
4.01858   1.08373   0.648049
4.33847   1.1391   0.600587
4.26322   1.17131   0.510353
3.78659   1.12021   1.13221
3.90124   1.16271   1.46306
4.09872   1.117   0.95154
4.78103   1.04759   1.15525
4.51652   1.0974   0.987734
5.10942   1.15425   0.621357
5.17045   1.09747   0.653706
4.93707   1.11519   0.861832
4.5035   1.11227   0.761132
4.29611   1.16533   0.87069
4.13753   1.15733   1.25942
4.08251   1.16526   1.45222
4.26304   1.17901   1.50294
4.2668   1.20033   1.62371
3.92418   1.19237   1.26448
4.24731   1.18238   0.791614
4.22677   1.15274   0.214841
4.37496   1.18006   0.100418
4.41268   1.16426   0.0387433
5.03171   1.19404   6.19824
4.59113   1.21443   5.98294
4.93865   1.19246   0.240118
4.96639   1.19907   0.625737
4.94835   1.20663   1.0979
4.47234   1.27946   1.01183
4.87514   1.26698   1.06852
4.24299   1.32506   1.41522
4.50033   1.37291   1.59699
5.05815   1.4298   1.6359
4.87794   1.45245   1.31399
5.10616   1.46011   1.38601
5.14228   1.48183   1.242
5.18693   1.50921   1.42631
5.27957   1.52748   1.23483
5.48942   1.5627   0.708755
5.25993   1.55012   0.641106
5.20288   1.56485   1.03802
5.4134   1.55442   0.677418
5.54178   1.55166   0.636261
5.76218   1.62609   0.719527
5.50869   1.62352   0.601498
5.31492   1.68625   0.251474
4.93855   1.6354   0.600032
4.8421   1.67551   0.966534
4.68885   1.63484   0.762624
5.34548   1.67666   0.694608
5.72222   1.72249   0.365506
5.47736   1.74015   0.715323
5.47207   1.76311   1.12678
5.38933   1.71472   0.679098
5.64229   1.72196   1.13931
5.706   1.72478   1.19633
5.33889   1.65965   1.61296
5.3637   1.63583   1.69956
5.50473   1.62656   1.52334
5.08494   1.6195   1.29118
5.00745   1.64038   1.10108
5.02145   1.7005   0.999623
5.08719   1.69949   0.939395
4.98681   1.70838   0.802424
5.3928   1.6924   1.01548
5.14172   1.71117   0.932744
5.06467   1.72325   0.826247
4.72523   1.69063   0.300229
4.73039   1.67238   0.396777
4.83499   1.63749   0.47564
4.80048   1.57983   0.605103
5.29114   1.5207   0.69596
5.07129   1.561   0.668169
5.47363   1.55599   0.599641
5.20517   1.593   0.55616
5.30226   1.64242   0.20132
5.16365   1.65461   5.8541
5.38556   1.65888   5.64427
5.50246   1.64115   5.63527
5.56854   1.61152   5.46768
5.67982   1.62767   5.35778
5.65133   1.59989   5.34912
5.69756   1.63206   5.31421
5.61738   1.6383   5.14421
5.86631   1.62935   5.17234
5.88808   1.68406   5.29682
5.97247   1.70249   5.73709
5.94423   1.72049   5.74357
5.76143   1.69959   5.58648
5.65361   1.70801   5.66776
5.68808   1.69747   5.744
6.04914   1.71874   5.7811
6.43646   1.71284   5.8842
6.46728   1.71242   5.90378
6.72544   1.75527   6.16876
6.44299   1.68589   5.9944
7.11928   1.70766   5.78303
6.96745   1.60096   5.95792
6.97996   1.56347   6.11253
6.61001   1.50439   6.13402
6.64989   1.51735   6.25196
6.89175   1.4805   0.00749567
6.53299   1.3972   6.16359
6.26736   1.37959   6.10349
6.28021   1.37226   0.0721131
6.39467   1.3625   0.234563
6.58941   1.31994   6.26767
6.31364   1.3431   0.116666
6.00065   1.32936   6.24679
6.08958   1.3212   0.225427
6.25525   1.3523   0.256592
5.9442   1.32666   6.23178
6.22236   1.33488   0.0545569
6.24528   1.33967   6.10377
6.15292   1.41655   6.14221
6.11647   1.44029   6.24814
6.09027   1.39285   0.0129517
6.52851   1.36848   0.119022
6.35322   1.36945   6.25646
6.34638   1.3433   0.0954274
5.83547   1.31827   6.18961
5.7848   1.28882   6.13656
5.76147   1.31955   6.23268
5.55016   1.3432   6.07913
5.81845   1.36524   6.18852
5.8137   1.35646   6.24053
5.65603   1.34531   5.95962
5.74696   1.36245   5.64812
5.92484   1.35557   5.78773
6.08778   1.31462   5.6621
5.73829   1.32817   5.92098
5.70963   1.33656   5.84458
5.46254   1.38076   6.04683
5.52568   1.39141   6.11432
6.07603   1.38436   6.19804
6.05426   1.35244   6.21228
6.33061   1.32487   0.201313
6.1041   1.30816   0.169082
6.21009   1.2829   0.38126
6.2362   1.34787   0.457307
6.66112   1.32793   0.259211
6.93517   1.30645   0.304375
6.47814   1.15128   0.494513
6.60059   1.14392   0.682124
6.56919   1.1441   0.481044
6.8224   1.15473   0.12322
6.71081   1.13597   6.03361
6.87822   1.11751   5.99341
6.9709   1.17322   0.0586753
6.82709   1.16961   0.070492
7.10198   1.17056   0.0522693
6.79375   1.17119   0.0216528
7.10233   1.18103   0.134414
6.96612   1.16875   0.272526
6.66525   1.15405   6.1817
6.47759   1.13543   6.06764
6.23594   1.12344   0.0491597
6.03679   1.1396   0.220507
6.26199   1.12851   0.15507
6.40353   1.08817   0.663379
6.25358   1.05994   0.743247
6.21282   1.01216   1.03496
6.04282   1.00261   1.07903
5.65509   1.04086   1.20215
5.76845   1.08467   1.14549
5.97694   1.09667   1.21993
5.65048   1.1105   1.09268
5.43078   1.10856   0.870057
5.53601   1.07922   0.993655
5.35861   1.08521   1.06188
5.34813   1.13249   1.2129
5.62942   1.10752   1.24703
5.63   1.1196   1.57017
5.69632   1.16377   1.58646
5.76192   1.16123   1.88363
5.82853   1.14884   1.71957
5.63141   1.12304   1.17727
5.96485   1.12264   0.861506
5.81048   1.09372   0.956791
5.77125   1.11117   0.969449
6.19833   1.08457   0.886168
6.46172   1.08781   1.00729
5.96698   1.05426   1.0856
5.85647   1.05855   0.852232
5.90453   1.06175   0.887304
5.79085   1.05173   0.637542
5.63753   1.10729   0.740271
5.40099   1.13853   0.454362
5.37476   1.12089   0.938123
5.51124   1.09575   1.3267
5.44966   1.07642   1.67452
5.0792   1.10232   2.0921
5.04446   1.11551   1.80468
5.11194   1.07486   1.50897
5.02553   1.0619   1.70698
5.03464   1.08256   1.51582
4.87448   1.0882   1.1872
4.51646   1.1073   1.48192
4.87794   1.12638   1.60233
5.37596   1.17731   1.60935
5.55187   1.10607   2.00432
5.44655   0.99631   1.74621
4.75044   0.984993   1.68622
4.46299   0.996377   1.56339
4.74484   0.974898   1.54322
4.42471   1.03761   1.10649
4.63013   0.987813   1.18125
4.45623   1.00426   0.905815
4.55246   0.965871   0.809223
4.45627   1.00709   1.29746
4.89131   1.02092   1.29906
4.7983   1.06144   1.83784
4.10965   1.08339   2.12688
3.47229   1.0762   2.27392
3.70585   1.10868   2.89779
3.46833   1.23466   2.53265
3.73997   1.24512   2.70782
3.6435   1.13236   3.06964
3.7734   1.06885   3.53365
3.22937   1.0928   3.48897
3.05768   1.08639   3.76185
2.35607   1.15413   3.4853
2.66781   1.11493   2.89291
2.97221   1.0548   2.8327
3.25294   1.05755   2.67793
2.89559   1.16588   2.95168
2.85786   1.19607   3.74973
2.54413   1.167   3.49787
3.22791   1.17868   3.20995
3.16104   1.14924   3.51862
2.56449   1.19046   3.44417
3.01402   1.19346   3.94008
3.00552   1.19887   4.42937
2.68594   1.33805   4.5009
2.59978   1.31669   4.28573
1.83865   1.08432   3.76439
0.83878   1.42305   5.10044
2.39007   1.32676   4.51414
2.75844   1.25644   4.72036
3.34391   1.27103   4.31034
3.01648   1.26785   4.02207
3.24665   1.13683   4.49384
3.3545   1.06922   4.25916
3.50152   1.00861   4.39649
4.19886   0.99218   4.81041
3.79181   1.03466   5.11854
3.74413   1.10612   5.36335
3.1626   1.12513   5.42861
2.97879   1.07671   5.59475
3.32276   0.985619   5.04612
3.86969   0.830622   4.44509
3.94996   0.946631   4.05172
3.0629   0.990514   3.88593
2.87808   0.947469   4.96297
3.69465   1.04922   4.81583
4.10826   0.97296   4.71203
3.85577   0.889835   4.74877
3.8547   1.0805   3.973
3.12142   0.986361   3.79803
3.8486   1.04745   4.29077
3.85193   1.06743   3.90239
3.6185   1.03718   4.02121
3.51631   0.997861   3.67802
3.27345   1.04455   3.14376
3.56098   1.06926   2.81589
2.7654   1.02674   3.30104
2.57377   1.02749   3.27637
2.21549   1.06522   3.05593
3.31226   1.08607   3.51797
3.66784   1.01867   3.63207
2.53189   0.992837   3.71066
2.82152   1.14228   3.50818
2.44243   1.08405   3.7008
1.59036   1.0693   4.05134
2.34101   1.08719   4.53057
2.9241   1.07066   4.25373
2.78999   1.01859   4.6364
2.98718   0.996203   4.66423
2.49114   0.861686   4.66835
2.08409   1.04477   4.90399
2.62546   0.897839   4.83363
3.04242   0.945341   5.56944
2.60755   1.01501   5.33341
3.04397   1.06423   5.06753
4.01746   1.0372   4.73235
3.87572   0.930813   4.80406
3.81722   0.899465   4.75357
3.36071   1.04231   4.54871
3.44858   0.964853   5.00029
2.50046   0.898889   4.98969
2.00286   0.764893   4.20774
2.36571   0.940546   4.04388
2.29823   0.72325   3.25835
4.3492   0.65174   2.68083
4.47633   0.753938   3.06253
4.4287   0.773904   2.79683
3.96714   0.865102   2.63506
3.61889   0.831429   2.14955
2.8162   0.870341   1.40907
3.22977   0.860263   1.21474
3.27836   0.784625   1.54344
3.52734   0.700539   1.08402
3.54994   0.604917   1.13651
3.12125   0.336966   0.818523
2.02861   0.377026   1.32712
1.83792   0.382634   1.33351
3.64371   0.321948   1.33879
4.72998   0.363684   1.46564
6.05262   0.365812   1.53034
6.89156   0.398967   1.61008
6.80696   0.446233   1.56673
7.65506   0.427539   1.43245
7.824   0.460318   1.40368
7.97011   0.507341   1.3465
8.15148   0.557373   0.887864
8.19773   0.544429   0.59359
8.25812   0.584974   0.597752
7.87791   0.661181   0.18377
8.34951   0.694806   0.582107
7.93293   0.691834   0.867152
8.58742   0.747083   1.25129
9.16909   0.753546   1.37169
9.62794   0.800572   1.41534
9.51565   0.776824   1.46196
9.94216   0.765589   1.67983
9.76703   0.754505   1.68822
10.0915   0.767828   1.52696
10.0535   0.782093   1.52016
10.2901   0.801175   1.59974
10.4668   0.758014   1.7998
10.932   0.791467   1.85648
10.8868   0.777267   1.88374
11.2931   0.714968   2.103
11.1163   0.6487   2.03798
10.4052   0.612065   1.96303
9.90189   0.573576   2.04016
10.8087   0.545331   2.19419
10.9128   0.601863   1.91131
11.4844   0.586136   1.50424
11.7235   0.598548   1.68527
11.6662   0.636356   1.75889
11.4873   0.613727   1.50559
11.692   0.648599   1.74854
11.5548   0.681661   1.35382
12.2062   0.646335   1.17893
12.4162   0.613413   1.02158
12.886   0.579113   1.22751
13.5467   0.604344   1.12663
13.3569   0.626841   0.986641
13.3326   0.637597   1.12086
13.3573   0.636274   1.30428
13.2595   0.620104   1.39335
13.689   0.639045   1.43081
13.5709   0.663938   1.28397
14.0722   0.687088   1.47424
14.0345   0.725697   1.68497
14.1112   0.741182   1.84975
13.7749   0.73276   1.98415
13.87   0.714369   1.94053
13.7902   0.695965   2.05484
13.658   0.712186   2.26208
13.5031   0.727166   2.15807
13.5904   0.769703   2.18074
13.6861   0.738875   2.2332
14.0392   0.717094   2.07493
14.0473   0.72334   2.1787
13.9409   0.763014   1.96893
13.6155   0.738771   2.01469
13.6464   0.746494   1.6968
13.3807   0.701679   1.64064
13.3832   0.689795   1.35602
13.8058   0.699622   1.28195
13.7017   0.743146   1.34672
14.1287   0.744109   1.30926
14.2105   0.731746   1.21496
14.126   0.721953   1.27987
14.6158   0.728246   1.3195
14.7235   0.722871   1.3018
14.7561   0.703814   1.50317
14.2863   0.691945   1.62781
13.9037   0.7332   1.55184
14.4529   0.737874   1.4859
14.3205   0.747547   1.49045
14.2874   0.771229   1.64933
14.5633   0.824005   1.54699
14.5366   0.828263   1.54627
14.697   0.80968   1.80958
14.767   0.784185   1.75267
14.9822   0.808565   1.72814
14.6684   0.821756   1.5853
14.925   0.823556   1.88658
14.915   0.845842   1.71472
14.3229   0.853742   1.80089
14.7598   0.841292   1.70091
14.1846   0.884134   1.63427
14.1293   0.865871   1.59231
14.0114   0.840933   1.51946
13.9892   0.823701   1.40536
14.0208   0.840244   1.40691
14.1616   0.816553   1.47869
14.3708   0.853613   1.42571
14.5961   0.865577   1.53177
14.0984   0.884749   1.61992
13.8968   0.892602   1.7204
14.0443   0.921474   1.62078
14.4588   0.940865   1.67253
14.7285   0.931114   1.86171
14.7981   0.935926   2.09942
15.3264   0.953345   2.08373
15.0426   0.944007   1.92322
14.5765   0.937505   1.82172
14.8556   0.963132   1.62377
14.6662   0.988227   1.46012
14.8265   0.975749   1.47936
15.0239   0.969128   1.65494
15.3315   0.969074   1.71815
15.0411   0.962526   1.7323
15.3869   0.965516   1.82391
15.1979   0.944224   1.94448
15.1255   0.947405   2.06259
14.8588   0.957611   2.18274
14.9969   0.962557   2.24447
14.7303   0.974596   2.33988
14.5499   0.989676   2.41372
14.2524   0.97617   2.27741
14.3727   0.972147   2.36659
14.123   0.946893   2.52176
14.4381   0.937181   2.56698
14.312   0.942451   2.50606
14.2125   0.928913   2.54058
14.3442   0.932158   2.47623
14.1534   0.94536   2.33013
13.9696   0.94044   2.24402
14.1885   0.937717   2.3882
13.8957   0.936873   2.40333
13.9739   0.964274   2.37315
13.9648   0.960491   2.30753
13.5922   0.969978   2.37466
13.428   0.98977   2.33461
13.3666   0.978512   2.40905
13.0297   0.974916   2.40482
13.0416   0.915972   2.66227
13.0108   0.881539   2.56824
13.068   0.898485   2.52012
12.6835   0.913021   2.50456
12.4826   0.892369   2.62255
12.082   0.848618   2.60112
12.3763   0.876219   2.66957
12.4337   0.86208   2.92106
12.6924   0.866927   3.20186
13.1421   0.855533   3.10217
13.3742   0.827277   3.07175
12.7909   0.829001   3.13285
13.4179   0.889378   3.40545
13.2013   0.862982   3.35173
13.1203   0.854353   3.43948
13.1551   0.867483   3.40519
13.5337   0.837832   3.49927
12.9647   0.887086   3.6545
12.9272   0.947321   3.53423
12.8886   0.943657   3.44662
12.8801   0.975563   3.42701
12.7496   0.995889   3.57128
12.5798   1.0395   3.82298
12.1694   1.06759   3.9193
11.5452   1.05868   4.11672
11.2122   0.989565   4.14088
10.8708   0.919333   3.999
11.3101   0.909998   3.97311
11.6618   0.861415   4.13563
11.9705   0.850519   4.09665
12.1537   0.882638   4.13726
12.0975   0.861411   4.36267
12.0846   0.870986   4.38063
12.2468   0.879856   4.59245
12.2251   0.868701   4.63725
12.6008   0.892314   4.55475
12.6542   0.87068   4.42932
12.8761   0.835944   4.32504
12.8632   0.821217   4.25152
12.7845   0.844127   4.09139
12.5096   0.856257   4.07745
12.6844   0.890784   3.76614
12.6054   0.957114   3.83711
12.7491   0.971673   4.04364
12.6072   0.966284   3.92961
12.7415   0.928634   3.91967
12.6246   0.959589   3.84605
12.4848   0.961291   3.85189
12.4999   0.956181   3.76524
12.5223   0.949526   3.74474
12.7081   0.953885   3.84735
12.4028   0.962776   3.72046
12.7035   0.976866   3.71778
12.8254   0.954768   3.77611
12.848   0.976977   3.70075
12.7214   1.00145   3.81552
12.7604   0.984571   3.76835
12.7182   0.982215   3.78589
12.9313   1.0195   3.75613
12.9392   1.02063   3.57813
12.8754   1.04752   3.57084
12.4962   1.07168   3.37679
12.9121   1.01843   3.43199
13.0586   1.01389   3.48675
13.063   1.02703   3.47066
12.6116   1.03729   3.43537
11.9892   1.03199   3.32284
12.0076   1.03986   3.15148
11.8265   1.00113   3.1808
11.7466   0.98567   3.07579
10.974   0.943202   3.27181
11.1691   0.91791   3.20157
10.7815   0.972613   3.25403
11.2755   0.987261   3.1185
11.3209   0.986973   2.97646
11.1184   0.957433   3.04214
11.3683   0.908232   3.15479
11.6077   0.95351   3.26811
11.5752   0.932718   3.13103
11.8439   0.928496   3.10746
11.5441   0.908287   3.22196
11.3518   0.90149   3.55215
11.2468   0.852403   3.62995
11.3772   0.83213   3.65933
11.3063   0.85986   3.71263
11.1435   0.852665   3.50775
11.0533   0.813094   3.25647
10.9751   0.839969   3.12413
11.1404   0.821407   3.1607
10.8748   0.857423   3.39005
10.5747   0.894039   3.40372
10.704   0.910574   3.14931
10.6672   0.945367   3.2075
10.4401   1.02366   3.51182
10.5427   1.07464   3.31681
10.7355   1.08832   3.20345
10.5818   1.10773   3.30816
10.5281   1.10896   3.33822
11.165   1.12954   3.24501
10.5927   1.07439   3.28414
10.5057   1.0578   3.12657
10.0767   1.06704   3.24607
10.3035   1.05924   3.43014
9.86714   1.11297   3.53986
9.51876   1.11152   3.18225
9.36796   1.13576   3.24063
9.48488   1.1894   3.22922
9.33459   1.20866   3.11117
9.2561   1.18293   2.82411
9.11682   1.17232   2.72557
9.28108   1.18521   2.80219
9.03752   1.20966   3.02219
9.30663   1.21132   3.13697
9.49346   1.20521   2.93675
9.65996   1.17299   2.973
9.49344   1.13208   3.07834
9.11698   1.17801   2.89101
8.55835   1.15975   2.97217
8.10266   1.13005   3.13391
7.82982   1.14192   3.02166
8.32612   1.08499   3.17204
8.32699   1.09182   3.164
8.91748   1.05058   2.9998
9.46836   1.05165   2.97253
9.26006   1.03937   2.64807
8.87278   1.05185   2.93641
8.84174   1.07714   2.96603
8.996   1.09977   2.87642
9.22929   1.08271   3.11615
9.09701   1.12087   3.20239
9.24404   1.11079   3.50638
9.08777   1.1374   3.49989
9.04107   1.12347   3.75726
9.47507   1.13972   3.78887
9.42462   1.13561   3.85481
9.2547   1.12222   3.90153
9.13818   1.13891   4.05213
8.85139   1.15202   4.11159
8.5536   1.16557   4.32694
8.45368   1.15352   4.31019
8.23897   1.16149   4.38588
7.82961   1.17193   4.49595
7.46194   1.19664   4.48065
7.64404   1.16913   4.42782
7.80456   1.14733   4.61403
7.60251   1.17057   4.72875
7.98139   1.16689   4.92461
8.05625   1.15654   4.8785
7.67328   1.19328   5.34772
7.92081   1.20219   5.54211
7.98333   1.20832   5.18751
7.83125   1.19799   5.31175
7.70922   1.2098   5.48301
7.57071   1.21768   5.57413
7.36053   1.25311   5.6234
7.11008   1.26894   5.73675
7.06058   1.29413   5.45662
7.26128   1.33001   5.71167
6.6454   1.35315   5.61503
6.6731   1.3599   5.39231
7.05588   1.40755   5.35833
7.34809   1.40496   5.3323
7.25995   1.3852   5.35888
7.1057   1.41244   5.3231
7.28565   1.39566   5.20741
7.47104   1.38156   5.0656
7.70369   1.4112   5.00792
7.98104   1.41547   5.23526
8.64874   1.43455   5.40301
8.57673   1.44107   5.1423
8.72129   1.43854   4.96569
9.00553   1.41371   5.03756
9.14393   1.35745   5.04095
9.08968   1.34997   4.973
9.19809   1.36195   4.71702
9.64861   1.33024   4.7397
9.80396   1.34129   4.75127
9.70371   1.30474   4.72225
9.74139   1.30709   4.82181
10.0307   1.29535   4.93715
10.4812   1.27535   5.0574
11.0375   1.26657   5.01014
10.8839   1.21379   5.11751
10.9418   1.13913   5.35535
10.8763   1.16059   5.2264
11.0894   1.14758   5.28234
10.8239   1.12383   5.12377
10.5006   1.09407   5.24714
10.3602   1.03248   5.34497
10.1946   0.990334   5.36903
9.7986   0.962208   5.35146
9.02941   0.912816   5.41832
8.48   0.961566   5.43451
9.29108   0.974768   5.49012
8.83153   0.915927   5.47775
8.87281   0.853271   5.73723
8.75227   0.829925   5.40579
9.19401   0.842202   5.27136
9.11756   0.844358   5.16842
9.24907   0.846521   4.91924
9.28891   0.896472   4.80121
9.11075   0.887812   4.6351
9.12013   0.844516   4.59072
8.86106   0.848364   4.71082
9.32861   0.82139   4.47912
9.04438   0.775365   4.6839
9.15924   0.745903   4.98134
8.98943   0.711314   5.23616
8.64613   0.690558   5.54891
8.2009   0.717362   5.27502
7.66995   0.710135   5.39465
7.24811   0.686663   5.35567
7.67698   0.718931   4.869
8.72158   0.758796   5.05228
8.06404   0.793292   5.2763
7.56274   0.80828   5.21981
7.37633   0.761732   5.28296
7.38521   0.766801   5.47799
7.61177   0.822571   5.74553
7.62993   0.851926   6.06572
8.12966   0.880565   0.234043
7.60297   0.91374   5.99258
7.2005   0.978494   5.90377
7.12503   0.982667   5.75893
7.43687   0.92507   5.25059
7.68066   0.96315   5.28514
7.35683   1.01775   5.22232
6.93592   0.972053   5.13807
6.69159   0.994795   5.13344
6.43304   0.989024   5.12768
6.25029   0.993495   5.49435
6.0371   1.06247   5.78656
6.02499   1.10486   5.41816
6.43066   1.08466   5.43492
6.48656   1.10376   5.35891
7.12828   1.0963   5.34032
6.93116   1.06225   5.52342
6.78413   1.05398   5.98491
6.81498   1.08621   5.95773
7.41356   1.09805   5.88688
7.25398   1.11062   5.58225
7.51834   1.09058   5.89859
7.14133   1.07829   6.1204
7.45786   1.06025   6.08491
8.05505   0.999412   0.00845268
7.44981   0.944279   6.17463
7.28717   0.956216   0.17097
7.69812   0.983883   0.163198
6.99241   0.91178   0.452693
6.30404   0.8513   0.532597
7.00213   0.83538   6.22327
7.25457   0.738621   6.23492
6.99046   0.67985   0.0879638
7.03581   0.728252   5.82366
7.01272   0.717673   6.03575
7.1429   0.699144   6.03236
7.95577   0.72037   5.9356
8.03218   0.731169   5.68239
7.83605   0.766112   5.83394
7.64069   0.766232   6.0825
7.51997   0.701003   0.346493
7.79124   0.722729   0.155828
8.13667   0.691688   6.23241
8.68491   0.684505   0.497334
8.56915   0.637998   0.486466
9.0412   0.591369   0.679865
8.88599   0.618718   0.930232
9.33724   0.625984   0.883128
9.26692   0.630045   0.653071
9.22459   0.639432   0.156662
9.27083   0.638875   0.510083
9.34205   0.591124   0.12143
9.83806   0.6257   0.0134331
9.39502   0.658398   0.239157
9.74618   0.633965   0.284818
9.59385   0.625191   0.248417
9.7418   0.661447   0.312753
10.6542   0.686538   0.129505
11.2253   0.733595   0.169171
10.3454   0.773088   6.21298
10.508   0.780083   6.20194
10.6117   0.809973   5.96641
10.8464   0.787566   5.77938
10.1875   0.853736   5.67053
10.1822   0.86471   5.54545
10.5371   0.915183   5.69913
10.9097   0.94738   5.73678
11.2315   0.91592   5.81018
11.0292   0.937973   5.71485
10.6611   0.94431   5.81347
10.4642   0.963015   5.62709
10.9158   0.981467   5.66469
10.6592   0.99062   5.68228
10.1514   0.951224   5.71181
10.6221   0.937938   5.7137
10.6485   0.905174   5.5166
10.2478   0.861417   5.50649
10.5558   0.90146   5.58665
10.0402   0.882899   5.90297
10.1079   0.838157   5.99586
10.1475   0.883331   6.04299
9.89913   0.87783   6.0043
9.44769   0.920357   6.27317
9.53592   0.983814   0.0168369
9.37224   1.01492   0.330229
9.4695   1.01373   0.403113
9.78646   1.0398   0.25677
9.44425   1.03403   0.464815
9.07388   1.05057   0.81682
8.8937   1.02303   0.87963
9.46349   0.983737   1.0084
9.55309   0.970612   0.697358
9.33725   0.947139   0.776687
9.28007   0.899074   0.638841
9.58235   0.924457   0.809655
10.0361   0.979065   0.772686
10.4664   0.978283   0.636326
10.6003   1.00985   0.707696
10.9271   1.0338   0.762487
10.7642   1.06848   0.720845
10.9919   1.07834   0.863294
11.085   1.09583   0.794225
11.1908   1.09535   0.846537
11.5156   1.1322   0.671699
11.6535   1.14073   0.663741
11.2837   1.13622   0.790934
11.5203   1.16129   0.650852
11.1192   1.15744   0.683234
11.0749   1.15947   0.742265
10.8947   1.17213   0.456415
10.5544   1.17723   0.346203
10.5559   1.13934   0.248782
10.6369   1.09994   0.321926
10.9674   1.10326   0.129893
10.9299   1.0503   6.26003
10.9392   1.03755   0.251949
10.5573   1.05934   0.441248
10.6676   1.07021   0.459843
10.6722   1.0963   0.25636
10.5915   1.10478   0.35464
10.4623   1.11698   0.430327
10.3119   1.14042   0.122924
10.1741   1.17519   0.447463
10.0714   1.18831   0.511888
10.0636   1.21971   0.226347
10.1246   1.21068   0.596549
10.5151   1.23057   0.413584
10.6961   1.23312   0.186243
10.89   1.23779   0.258279
10.6535   1.23554   0.408235
10.9204   1.23321   0.555036
10.4554   1.21414   0.319519
10.3487   1.23126   0.267575
9.9637   1.2276   0.266782
9.9369   1.24204   0.463358
9.3102   1.20953   0.529317
9.18739   1.17835   0.900203
8.96992   1.19185   1.12335
8.58716   1.16922   1.08898
8.74643   1.18729   0.779938
8.86108   1.08651   0.787487
8.95167   1.09284   0.854995
9.26306   1.08898   0.828272
9.86502   1.10181   1.02791
9.97466   1.09261   1.32233
10.1421   1.0589   1.52591
10.4147   1.07713   1.3302
10.1583   1.07003   1.6352
9.50072   1.01537   1.83696
9.21986   0.984012   1.85187
9.56829   0.981089   1.77166
9.84938   0.958993   1.95447
9.91037   0.958336   2.01089
9.67801   0.986056   1.9997
9.69835   0.932854   2.13814
10.0651   0.848918   2.19225
10.1664   0.832083   1.94927
10.6903   0.835564   2.10191
10.3254   0.835123   2.13047
10.5228   0.894966   2.40563
10.8916   0.919899   2.48097
10.768   0.921212   2.49609
10.6093   0.938318   2.55453
10.7993   0.969554   2.7986
11.0838   0.965129   2.84587
10.7797   1.02975   2.71249
10.381   1.01472   2.81408
10.6599   1.01612   2.76452
10.751   0.98343   2.81914
10.7912   1.03433   2.89217
10.8418   1.02166   2.9195
11.2764   1.02045   2.6821
11.2937   0.999756   2.58026
11.1043   0.996818   2.66308
11.3907   0.995056   2.68332
11.2679   1.04271   2.49576
11.2027   1.00391   2.10919
11.2686   0.986875   2.16845
11.7684   0.985561   1.93527
11.5565   1.01486   1.76495
11.2231   1.01384   1.49833
11.4197   0.975721   1.27566
11.4332   1.01425   1.03875
11.7844   1.01316   0.894846
11.642   1.03794   0.907722
12.0862   1.02045   0.964042
11.743   1.0375   0.80296
12.1744   1.05659   0.768432
12.2042   1.07565   0.530884
12.6134   1.10224   0.502124
13.0211   1.10817   0.600723
12.7762   1.09784   0.503949
12.888   1.11658   0.459885
13.031   1.15008   0.390711
13.0367   1.14313   0.548678
13.1824   1.15288   0.32383
13.2581   1.1596   0.208913
13.4501   1.16365   0.371415
13.2132   1.18817   0.457045
12.7258   1.19382   0.665529
12.7092   1.19739   0.620204
12.9712   1.18236   0.572395
12.8414   1.16613   0.5189
13.02   1.15131   0.675468
13.5077   1.13976   0.5134
13.2566   1.13713   0.657193
13.2414   1.12782   0.77979
12.9331   1.14093   0.867413
12.805   1.13708   0.855158
12.6572   1.15643   0.957403
12.383   1.16107   0.962256
12.532   1.18502   0.940704
12.8021   1.22482   1.15116
12.5839   1.20008   1.26897
12.8525   1.18231   1.19256
13.2435   1.13288   1.34828
13.033   1.08419   1.30478
12.9474   1.04483   1.01447
12.977   1.04305   0.971028
12.9377   1.08892   0.97137
12.7197   1.04071   1.10242
12.8958   1.04772   0.950021
12.8597   1.05574   0.843844
12.7434   1.05225   0.70586
12.8385   1.07349   0.718865
12.6937   1.07701   0.704303
13.0002   1.10557   0.563176
13.1228   1.07613   0.549001
13.2069   1.07581   0.577124
13.5241   1.06517   0.617301
13.9879   1.03508   0.529366
13.9919   1.03206   0.791583
13.9213   0.992988   0.859414
13.4382   0.95828   0.939107
13.365   0.963993   0.875498
13.4443   0.972142   1.01319
13.3331   0.976875   0.831032
13.3581   0.99405   0.999167
12.7884   0.981397   0.877773
12.9026   0.975174   0.787077
12.7222   0.978745   0.793892
12.3757   1.00684   0.885351
11.9714   1.03854   0.838801
11.8626   1.03981   0.712889
12.2012   1.04617   0.652745
12.5147   1.04616   0.736274
12.6302   1.05772   0.598316
13.2742   1.0653   0.470934
12.8833   1.08991   0.456453
13.1726   1.09337   0.44784
13.3418   1.11638   0.456768
13.2745   1.11048   0.382792
13.411   1.10584   0.302151
13.388   1.12442   0.30388
13.2696   1.12178   0.323488
13.5353   1.12676   0.361401
13.8846   1.12577   0.34276
13.6476   1.1223   0.26377
13.6326   1.11697   0.310428
13.5106   1.11777   0.228059
13.9619   1.12538   0.330563
13.7093   1.08017   0.500458
13.9253   1.05281   0.407573
13.8449   1.03497   0.537935
13.6614   1.00806   0.634249
13.242   1.00827   0.870388
13.3708   1.00956   1.03515
13.7502   0.985244   1.08832
14.0511   0.970441   0.962812
13.6623   0.927966   1.05265
13.8279   0.910882   1.17309
13.5413   0.92889   1.09239
13.7558   0.990429   1.11195
13.5701   0.91544   1.0656
13.7523   0.93195   1.00469
14.1925   0.943114   0.824278
13.9166   0.956021   1.12641
13.6959   0.944   1.05209
13.9821   0.908216   1.04036
13.5716   0.916301   0.76729
13.7594   0.929053   0.896793
13.3158   0.912484   0.904995
13.164   0.92111   0.882509
13.0825   0.945884   0.906963
12.8111   0.945842   0.802711
13.0305   0.959185   0.544307
13.1502   0.960052   0.502102
13.5798   0.956397   0.529392
13.5169   1.00298   0.556547
13.531   0.984121   0.442057
14.2661   0.985642   0.597084
14.0856   0.930072   0.575618
13.957   0.908366   0.713445
14.0215   0.890622   0.483631
14.1269   0.912296   0.303106
13.9729   0.934754   0.375624
13.9307   0.916212   0.169108
13.8684   0.940903   0.0977925
13.7778   0.944509   0.086319
14.21   0.960159   0.12474
14.1322   0.961191   6.23384
14.4576   0.988994   6.1269
14.567   1.00958   6.00854
14.7143   1.03345   6.03701
14.63   1.02272   6.08846
14.7273   1.00075   5.93672
14.4928   1.0201   5.85397
14.6326   1.05049   5.97822
14.4222   1.05505   5.91939
14.3665   1.0423   6.0125
14.1942   1.06185   5.88136
14.6063   1.06302   6.19995
14.6447   1.02027   6.14171
14.4707   0.994068   6.18332
14.4671   0.960131   5.946
14.4325   0.97314   6.11143
14.229   0.96689   6.0799
13.9313   0.975294   5.91675
13.5323   0.963749   6.03376
13.3204   0.973597   0.0488033
13.045   0.962525   0.0625642
12.812   0.961062   0.0492444
12.8443   0.986304   0.00192947
13.0185   1.00279   0.0134615
13.3016   0.963921   6.07718
13.3972   0.955943   6.008
13.6859   0.963384   5.88856
13.4969   0.982952   5.89667
13.9261   0.955508   5.92655
14.1903   0.951929   6.01406
13.7495   0.957781   5.90336
13.3101   1.00356   5.93407
13.0094   1.00003   5.86536
13.0148   0.986664   5.82678
12.8003   1.01387   5.95884
13.136   1.00437   5.91745
13.155   1.02687   5.99908
12.8206   1.03337   5.94126
12.4135   1.03531   5.89966
12.5828   1.06215   5.65698
12.9505   1.07573   5.50426
12.8177   1.08943   5.74213
13.0404   1.08243   5.54152
13.0779   1.06398   5.58972
13.2656   1.05401   5.38224
13.1962   1.04419   5.51921
13.0407   1.02247   5.33979
13.2701   1.0181   5.3686
13.5842   1.03928   5.48115
14.0002   1.03271   5.49557
13.8488   1.0251   5.4278
13.8559   1.0439   5.44987
13.444   1.04209   5.28637
13.5472   1.0284   5.18546
13.4581   1.0489   5.04718
13.2495   1.04324   4.95184
13.3206   1.03564   5.13956
13.3693   1.02964   5.06786
13.6598   1.05874   5.18312
13.5806   1.04431   5.08114
14.0184   1.06063   5.1633
14.0824   1.07727   5.28213
14.0241   1.07733   5.23804
13.8323   1.07249   5.16867
14.2259   1.07603   5.06515
14.2928   1.09852   5.13244
14.0097   1.10435   5.02444
14.3195   1.09425   5.0869
14.5885   1.09587   5.04875
14.4316   1.09414   5.19715
14.5055   1.1049   5.21346
14.5256   1.11479   5.4882
14.3714   1.1116   5.29327
14.6718   1.12732   5.29282
14.9666   1.14372   5.45521
14.7138   1.15546   5.52765
14.6816   1.1593   5.46324
14.4334   1.12924   5.47637
14.4796   1.11578   5.34951
14.6165   1.10668   5.35973
14.3507   1.11316   5.18344
13.9912   1.10045   5.18216
14.2509   1.09168   5.13286
14.4978   1.11264   5.07106
14.6571   1.10645   5.28332
14.2709   1.13317   5.10625
13.9559   1.16103   5.01654
13.8657   1.18877   5.24257
13.9758   1.17795   5.42094
13.9826   1.19479   5.33503
14.1109   1.18819   5.45451
13.9164   1.18589   5.54497
14.0638   1.16709   5.39804
14.0858   1.1927   5.38509
13.8575   1.18767   5.58823
14.118   1.20575   5.6449
13.6007   1.20564   5.64488
13.4885   1.1969   5.73062
13.8788   1.19342   6.00935
13.9829   1.18493   5.91741
13.9991   1.19631   5.99546
13.614   1.22039   5.89536
13.4496   1.22158   5.89263
13.1607   1.20649   6.1578
13.5251   1.20154   6.17311
13.2449   1.21087   6.17674
13.4409   1.22372   6.22933
12.8573   1.23735   6.22414
12.8747   1.23519   6.00446
12.7506   1.22963   5.89964
12.7649   1.25394   5.69256
12.5724   1.25124   5.70758
12.8492   1.2313   5.71431
13.0006   1.23245   5.63236
12.8454   1.24635   5.60987
12.6663   1.27292   5.58952
12.4875   1.27993   5.5715
12.6726   1.30704   5.71757
12.3009   1.30375   5.7634
12.2392   1.3011   5.85637
12.128   1.3191   5.67386
11.9882   1.29917   5.71605
11.9603   1.32726   5.77201
12.0733   1.33145   5.58923
12.0503   1.35877   5.56859
11.768   1.35221   5.40248
11.3982   1.34921   5.45601
11.4521   1.33435   5.45865
11.1406   1.2911   5.24754
10.9283   1.28858   5.23108
10.5224   1.20458   5.32989
10.639   1.16021   5.56163
10.5275   1.15483   5.69716
10.4973   1.16197   5.89288
10.7374   1.19692   5.90133
10.8724   1.23816   5.90307
10.5387   1.25333   6.21425
9.90682   1.22044   6.20326
10.0387   1.19603   6.10812
10.0311   1.19767   5.82363
9.36235   1.08103   5.48616
8.82817   1.07634   5.6549
8.67175   1.04516   5.48912
8.00208   1.00951   5.89152
8.078   1.00289   5.82439
8.24943   1.0963   6.0248
8.19404   1.07587   6.0132
8.20334   0.982552   0.139776
7.62989   0.880297   0.237021
7.55472   0.912313   0.539768
7.61996   0.9892   6.21888
6.91038   1.01531   0.0914671
6.7088   0.987833   0.323065
6.99686   0.946441   0.227505
6.90204   0.982945   0.217168
7.57898   0.99103   6.20615
7.712   0.968045   5.95092
8.06164   0.985434   6.16202
7.87203   0.961081   5.8028
8.6709   0.932249   5.5482
8.3884   0.930678   5.61333
8.35927   0.949444   5.84705
9.03919   0.889607   6.10345
8.42812   0.879664   6.21246
8.40509   0.938222   5.85772
9.07496   0.922819   5.3587
8.67802   0.90998   5.49471
8.41415   0.833725   5.10875
8.84877   0.816488   5.31796
8.81867   0.873576   5.4277
9.47233   0.900422   5.1369
9.78425   0.920888   5.08232
9.53282   0.94176   5.10141
9.59531   0.887822   5.18316
9.97044   0.92975   5.1976
9.73179   0.93903   5.32157
9.3104   0.916547   5.39614
9.12782   0.916299   5.21377
9.01598   0.878168   5.45899
8.72778   0.93164   5.85812
8.75532   0.966573   5.79749
8.06759   0.923145   5.92297
7.93722   0.906211   6.14866
7.86418   0.906945   6.13747
7.51401   0.994768   5.71572
7.584   0.966894   5.93694
7.96313   0.986041   5.88519
8.54802   0.906146   6.09062
7.98974   0.880495   0.0316895
8.14722   0.849404   6.04071
7.87666   0.791899   6.13343
7.28582   0.825095   6.25989
7.77121   0.746641   6.2372
8.11458   0.77716   0.0967657
8.54708   0.821846   0.418358
8.25981   0.830075   0.298478
8.33131   0.889446   0.5159
7.99222   0.791286   0.429789
8.36684   0.779175   0.684778
8.05484   0.787683   0.582491
8.23127   0.803062   0.268018
8.28924   0.818762   0.293335
8.35803   0.747312   6.25309
8.27437   0.726607   6.08243
8.10964   0.686367   0.19103
7.39465   0.724643   0.374293
7.23759   0.798341   0.521644
7.25541   0.898808   0.720575
7.36268   0.877984   0.64918
7.40819   0.880559   0.496043
6.97036   0.919067   0.51432
6.70425   0.923817   0.465913
7.20553   0.94681   0.251638
7.92218   1.02765   0.498072
8.05393   1.03947   0.519103
7.90285   1.04765   0.468619
7.98409   1.02893   0.298371
7.81291   1.07627   0.494279
7.76688   1.07806   0.428512
7.05162   1.08294   0.293992
6.75499   1.09904   0.218081
6.50629   1.06018   0.236303
6.41204   1.07151   6.26194
6.39753   1.06019   6.1991
6.12446   1.10861   6.09801
6.31495   1.12046   5.9815
7.37491   1.17291   5.90669
6.78869   1.18073   5.73112
6.97578   1.20549   6.15036
6.93299   1.15948   0.0847453
6.42852   1.16739   0.0215834
6.59021   1.21209   6.21598
6.45097   1.14977   0.149725
6.5309   1.20742   0.601003
7.00433   1.17569   0.602256
6.42089   1.14579   0.682054
6.26411   1.10838   0.536001
6.64783   1.12216   0.862586
6.62029   1.04009   0.751591
6.41207   1.04989   0.499234
5.86378   1.09607   0.198108
6.05157   1.15842   0.346613
6.29208   1.1245   0.174802
6.05695   1.13339   0.0550365
5.82391   1.16466   6.06871
6.25743   1.1778   0.191282
6.37312   1.19292   0.667189
6.29554   1.22957   0.509235
5.89339   1.23886   0.289675
6.32429   1.22348   0.527563
6.07914   1.23363   0.392756
6.88225   1.19147   6.14788
7.34764   1.19366   0.0626131
6.96316   1.07652   0.103597
7.37508   1.10808   0.393118
6.81132   1.06163   0.337465
7.46194   1.04964   0.33642
6.93656   0.990219   0.289667
6.91216   0.960923   6.0316
6.58915   0.970301   5.8395
7.02871   1.02936   5.7124
6.55918   1.00828   5.70975
6.48132   1.03653   5.52578
5.94891   0.978938   6.07215
7.14564   1.03245   5.55904
6.7683   1.05271   5.90017
6.87021   1.07041   5.95894
6.28884   1.1025   5.83448
6.35991   1.1097   5.93017
7.02235   1.12483   5.93709
6.77968   1.0979   6.27158
6.5778   1.11034   5.8605
6.63529   1.11575   5.72382
6.18898   1.10791   5.52233
6.22389   1.1327   5.76603
6.71527   1.13118   6.0159
7.03619   1.12834   6.09506
7.01765   1.19469   5.73994
7.28708   1.20699   5.57473
7.61945   1.17249   5.20107
7.71996   1.17051   5.35319
7.83546   1.21864   5.56616
8.03949   1.20805   5.9156
8.33267   1.18808   5.85757
8.47036   1.17318   5.97598
8.1437   1.16341   5.75383
7.91563   1.04791   6.23391
7.39552   0.887026   0.125772
8.50049   0.888771   0.22843
8.81599   0.958711   0.41371
9.01785   0.938391   0.37192
9.40561   0.950059   0.211353
9.30616   0.97217   0.0864122
9.17144   1.00003   6.2108
9.14798   0.911167   0.0472464
9.79252   0.971977   0.106027
9.28224   0.962501   0.143675
9.82517   0.94912   0.357778
9.48578   0.975107   0.212651
9.66292   0.956491   0.0800301
9.8283   0.920358   0.435508
10.114   0.883836   0.957524
10.7837   0.850747   0.699562
10.4617   0.84714   0.691492
10.8457   0.80861   0.409824
11.0785   0.760335   0.459256
11.0288   0.808148   0.441447
11.2305   0.856432   0.3161
11.2897   0.868506   0.398009
11.3035   0.900081   0.504888
10.5037   0.833222   0.358694
10.4755   0.871311   0.511833
10.1994   0.875343   0.460744
9.82114   0.886778   0.537026
9.65989   0.934986   0.422352
9.56139   0.914456   0.309247
9.92982   0.9588   0.164944
10.1579   0.9937   0.00218686
10.4652   1.02182   0.102819
9.8985   1.00649   0.230453
10.0404   0.967339   6.27326
9.68471   0.981497   5.98525
10.0909   1.00019   6.03242
10.0279   0.981178   5.53453
10.084   0.9581   5.40887
9.86105   0.927974   5.54703
9.20056   0.949531   5.36853
8.63427   0.916072   5.4709
8.81501   0.834303   5.81131
8.35641   0.965643   5.92546
8.13912   0.961054   5.93038
8.15885   0.970174   6.03665
7.64873   0.993348   6.06814
7.81691   1.05629   5.96272
8.06215   1.08706   5.97784
7.91732   1.09033   5.72556
7.70259   1.09206   5.95817
7.72324   1.1446   5.69113
8.2201   1.15722   5.46223
8.75875   1.16792   5.32338
8.5998   1.12519   5.35918
8.53774   1.05937   5.42183
8.20543   1.03838   5.28561
8.2131   1.07225   5.05602
7.98137   1.0756   4.89189
8.22099   1.0772   4.85279
8.64996   1.08157   4.8526
9.03865   1.06937   4.89245
9.19682   1.03553   4.67243
9.57464   0.999207   4.68255
9.90322   0.928908   4.6324
10.5132   0.932024   4.59485
9.52582   0.85542   4.4102
9.39869   0.74659   4.4829
9.31181   0.726213   4.24234
8.94146   0.697644   4.39857
8.13679   0.692486   4.37652
7.8301   0.739091   4.85731
7.83457   0.674092   4.68667
8.19415   0.599113   4.62772
8.47993   0.615039   4.30522
8.42451   0.664499   4.31643
7.72189   0.736667   4.17771
6.91991   0.71557   4.15747
6.73218   0.727824   4.21139
7.79161   0.801034   4.43188
7.76072   0.767222   4.88833
8.11121   0.799982   4.90749
8.61265   0.827699   4.77144
8.67118   0.843078   4.74538
8.7612   0.755737   4.65155
8.22427   0.826896   4.78976
8.53896   0.852956   4.51361
8.35694   0.88548   4.18441
8.62529   0.913108   4.39028
8.08342   0.800443   4.73082
8.62673   0.780297   4.91812
8.34931   0.835586   4.77701
7.83669   0.804907   4.10152
7.30588   0.70479   4.71289
6.46416   0.747716   3.71367
6.39793   0.757039   3.80379
6.1809   0.710203   3.41657
5.3121   0.582588   2.50602
6.76264   0.68716   3.10537
6.42548   0.609842   3.17903
6.9979   0.632874   3.61036
7.14256   0.666175   3.39033
8.30316   0.696109   3.2992
8.35793   0.62071   3.02111
7.38447   0.665802   3.37012
7.29552   0.64179   3.27434
7.04589   0.625716   3.15653
6.35326   0.674731   3.21289
5.49437   0.768473   2.85836
5.33338   0.806305   2.96599
5.70172   0.824082   2.60917
5.79262   0.798537   2.93452
6.40897   0.821747   3.2821
6.80109   0.779176   3.64724
5.86665   0.833621   3.18418
6.34802   0.793924   2.68361
6.09956   0.811134   2.82622
6.47119   0.902061   2.82586
6.48384   0.893563   2.24466
6.79553   0.901869   2.12304
6.7813   0.973914   2.22867
7.48008   0.954684   2.49057
7.07655   0.913912   2.44952
7.20142   0.940727   2.6443
7.15686   0.921275   2.44083
6.79885   0.958633   2.63275
6.89808   1.02065   2.74406
7.43721   0.958174   3.14811
8.15089   1.01065   3.14074
7.74151   1.01805   2.64865
7.69052   1.06636   2.9488
7.27922   1.02048   3.20135
7.42412   0.959479   2.86571
6.85565   0.968406   2.89127
7.36555   0.972724   3.19104
6.82524   1.06082   3.13009
6.5438   1.04799   3.07483
7.01444   1.03752   2.94123
6.39139   0.971613   3.35882
6.71875   1.04585   3.24675
6.44698   1.041   3.56622
6.18197   1.08859   2.82297
5.9022   1.05289   3.2523
5.6   1.03101   3.40916
5.81587   0.986523   3.59257
5.82986   1.00954   3.65999
5.42307   1.09962   2.8817
5.8329   1.08672   2.66827
5.30683   0.993491   2.55571
4.23214   0.868767   2.37527
3.79615   0.91623   2.25541
4.45177   1.03717   2.01581
4.54395   1.04782   1.72067
4.68515   1.01708   2.0176
5.2189   0.997287   2.04752
5.30216   1.04255   2.06677
5.55242   1.12033   2.35647
4.9259   1.13225   2.01124
5.095   1.03533   2.09088
5.5275   1.00655   1.77712
5.54179   0.980328   2.14442
5.38102   0.91681   1.71617
5.30109   0.889688   1.63243
5.58539   0.945422   0.674995
5.05587   1.04253   0.712594
5.4219   1.04728   0.281288
4.92194   1.10833   0.0250658
4.72154   1.13668   0.220135
4.65789   1.06291   0.223931
6.04588   1.00146   0.180103
6.11432   1.07009   0.133954
6.08507   1.03042   6.12846
6.24468   1.03278   6.15281
5.97414   0.900532   0.0328162
6.06619   0.868655   6.19332
7.14407   0.890982   0.450368
7.13376   0.943785   0.628091
7.01576   0.956072   0.472196
7.5475   0.897173   0.251238
7.68969   0.87932   0.253244
8.12963   0.936034   0.00265065
8.62129   0.966568   5.79712
8.91678   0.939863   5.69392
8.82304   0.928612   5.78679
8.73984   0.874029   5.57751
8.95388   0.795462   5.76241
8.65141   0.849837   0.0527944
8.52191   0.833036   6.0101
9.3481   0.86856   5.78312
8.89828   0.879587   5.8855
9.25365   0.95956   5.73475
8.49142   0.879949   5.71312
8.20775   0.911842   5.78718
8.64416   0.970314   5.87635
7.70498   0.870284   5.94588
7.50273   0.874541   5.86521
7.83403   0.915566   0.0648993
7.65341   0.838031   0.0806437
7.6892   0.849726   0.131803
7.56319   0.858541   0.503438
7.09983   0.834496   0.631879
8.03203   0.881862   0.801856
8.60532   0.829042   0.922417
8.71162   0.771199   0.546601
7.5422   0.798643   0.205057
7.4952   0.855971   0.0387487
8.0542   0.849266   5.9835
8.62489   0.74912   6.11665
8.76342   0.802222   0.351246
8.28186   0.732394   6.27549
8.32145   0.683833   6.19357
8.13228   0.744465   6.14282
7.17612   0.836575   6.27186
7.36883   0.8004   0.018148
7.03986   0.788982   0.155843
7.004   0.845804   0.364678
7.09726   0.878544   0.591829
6.99129   0.909167   0.446517
7.08971   0.844945   6.27448
7.36075   0.83888   0.228005
7.79382   0.859562   0.217941
7.85777   0.912604   6.23146
7.33568   0.999834   6.14432
8.36845   0.995443   6.13011
8.27836   0.9742   6.05604
8.10478   0.96455   6.08553
7.96399   0.905101   0.184909
7.65269   0.98198   0.266302
7.99685   0.895016   6.17786
8.44369   0.923405   6.1797
7.9717   0.910909   5.96635
8.48479   0.959668   0.00378887
7.96691   0.966909   6.1839
7.8424   0.99448   6.06447
7.87993   1.00871   5.9568
7.97114   0.958313   5.8673
8.32597   0.985699   6.12498
7.85599   0.831514   6.27166
7.78187   0.804905   0.0996013
7.98989   0.690471   0.234869
8.63166   0.636338   6.24631
8.36089   0.632161   5.9861
8.81412   0.692144   6.01435
8.03898   0.775574   5.96296
9.00091   0.81096   6.21545
8.8069   0.840314   6.13229
8.71558   0.852655   5.6633
9.10149   0.857063   5.73198
9.15108   0.835467   5.73867
9.07529   0.813793   5.79623
8.97284   0.837612   5.54271
8.92263   0.879658   5.5417
8.89091   0.902646   5.43312
8.81822   0.930414   5.45741
8.94936   0.941202   6.08114
8.75043   0.932624   5.77224
8.80162   0.955373   5.63445
8.526   0.947922   5.39231
8.47164   0.948969   5.20594
8.30305   0.970618   5.26491
8.5193   0.899949   5.47873
7.95529   0.97844   5.46169
8.16526   0.978808   5.28137
8.03566   1.02782   5.00554
8.19396   1.00414   5.4192
7.80116   1.06457   5.62021
8.10403   1.03451   6.12323
8.32196   0.959005   6.03135
8.67202   0.970568   5.95304
7.53263   0.922108   5.79456
8.11834   0.898228   5.93031
7.80862   0.889207   0.07561
8.14722   0.934805   6.0807
7.61836   0.965465   6.0995
7.09712   0.986341   5.79893
7.38821   0.986123   5.15148
7.12734   0.959731   5.26629
7.35847   0.925778   5.10752
7.37642   0.930807   5.4408
7.33506   0.890047   5.4227
7.40038   0.876728   5.69956
7.5195   0.852005   5.1843
7.67801   0.816489   5.4351
8.31419   0.77699   5.30851
7.9811   0.795527   5.8917
7.98671   0.862699   6.00288
8.1405   0.893173   6.05053
7.9115   0.882764   5.93797
7.30545   0.873672   0.163556
6.421   0.955896   6.09494
6.97759   0.99144   5.2605
6.69046   0.920648   4.79221
6.91322   0.911054   4.33178
6.83005   1.00026   3.92689
7.13996   1.06335   4.18711
6.99565   1.09734   4.33296
6.86928   1.13542   3.94352
7.37465   1.10488   4.12506
7.48124   1.11122   4.16745
7.07203   1.11838   4.11739
7.05933   1.09772   4.62959
6.89641   1.09223   4.88895
6.67746   1.06946   4.69743
7.49348   1.11428   4.76334
7.88012   1.08074   4.8816
7.66703   1.11686   4.6079
6.87726   1.13481   5.3116
6.48152   1.19611   5.75767
7.08176   1.21165   5.89701
6.66129   1.16191   6.10589
6.77269   1.16566   6.03718
7.22746   1.15969   6.17302
7.08269   1.12828   6.11983
7.81417   1.09122   6.11832
8.16047   1.11598   5.74795
8.32857   1.08127   5.36282
7.92977   1.06908   5.30354
8.07217   1.09349   5.36307
8.18628   1.0129   5.57027
8.3075   1.03684   5.94897
7.74826   0.93981   6.15021
7.636   0.914535   6.14781
7.18224   0.975297   6.12395
7.54138   0.961418   5.99656
6.93578   0.974478   6.16039
7.45463   0.93851   6.0986
7.46336   0.985549   6.04367
7.32871   1.10413   6.06297
6.90835   1.16475   5.71607
6.69425   1.08425   5.45771
6.94525   1.04067   5.56335
7.09842   1.01784   5.94512
6.76799   1.04189   6.01595
6.41945   1.01744   5.49937
6.22711   1.10078   5.40593
5.5435   1.08507   5.52092
4.90146   1.04781   5.12347
5.40834   1.07819   5.20136
5.55634   1.0246   4.63386
5.26423   1.03903   4.24374
5.66581   1.06634   4.50782
6.00899   1.08426   4.36508
5.53116   1.14807   4.25604
5.13834   1.08877   3.71879
4.54243   1.07132   3.96665
4.62757   1.02673   3.52441
4.75739   0.873048   3.19122
5.09083   0.726436   3.3626
4.86895   0.874766   3.49796
4.19206   0.616608   2.41769
4.72807   0.726426   2.0258
5.73011   0.690579   1.73641
5.60383   0.672216   1.34321
6.2335   0.689536   1.17131
5.46965   0.62699   1.26689
6.1609   0.622093   1.448
6.57302   0.622476   2.00842
6.29885   0.57554   2.41925
5.06207   0.698929   2.57426
5.64624   0.786147   3.48383
5.72907   0.844644   4.17791
6.74085   0.859283   4.48741
6.64595   0.879385   5.42958
6.04097   0.786515   5.11437
5.52608   0.576813   5.38928
5.32398   0.686866   5.01784
5.79697   0.529124   3.92567
7.40105   0.550864   3.46632
7.74304   0.493645   3.25018
8.67613   0.523057   3.50964
7.82117   0.583537   3.61141
8.32544   0.628574   4.14183
8.92951   0.662347   4.22958
8.27339   0.644729   4.06978
8.21608   0.666952   3.43635
8.6313   0.6944   3.62481
8.7119   0.615235   3.20749
8.61595   0.669662   3.81761
7.09313   0.696452   3.87586
6.95814   0.671129   4.06635
6.96099   0.650161   4.41224
6.94066   0.653458   4.8431
8.03466   0.80284   4.97399
8.70446   0.831878   4.53054
8.96299   0.731529   4.79131
8.62583   0.660589   4.53587
7.68148   0.677947   4.72099
7.65103   0.644308   4.62088
6.82586   0.70803   4.76125
6.82827   0.767236   5.08123
6.46351   0.837095   5.06213
6.47225   0.84544   4.90264
6.59219   0.941714   5.15886
6.66529   0.902046   5.08084
6.25162   0.844626   4.69207
5.65741   0.860993   5.9239
6.17033   0.967998   5.53579
6.45002   1.03468   6.04131
6.18392   1.04774   0.154302
5.72656   1.07002   6.21824
6.29979   1.11662   0.195617
7.11636   1.13538   0.932293
7.28157   1.16441   1.22995
7.50928   1.11573   1.2241
7.99844   1.10551   1.21816
8.0752   1.05701   1.47094
7.85248   1.02946   1.55712
7.47338   1.04145   1.34221
7.30112   0.931916   1.21475
6.99377   0.897846   0.729097
7.01423   0.923193   1.05768
6.92548   0.974416   0.794447
6.90386   1.04539   0.879254
6.17219   0.938304   1.15887
5.34968   0.894468   0.700592
6.08796   0.870102   0.593079
6.13748   0.947379   0.566022
5.93692   1.01779   0.59026
6.68768   1.08477   0.638257
6.46049   1.09928   0.529358
5.76497   1.09835   5.97738
6.54846   1.13739   0.0376515
6.34868   1.13788   0.170798
6.30257   1.11459   5.82814
6.5275   1.19684   5.13794
6.83283   1.14119   4.31157
7.02434   1.10155   4.11442
6.76439   1.14232   4.38212
6.91513   1.2299   4.37686
6.59637   1.28964   4.56693
6.22525   1.20517   5.22394
5.49186   1.27038   4.46908
5.55721   1.31711   4.04803
5.02769   1.17054   4.0826
4.48416   1.17921   3.57949
4.91171   1.10439   3.27086
4.44843   1.11733   3.45714
2.90688   1.16258   3.37923
3.90472   1.22903   3.10444
3.69648   1.23046   2.33321
3.39897   1.18604   1.80278
3.43447   1.27898   2.74927
3.77856   1.29172   1.71807
3.43453   1.305   2.15925
3.54063   1.32282   2.45274
3.88566   1.32188   1.93554
4.37921   1.38748   1.64133
4.51038   1.42982   2.25895
4.45406   1.30826   1.83105
3.65432   1.39945   1.85649
4.69589   1.32951   2.07638
4.3368   1.36541   1.20551
3.67996   1.4775   1.23006
3.32932   1.56115   1.41427
4.24371   1.61469   1.38077
4.18869   1.66786   1.26622
3.82914   1.74576   1.74732
4.57285   1.70791   1.68425
5.67269   1.75944   2.22548
5.60055   1.79076   2.34333
5.07636   1.80254   2.35328
5.14999   1.77989   1.67333
5.69134   1.82579   1.99141
5.62168   1.76668   2.35793
5.47135   1.79856   2.53408
5.60259   1.76399   2.32924
5.48967   1.75071   2.13842
6.79414   1.67734   2.27272
6.72379   1.6481   2.00143
6.86403   1.62379   1.47567
6.67895   1.59712   1.1926
5.68716   1.59164   0.833949
5.89102   1.54396   0.87232
5.99602   1.39386   1.14676
5.58373   1.36954   1.51531
5.62526   1.22473   2.10493
5.53792   1.24293   1.80144
4.70011   1.16587   1.45631
4.88645   1.26083   1.04
5.49032   1.31823   1.22318
5.53018   1.30339   1.76372
6.1766   1.26962   1.78176
5.74087   1.24151   1.71744
5.2606   1.18515   1.24741
5.58658   1.24461   1.57735
4.72685   1.0317   2.06935
4.03397   0.867238   2.9647
4.62583   0.921124   3.37873
4.74681   0.923877   3.17753
5.05861   0.919513   2.2895
6.07381   0.961012   2.41286
5.18042   0.927276   2.3496
5.68325   0.993674   2.83948
5.97339   0.91032   3.39902
6.34748   0.839551   3.84254
6.51154   0.752971   3.16557
6.30559   0.775501   2.92219
6.17305   0.802551   2.6302
6.26437   0.849821   3.02976
6.19031   0.748303   2.75887
6.97792   0.747645   3.41898
6.9029   0.712353   3.07255
6.8295   0.796139   3.16369
7.83494   0.836729   3.2593
8.40986   0.80374   3.61429
8.3815   0.775986   3.93848
8.85938   0.718107   3.84262
8.87224   0.717853   3.96247
8.47154   0.737145   4.48478
8.38462   0.734361   4.3803
8.63177   0.712329   3.78974
8.33129   0.741354   3.91818
8.23074   0.65658   3.89895
8.04876   0.641107   3.90247
8.77837   0.725169   3.75318
9.26915   0.692013   3.33816
9.09915   0.634497   2.60971
9.28399   0.577124   2.28749
10.0857   0.605792   2.4286
10.0031   0.626668   2.42478
9.39841   0.56938   2.41326
9.57532   0.580291   1.92925
9.53648   0.566992   1.79895
10.8542   0.521346   1.91193
10.9392   0.520464   1.89659
10.8196   0.495817   2.19989
10.9379   0.473016   2.00259
11.0655   0.495743   2.01458
11.2375   0.530316   2.27916
10.9086   0.541354   2.25889
11.1479   0.504119   1.7534
12.1756   0.559038   1.37627
13.6905   0.586726   1.18434
14.1107   0.550879   1.35253
13.5332   0.57118   1.09208
13.2781   0.511565   1.19507
13.7005   0.509392   1.13181
14.9619   0.499263   1.24612
15.4515   0.513543   1.40084
14.6582   0.570993   1.67577
14.5063   0.537828   1.96818
14.1204   0.502588   2.0772
13.6772   0.553024   1.6919
12.7572   0.487483   1.39704
12.1505   0.475232   1.10961
10.6518   0.463969   1.30322
10.45   0.468828   1.29789
9.73256   0.499927   0.947011
8.80803   0.402096   0.280143
8.32444   0.289664   0.201287
8.38444   0.297725   0.12956
10.1066   0.374299   5.31265
9.21964   0.435423   5.64689
8.15506   0.391306   5.50246
7.34583   0.384667   4.46574
9.60202   0.406738   3.26959
9.4   0.4037   2.38575
8.4088   0.485241   2.38035
7.34611   0.472313   2.52894
7.61528   0.465076   2.61031
9.64015   0.594848   2.87119
9.41247   0.588309   3.27606
9.53575   0.527772   3.45005
9.14723   0.463769   3.35455
9.05712   0.543297   2.8143
8.41013   0.544678   2.44613
9.53514   0.534937   2.02341
9.34425   0.457512   2.36184
9.81232   0.525621   1.92018
9.26436   0.543799   2.3457
8.79139   0.712629   2.00562
8.82121   0.636767   2.15292
8.80468   0.570018   1.55845
8.46924   0.639083   0.94444
7.84946   0.545464   1.68434
7.87706   0.727967   1.56463
7.67212   0.648946   0.892051
8.6725   0.668516   0.313885
8.18141   0.743942   0.690638
8.85025   0.695817   1.20557
8.28097   0.670184   1.42702
7.50099   0.680856   1.81329
8.28716   0.657554   1.91327
7.85188   0.662765   2.17308
7.29616   0.665302   2.0615
6.81509   0.638606   2.65802
7.10887   0.679662   2.1311
6.72382   0.829194   1.82642
6.73296   0.717696   1.43283
6.82962   0.721218   1.48062
5.97252   0.831835   2.10806
5.82143   0.790406   2.91465
5.8753   0.716785   2.25109
5.02509   0.945216   2.92802
6.63244   0.959689   2.53895
6.23167   1.00238   2.44776
6.47396   0.923139   2.80241
6.57524   0.929928   3.29562
6.85716   0.952901   3.01758
7.06436   1.00698   2.92271
7.58718   1.02444   3.3578
7.09335   0.971634   3.62044
7.25028   0.958948   3.71409
6.77717   0.893957   3.64652
5.79506   0.956909   3.40713
4.83785   1.04709   4.07099
4.96982   0.891888   4.23056
5.07131   0.896449   3.29846
5.58366   1.04417   3.30694
4.84702   0.868998   3.54532
4.66683   1.00595   3.30388
5.68979   0.907446   3.29429
5.26835   1.00632   3.48181
4.90441   0.802676   4.29178
5.74756   0.827486   4.69146
5.1315   0.866646   4.44353
4.59039   0.876093   4.0449
4.22324   0.950708   4.64881
4.08988   1.11918   4.0459
4.13802   1.00583   3.5653
3.70727   0.854677   4.47687
2.59976   1.04648   4.62403
3.98286   0.95976   4.09035
2.75834   0.882961   3.96196
4.03591   1.04584   3.35136
3.33053   1.15944   2.58244
2.99668   1.07931   3.28808
3.55524   1.04953   2.5261
3.30356   1.0222   2.47671
3.26123   1.11283   3.25343
5.07098   1.12546   2.97972
5.50121   1.13145   2.26154
5.67737   1.20517   3.14958
4.71387   1.14397   4.07744
4.26847   1.22488   3.36108
5.18114   1.26821   3.90248
5.14501   1.26532   4.36656
5.41162   1.21949   4.3405
6.35752   1.228   4.67126
7.02931   1.28343   4.37388
7.52226   1.27931   4.39848
7.28791   1.23873   4.37958
7.11175   1.18989   4.38912
7.43763   1.22497   3.87169
7.76787   1.22508   4.01826
8.21674   1.16254   4.18348
7.74287   1.19413   3.76664
8.10026   1.10205   3.73566
9.18391   1.05956   3.99277
9.51766   1.0442   3.94771
9.46831   1.00334   3.9187
9.68634   0.966289   4.02867
9.26716   0.897385   3.88932
9.50124   0.930815   4.1305
10.0138   1.03274   3.77928
9.7285   1.0476   4.0189
9.23996   1.08852   4.00364
9.04688   1.10707   4.09139
9.37272   1.07311   3.79247
9.69011   1.11694   3.64058
9.6604   1.13   3.60746
9.27415   1.12004   3.84112
8.85264   1.10526   3.62312
8.52866   1.12281   3.18585
8.10364   1.10621   2.96264
8.40879   1.08596   2.75259
8.63226   1.09345   2.8735
8.54172   1.02532   3.0789
8.23298   0.994128   3.05572
8.67196   0.992246   3.07751
8.4366   1.01015   3.25574
8.51712   0.998203   3.39294
8.74159   0.988241   3.65464
9.32453   0.980151   3.78738
8.9985   0.953708   3.66977
9.27763   0.940097   3.2279
8.71029   0.981056   3.64343
8.64562   1.0661   3.79547
9.08939   1.02819   3.48647
9.32442   1.06143   3.11022
9.3803   1.08006   3.13207
9.70829   1.08483   3.49689
10.0206   1.13436   3.23204
10.5238   1.13095   3.50162
9.34065   1.11628   3.42441
9.58289   1.17309   3.27968
9.19723   1.19138   3.54367
9.65285   1.2603   3.79532
9.63558   1.27798   3.94232
9.08248   1.24124   3.81318
9.1731   1.21159   3.66386
9.16   1.22629   4.04614
8.97938   1.23869   4.54373
8.91799   1.2139   3.98518
9.09918   1.28665   4.05918
9.0371   1.23967   4.1261
8.69813   1.17465   4.03034
9.01934   1.19211   3.88721
9.87614   1.19822   3.75074
9.87672   1.19263   4.02125
9.40378   1.13122   3.96635
9.8608   1.11816   3.88584
9.30094   1.1329   3.43929
9.26977   1.19816   3.65777
9.02887   1.24079   3.5803
8.60024   1.24938   3.70263
8.59317   1.26758   3.54926
7.9132   1.24907   3.86232
8.18843   1.28491   4.4001
8.3513   1.25597   4.7142
9.24954   1.25427   4.76703
8.26645   1.17256   5.01007
7.99113   1.20465   4.93281
8.29537   1.18574   4.43349
8.28137   1.12554   4.683
7.41107   1.12558   4.63684
7.86008   1.14502   4.39388
7.4623   1.20174   4.28147
7.70217   1.19525   4.38872
7.55693   1.22537   4.29329
7.18973   1.28766   4.01221
6.74023   1.26035   4.07842
6.09819   1.27965   4.14911
5.46211   1.24492   4.00755
5.69714   1.18609   4.6216
5.93316   1.27775   4.48401
6.38555   1.29859   4.121
6.38499   1.30835   4.40723
6.20203   1.27341   3.36575
5.88923   1.19717   3.21869
5.72602   1.13181   4.13191
5.91712   1.22462   3.78846
5.67394   1.1845   3.93254
5.86167   1.18314   4.26695
5.8697   1.23903   4.54981
5.10942   1.1463   5.23451
5.14558   1.1659   5.13395
4.76473   1.12178   5.39713
4.11532   1.25623   5.4426
4.91457   1.11886   5.68353
5.30141   1.13501   6.16293
4.88913   1.29464   5.69805
4.84463   1.23118   5.48705
5.24452   1.31022   5.03895
6.4594   1.33695   4.74948
7.14046   1.32362   4.79207
7.68723   1.37054   4.7762
7.9456   1.39572   4.91383
8.33909   1.37468   5.10052
8.48304   1.30048   5.48534
8.38627   1.29617   5.28376
8.91843   1.21804   5.0767
9.1409   1.12863   5.76916
8.85579   1.11364   5.94824
8.57583   1.13638   5.35156
8.89646   1.08873   5.26136
8.81522   0.960418   5.35121
8.35031   1.1059   5.60692
9.37611   1.0136   5.13883
9.40445   0.976585   5.05631
9.49831   0.885936   5.37185
10.2062   0.894103   5.30012
10.1395   0.895055   5.64089
9.6107   0.859067   5.26811
10.2137   0.904296   5.36843
9.58007   1.03569   5.28074
9.25008   0.989789   5.22213
8.65213   0.889942   4.7232
7.96595   0.916066   4.54136
8.9358   0.888567   4.56999
8.82543   0.87154   4.34225
9.32094   0.881935   4.82195
10.0599   0.909445   4.57596
9.64729   0.945069   4.61245
8.95869   0.911804   4.1616
9.56435   0.897467   3.62848
9.60318   0.942962   3.93703
9.69581   0.996659   3.72978
9.90983   1.01046   3.96198
9.34279   1.022   3.63437
9.47775   1.00135   3.36559
8.9906   0.966505   3.67645
8.73787   1.01693   4.03074
8.95336   1.00021   3.89389
8.72837   0.955049   3.8006
8.85394   0.913498   3.87911
9.30426   0.968994   3.74394
9.54146   1.00289   4.10825
8.73176   0.966782   4.08937
8.5346   0.916683   4.92639
8.70857   0.968703   4.9827
8.68388   1.02376   4.8575
8.55176   1.03874   5.18718
8.9221   1.03824   5.49869
9.52443   0.995274   5.38648
9.95411   0.928932   5.68909
9.79593   0.874165   5.52306
10.4177   0.847652   5.34303
10.2152   0.85597   5.39333
10.3835   0.729159   4.85839
10.287   0.677652   4.46793
10.6369   0.817203   3.7252
11.1273   0.761744   2.98835
11.5923   0.789113   2.97279
12.2545   0.824206   3.15176
11.873   0.822307   3.11125
13.1021   0.802807   3.21924
12.988   0.798699   3.31463
13.3611   0.824793   3.43508
13.8265   0.863492   3.42194
13.4498   0.839285   3.20055
13.6979   0.862658   2.92085
13.4539   0.890228   2.96741
13.6156   0.879351   3.0862
13.4989   0.892188   2.88372
13.006   0.930034   2.66393
13.0078   0.887204   2.6114
12.5179   0.886715   2.55359
12.9506   0.826288   2.86249
12.4082   0.826679   2.88504
12.1503   0.835648   3.43728
11.0109   0.79361   3.29387
11.4785   0.737206   3.44926
12.1358   0.770777   3.19837
11.8367   0.724718   3.55819
11.5895   0.743705   3.58688
11.4404   0.720598   3.2019
12.1513   0.683398   3.2102
11.1813   0.619068   3.06648
10.9927   0.681688   3.41844
10.3393   0.620531   3.95034
10.9775   0.653403   4.27884
11.0357   0.759904   4.23388
10.579   0.672014   4.27245
10.9774   0.672908   4.45375
10.7576   0.730556   3.80974
10.1881   0.700934   3.6938
10.1011   0.716278   4.27352
9.83853   0.661703   3.74408
9.10527   0.588392   4.45591
9.78619   0.580036   4.36915
10.3068   0.679851   4.15976
10.4856   0.772193   4.19546
11.3619   0.691846   4.04185
11.3004   0.75338   3.77015
10.8923   0.785679   3.24792
11.0942   0.766838   3.31852
11.1145   0.80435   3.76414
11.39   0.887404   3.55875
11.7385   0.872836   3.63291
12.2182   0.896556   3.55205
11.8391   0.82531   3.9357
11.5335   0.877864   4.02456
12.2236   0.880391   4.34389
11.7961   0.883896   4.16957
12.5959   0.91857   4.26038
12.7784   0.882681   4.39146
12.4683   0.898907   4.33958
12.6809   0.947324   4.45932
12.7871   0.987942   4.36913
12.8109   0.949108   4.05695
12.3138   0.916598   3.68442
12.2486   0.940787   3.99751
11.9323   0.947144   3.56334
11.9054   0.905465   3.84012
12.1457   0.901168   3.94738
12.6936   0.881193   3.8955
12.2374   0.850641   3.66612
12.3153   0.861536   3.52822
12.5447   0.937937   3.44973
13.1915   0.921593   3.38028
12.7614   0.936174   3.35057
12.1899   0.920796   3.54328
12.7133   0.961418   3.47414
13.1911   1.00197   3.67982
13.0399   0.968955   3.81594
13.1945   1.00727   3.7782
13.8803   1.00982   3.75978
14.4175   0.972754   3.7782
14.5924   0.981533   3.89097
14.6757   1.0222   3.73779
14.3092   1.03532   3.79199
14.2042   1.05413   3.92927
14.1015   1.04335   3.88593
14.1495   1.05004   3.57616
14.2675   1.0233   4.07713
14.3374   1.04753   4.19871
14.3565   1.07318   4.12018
14.5145   1.06295   4.11594
14.8029   1.09539   3.98368
14.2796   1.07363   3.74151
14.6822   1.09701   3.42182
14.8335   1.16744   3.16375
14.8683   1.13744   3.16415
14.8671   1.14367   3.10936
15.0896   1.13663   3.03794
14.9264   1.1364   2.62384
14.6969   1.1654   2.55079
14.8834   1.14765   2.58801
15.3214   1.13229   2.53499
15.0594   1.14128   2.79765
14.8672   1.10412   2.69306
14.8252   1.10696   2.81364
14.5759   1.12762   2.91494
14.9996   1.14063   2.7346
15.089   1.12513   2.82467
14.8086   1.12632   2.73554
14.9225   1.11304   2.85892
15.2833   1.09453   2.74457
15.1171   1.12678   2.52883
14.9476   1.13066   2.8428
15.5969   1.16776   2.91689
15.3916   1.14651   2.76964
15.7335   1.14127   2.76182
15.8786   1.13924   2.68645
15.9937   1.123   2.69971
15.8209   1.11424   2.64664
15.713   1.11964   2.76942
15.4404   1.11089   2.60859
15.8849   1.07793   2.54815
15.7641   1.06373   2.56135
15.852   1.07308   2.38772
15.7512   1.07998   2.3367
14.8821   1.08868   2.26782
15.1116   1.10373   2.24173
14.8404   1.12743   2.15267
14.6741   1.09391   2.00253
14.6862   1.08758   1.96415
14.8319   1.07003   1.83359
14.7616   1.07306   1.83811
15.3655   1.06891   1.77811
15.8577   1.07472   1.83424
15.6839   1.08191   2.14904
15.6926   1.10958   2.34158
15.4816   1.14382   2.48997
15.9091   1.11724   2.39592
15.5146   1.08858   2.61637
15.3867   1.08916   2.77427
14.9906   1.08193   2.77936
15.5902   1.06742   2.63946
14.9922   1.05547   2.76086
15.1629   1.04689   3.11514
15.1641   1.06062   2.99577
14.5884   1.0494   2.88848
14.2641   1.00713   2.96899
14.2162   1.00015   3.04102
14.6553   0.938646   3.13819
14.7002   0.990066   3.05587
14.9931   0.998465   3.12984
15.3973   0.975834   2.90512
15.9283   1.02536   2.94599
15.8101   1.03538   3.05614
15.7832   1.01054   2.90088
15.3713   1.01097   3.23495
15.1502   1.01158   3.34033
15.4502   1.02258   3.29365
15.3923   1.07697   3.19145
15.1739   1.05699   3.31644
15.1962   1.06129   3.11183
15.2658   1.04504   3.01693
15.1454   1.04794   2.94571
14.6465   1.07577   2.88334
14.9081   1.08931   2.77178
15.0768   1.0639   2.86179
15.3645   1.07096   2.87359
15.5029   1.10224   2.88383
15.3698   1.13618   2.81788
15.6419   1.12974   2.7551
15.4292   1.15748   2.65989
15.0246   1.15332   2.78426
15.075   1.12533   2.93155
14.9308   1.08218   3.06119
15.2062   1.14073   3.1421
15.2734   1.18815   3.37893
15.0702   1.21604   3.51407
14.8657   1.23827   3.40234
14.7167   1.23545   3.46569
14.7605   1.22468   3.36417
15.227   1.22828   3.35111
15.5205   1.20964   3.13227
15.348   1.23432   3.231
15.3584   1.24731   3.0201
15.4737   1.23091   3.00122
15.3476   1.22161   2.94647
15.6145   1.22773   3.03507
15.6204   1.2132   3.09889
15.5993   1.21819   2.76567
15.8443   1.23753   2.6932
15.3764   1.24937   2.80701
15.0388   1.25272   2.50181
15.3195   1.26866   2.42043
15.5581   1.2497   2.38748
15.8914   1.26739   2.38742
16.2331   1.31583   2.40164
15.9836   1.36666   2.35415
15.3952   1.37602   2.41617
15.6176   1.36296   2.42996
15.3648   1.35364   2.4669
14.6907   1.38879   2.5373
14.8368   1.38318   2.51999
14.8138   1.36738   2.4413
14.6361   1.40361   2.54672
13.9435   1.43305   2.53719
13.6026   1.4087   2.72214
13.6638   1.36152   2.77552
14.1348   1.29783   2.64466
14.587   1.25581   2.52978
14.6446   1.28242   2.62847
15.0104   1.2775   2.75791
15.178   1.26275   2.75489
14.9628   1.24215   2.92148
15.4272   1.25668   2.90694
15.4021   1.28325   2.81864
15.8574   1.28577   2.78866
15.5027   1.30828   2.5721
15.8482   1.31327   2.72316
15.4941   1.29515   3.02287
15.4684   1.30032   3.08044
15.6842   1.29255   3.08685
16.1992   1.30298   2.90713
16.449   1.33191   3.08107
16.9875   1.32992   3.06496
17.0935   1.31631   3.12826
17.2999   1.2933   3.24021
16.7187   1.24693   3.22591
16.603   1.24924   3.06265
16.9493   1.24777   3.18018
17.0868   1.22481   3.12716
17.6194   1.21798   3.216
17.4112   1.17024   3.14094
17.3204   1.15431   3.21551
16.7635   1.13833   3.46423
16.494   1.12113   3.61627
17.1685   1.12592   3.68486
16.8703   1.09328   3.65663
17.1518   1.0533   3.79635
17.6473   1.01778   3.72841
17.0367   0.955111   3.69099
17.3643   0.947296   3.58831
17.2282   0.94469   3.50764
17.4331   0.958767   3.41689
17.1104   0.933192   3.39896
17.4229   0.959245   3.36413
17.3357   0.945326   3.30975
17.575   0.915243   3.14026
17.092   0.910265   3.06255
17.426   0.913528   2.79803
17.1174   0.907494   2.88238
17.2672   0.930353   2.84311
16.8453   0.937509   2.71908
16.6793   0.924281   2.48162
16.4196   0.894806   2.5716
16.6933   0.878558   2.51636
16.4571   0.940535   2.64809
16.5027   0.92218   2.37459
16.1397   0.92077   2.07423
15.3386   0.934692   2.10626
15.2146   0.934358   2.22854
14.6913   0.902867   2.13018
15.1937   0.854836   2.38875
15.3056   0.782412   2.57212
15.5516   0.840771   2.8846
14.9327   0.889526   2.88297
14.7734   0.906674   2.78934
14.618   0.897825   2.71838
14.6778   0.863223   3.04437
15.0555   0.870571   2.82209
14.9071   0.879826   2.92667
14.699   0.88744   2.9701
15.0494   0.920207   2.63048
14.0525   0.931409   2.57026
14.2115   0.944191   2.76481
14.3131   0.980717   3.19481
14.5216   1.00448   3.07146
14.6819   0.967008   3.2514
13.8754   0.977963   3.16122
14.175   1.00809   3.04029
14.9268   1.04181   3.4881
15.1796   1.06508   3.46046
15.7859   1.09196   3.50797
16.048   1.05658   3.63043
15.8725   1.05353   3.65424
15.9922   1.05219   3.3033
16.0335   1.03912   3.35095
16.4759   1.04413   3.44596
16.1673   1.03536   3.59796
15.6383   1.02573   3.6853
16.081   1.00308   3.60374
15.9519   0.996047   3.25936
16.3142   1.00872   3.03469
16.8198   0.989057   3.13562
16.9059   1.00521   3.12583
17.3347   1.0262   2.75053
17.7235   1.03048   2.88737
18.0787   1.03105   2.96247
18.0276   0.983769   3.11643
17.4383   0.93423   2.95748
17.5213   0.90443   2.73433
18.1068   0.901544   2.4962
18.813   0.88608   2.43983
19.0805   0.917777   2.42172
19.5262   0.903948   2.26689
19.2806   0.914948   2.33147
18.9814   0.895085   2.28981
19.0852   0.862107   2.05953
19.0673   0.845896   1.82942
19.0073   0.854911   1.82546
18.8435   0.854036   1.86211
18.9244   0.839594   1.57143
18.8645   0.83023   1.35011
18.3901   0.890267   1.3286
18.3911   0.922455   1.26477
18.115   0.931549   1.55442
18.7024   0.890004   1.43538
18.9564   0.882204   1.3262
19.2922   0.909891   1.55055
20.1391   0.903969   1.52734
20.2883   0.879612   1.44608
20.5477   0.876952   1.19204
20.4108   0.86227   1.36651
20.5998   0.861847   1.49996
20.9306   0.90516   1.60398
20.9233   0.906607   1.63676
21.1628   0.92199   1.69904
21.0423   0.905183   1.65398
21.1299   0.920406   1.60663
21.1733   0.924532   1.6354
21.2472   0.947048   1.77696
21.2407   0.96743   1.79353
21.3233   0.983467   2.0942
21.3842   0.964113   2.17193
21.4089   0.982181   2.32556
21.3319   0.976392   2.19506
21.5088   0.982181   2.21339
21.61   0.993627   2.02627
21.5938   1.00708   2.21276
21.2562   1.02735   2.19155
21.3799   1.02341   2.33046
20.9946   1.02129   2.11187
21.5026   0.991818   2.31209
22.1199   0.983049   2.30138
22.6061   1.00075   2.20654
22.8005   0.994118   2.13111
22.6898   0.969989   1.79644
22.7256   0.989022   1.75583
22.6678   1.02493   1.93988
22.2385   1.02191   1.97281
22.5346   1.03519   2.23343
22.2093   1.04659   2.33251
22.5792   1.0422   2.36321
22.7651   1.04241   2.4551
22.5014   1.01434   2.50616
22.2429   1.01487   2.74875
22.9209   1.02392   2.6984
23.459   1.00865   2.54818
23.5856   1.02048   2.63231
23.2126   1.0034   2.46888
22.8074   1.01713   2.61747
22.3554   1.04317   2.63084
22.1923   1.0008   2.82299
21.8779   1.00619   2.86322
21.3272   0.998595   2.78002
21.5615   0.995887   2.87742
21.1428   0.992118   2.88138
21.2524   0.997239   2.82517
21.5173   0.996563   2.67136
21.5767   0.975853   2.56608
21.823   1.01557   2.57898
21.6282   1.01389   2.69211
21.8264   1.03772   2.54346
22.1626   1.03525   2.77019
21.8258   1.05147   2.72039
21.7741   1.03356   2.89359
21.6806   1.02059   3.01655
21.6723   1.04893   3.21294
21.1068   1.06618   3.1858
21.2693   1.06096   3.32175
21.3911   1.04896   3.64664
21.0744   1.02356   3.50274
21.4474   1.04781   3.53624
21.8749   1.07951   3.72395
21.3237   1.09369   3.70112
20.7055   1.07938   3.90819
20.9025   1.08747   3.87832
21.6671   1.10251   3.69195
21.4886   1.10205   3.70856
21.7275   1.10911   3.57712
21.8688   1.11822   3.77785
21.9803   1.11064   3.87257
21.7825   1.12017   3.82774
21.5935   1.11484   3.95938
22.2667   1.13754   4.01967
22.3149   1.11956   3.97292
22.4732   1.12426   4.10199
22.4811   1.12846   3.92741
22.4814   1.0972   4.19743
22.5772   1.09688   4.45303
22.8964   1.10159   4.24744
22.9056   1.07675   4.12785
22.8285   1.06563   4.07224
23.1611   1.07099   3.95801
23.1836   1.03938   3.96467
23.7662   1.01718   4.00555
23.2429   0.978175   4.08609
23.261   0.967331   3.95685
22.6892   0.957236   3.88598
22.3072   0.952596   3.76459
22.2868   0.971842   3.81047
22.1327   0.963843   3.77535
21.963   0.977436   3.53436
21.319   1.00851   3.43821
21.9728   1.02278   3.46901
21.8449   1.0607   3.43137
22.1231   1.07687   3.44551
22.446   1.07908   3.42765
22.2739   1.09429   3.54716
22.0939   1.09687   3.41944
22.3933   1.10108   3.35345
22.5028   1.08885   3.45986
22.9338   1.09643   3.35789
23.3075   1.11427   3.34156
22.6645   1.10787   3.46673
23.2263   1.1364   3.50554
23.3532   1.12392   3.47643
23.4123   1.10224   3.41126
23.5656   1.11039   3.49103
23.0637   1.10116   3.59896
22.9406   1.11825   3.70533
23.348   1.09984   3.78019
23.6336   1.1238   3.75285
23.3909   1.11177   3.75204
22.7688   1.10427   3.79969
22.5566   1.13091   3.73389
22.5518   1.12136   3.75598
22.6183   1.11526   3.60496
22.2272   1.11619   3.57909
21.9485   1.11499   3.4891
21.9029   1.14955   3.41511
21.9594   1.15518   3.41353
21.6051   1.13968   3.34371
21.2802   1.15532   3.25358
20.9349   1.16476   2.95305
20.965   1.16481   2.88149
20.9841   1.16139   2.83755
20.5002   1.18961   2.98706
20.8281   1.17851   2.96628
20.827   1.18988   2.98801
21.0645   1.21337   2.97218
20.858   1.21481   2.88905
21.1102   1.2114   2.92246
21.3776   1.23883   2.98779
21.1991   1.24273   2.90911
21.232   1.25215   2.91409
21.6623   1.25501   2.81769
21.2863   1.24751   2.87222
21.3131   1.26288   2.89812
20.9734   1.2524   2.79281
21.2911   1.25084   2.69513
21.198   1.23554   2.7636
21.5195   1.23218   2.82147
21.1756   1.23089   2.92283
20.5899   1.19736   3.18928
20.0997   1.19709   3.26479
19.4772   1.19848   3.17866
19.524   1.17591   3.31981
19.3105   1.14434   3.45024
19.1257   1.11694   3.24102
18.7012   1.08298   3.3157
17.6998   1.05344   3.33744
17.5875   1.03444   3.37615
17.4643   1.03058   3.30244
17.2742   1.01658   3.50042
17.3726   1.02455   3.65055
17.7279   0.986911   3.90818
17.3536   0.934832   4.1165
17.699   0.935576   3.96055
17.235   0.876843   3.70883
17.2549   0.918368   3.36488
16.9388   0.95911   3.56309
16.6256   0.950421   3.49955
16.8688   0.936675   3.64256
16.3023   0.981908   3.56696
15.7905   1.00402   4.04973
15.1107   1.05831   4.07057
15.5144   1.05421   4.08722
15.3642   1.11315   4.2032
15.5053   1.10558   3.94878
15.1704   1.09031   3.97617
15.1221   1.05963   3.79957
14.6813   1.08918   3.61143
14.6678   1.09257   3.64936
14.559   1.11713   3.78441
15.0802   1.12464   3.65318
15.0664   1.18981   3.66246
15.2116   1.21728   3.37336
15.1697   1.18949   3.3191
14.8625   1.20521   3.3658
14.3121   1.19203   3.31936
13.9174   1.17871   3.14952
13.7479   1.16999   3.1004
14.0918   1.13304   3.01996
14.6837   1.12713   3.00046
15.5821   1.15447   2.94579
15.4666   1.15116   2.65875
15.4723   1.15655   2.83849
16.0557   1.16379   2.69467
15.9749   1.19855   2.62514
15.3072   1.19704   2.59893
15.4333   1.24133   2.39725
15.6587   1.24681   2.53562
15.8713   1.2173   2.55466
15.8301   1.25474   2.27045
16.031   1.25405   2.03266
16.4595   1.27509   2.27113
16.1234   1.29457   2.17425
15.906   1.29592   2.27114
15.7029   1.28777   2.38263
15.9783   1.28929   2.38356
15.7258   1.30694   2.22857
16.6112   1.30364   2.35408
16.7393   1.30421   2.71196
16.2356   1.33065   2.44331
16.8122   1.32666   2.46104
16.9367   1.36316   2.15619
17.3675   1.37868   1.85036
17.6316   1.42127   1.87827
17.6973   1.38959   1.93219
17.2436   1.43067   1.94767
17.3977   1.46487   1.84438
17.9923   1.4453   1.81036
18.3324   1.46854   1.64321
18.3854   1.44463   1.69446
18.494   1.43796   1.97771
18.2794   1.37591   1.84443
18.9382   1.32882   1.91987
19.1735   1.29968   1.73119
18.3304   1.2449   1.76798
18.4367   1.26006   2.05085
18.0724   1.26951   1.95031
17.7213   1.25214   1.86429
17.798   1.2518   2.07645
17.68   1.23302   2.25474
17.6162   1.21088   2.21664
17.4851   1.19458   1.98776
17.3775   1.21417   1.87624
17.465   1.20523   2.13383
17.156   1.1717   2.03768
16.8824   1.18063   2.08341
17.1214   1.16647   2.01966
16.2211   1.19307   2.16116
15.8962   1.19998   2.13804
15.5885   1.21178   2.15623
15.6604   1.20956   2.04301
16.1609   1.23082   1.96969
15.9171   1.24454   2.02001
15.8801   1.26582   2.00706
15.9198   1.26283   2.02737
15.7503   1.28118   2.14461
16.2462   1.28186   2.13072
16.3025   1.28628   2.08364
16.7494   1.27053   2.10739
17.0941   1.31593   2.12117
16.551   1.33502   2.277
16.354   1.35082   2.31561
16.9429   1.35106   2.21678
16.4134   1.37708   2.08027
16.1178   1.38807   2.03222
16.4516   1.36004   2.18211
16.1992   1.37216   2.00249
15.8844   1.3487   1.80944
16.3222   1.37824   1.69939
16.1443   1.38131   1.63232
16.4653   1.38505   1.55552
16.4387   1.41045   1.60568
16.3344   1.39631   1.57929
16.1639   1.38249   1.49455
16.7391   1.39565   1.64742
16.5173   1.41514   1.72788
16.7842   1.4232   1.7505
17.2092   1.43906   2.12147
17.4253   1.43363   2.04084
17.0438   1.40528   2.13735
17.1892   1.36333   2.17704
16.8288   1.35499   2.23528
16.3523   1.33248   2.25513
16.7487   1.31895   1.94524
16.6312   1.32916   1.89778
16.177   1.33591   1.94047
16.871   1.3261   1.77763
17.1881   1.32757   1.68213
17.7298   1.36   1.2799
17.3475   1.33923   1.24167
17.7828   1.33426   1.33193
17.7999   1.33198   1.31106
17.2952   1.31672   1.30268
17.4557   1.33562   1.29433
17.4026   1.28265   1.29389
17.6503   1.24725   1.458
17.2967   1.25954   1.70907
17.3114   1.27975   1.68786
17.1204   1.27248   1.7137
17.1815   1.24996   1.54896
16.6079   1.28037   1.76787
16.8422   1.30104   1.6916
16.7827   1.28692   1.53938
16.9734   1.29949   1.37065
16.8464   1.30727   1.19829
16.5418   1.30128   1.22941
16.2346   1.30717   1.12619
15.9845   1.31049   1.0854
15.7035   1.32651   1.2612
15.3754   1.31759   1.46229
14.9109   1.29004   1.15936
14.9217   1.2836   1.38681
14.8794   1.25608   1.56608
14.2968   1.18069   1.6623
13.9426   1.17271   1.65979
14.0989   1.15768   1.43854
14.3501   1.14995   1.51272
14.5377   1.12895   1.41044
14.5997   1.12638   1.51371
14.852   1.02773   1.55809
14.0363   1.0215   1.5991
14.2401   1.00003   1.5029
13.9219   0.906429   1.39831
13.3694   0.895535   1.42344
13.7566   0.947458   1.40867
13.219   0.924279   1.1404
12.6922   0.886314   1.25327
13.0267   0.911286   1.20266
13.0066   0.963796   1.51218
13.2004   0.930263   1.25071
13.5145   0.978308   1.26321
13.5411   0.901527   1.25839
13.2616   0.899098   0.823318
13.1362   0.899628   0.633897
12.195   0.898424   0.0101896
11.6144   0.938851   6.02673
12.2878   0.938174   0.0324329
12.7356   0.883189   6.24118
12.1702   0.946942   0.470005
12.4284   0.966085   0.421776
12.8364   0.944208   0.753336
12.7071   0.986514   0.660265
12.6202   0.984577   0.680809
12.8467   0.967016   1.21148
12.8776   0.991746   1.38261
13.1019   1.05832   1.48333
12.4704   1.00648   1.18805
11.4881   0.952469   1.00813
12.1195   0.953993   0.593378
11.7179   0.941116   0.509666
11.8198   0.951871   0.248295
11.948   0.929185   6.11633
12.17   0.914627   6.26345
13.0298   0.948183   6.17086
13.6346   0.940442   5.99111
13.8614   0.933604   6.13577
13.6926   0.983037   6.09792
13.3089   1.01967   6.08302
13.5636   1.03045   6.18341
12.5392   1.09245   6.21126
12.6374   1.1028   6.25276
13.0011   1.11406   0.00158449
12.4417   1.14473   6.09213
12.7683   1.16553   5.78797
13.0506   1.17851   5.71462
11.9766   1.14658   5.76778
12.1581   1.19262   5.89892
12.0713   1.21216   5.97731
12.3095   1.25797   6.17742
11.4965   1.29498   0.0668203
11.2238   1.30565   0.36098
11.0452   1.32377   0.265312
11.0883   1.37029   0.375592
11.1185   1.33561   0.00874986
11.3535   1.39227   0.1521
11.6798   1.39879   0.193155
11.1667   1.4167   0.315464
10.8819   1.4274   0.405742
10.6946   1.44382   0.608569
11.4826   1.44818   0.620472
10.9776   1.46009   0.459951
10.1495   1.44134   0.520669
9.95589   1.42909   0.645183
9.93119   1.48653   0.684558
9.58608   1.46937   0.800351
9.35392   1.51407   0.832901
9.21089   1.45452   1.40626
8.88935   1.51728   1.5008
9.24388   1.48342   1.33982
9.75084   1.47672   1.26569
9.37672   1.43565   1.44275
9.0562   1.42323   1.30196
8.93412   1.45406   0.993746
8.79802   1.36361   0.85066
7.80715   1.32875   1.30852
7.43024   1.22045   1.48671
7.92299   1.28314   1.69244
7.77669   1.21619   1.66279
6.60943   1.16491   1.88314
6.41767   1.13832   1.48981
6.22537   1.16522   1.12927
5.53088   1.0812   1.79661
4.24103   0.979046   0.590689
3.39738   0.921618   0.814546
2.49317   1.1859   0.288057
3.2637   1.04444   6.00874
2.96071   0.882403   5.54556
4.59105   0.935452   5.58043
4.76281   0.975637   4.97469
3.80989   1.05437   4.83202
4.1995   1.08132   5.03687
3.88811   0.990523   4.9319
4.03679   0.992489   5.29287
4.31275   1.01423   4.84329
3.96382   1.07297   4.02819
4.3299   1.00788   4.32436
4.02642   0.765083   5.21567
4.22036   0.82685   5.33161
4.44609   1.10455   5.51506
2.63579   1.00378   5.05629
2.65127   0.836588   4.69954
3.31353   0.589925   6.15648
1.65638   0.736156   5.98235
2.84149   0.948052   0.579284
2.34265   0.763553   1.03247
2.56679   0.807091   0.243229
3.6436   0.900594   0.137301
4.68681   0.682509   0.613987
6.56587   0.725106   0.621112
5.85344   0.698503   1.61629
6.27341   0.685845   2.26096
5.642   0.540688   2.61497
8.93949   0.64622   2.22127
8.07233   0.751076   2.50432
8.18774   0.593262   2.81094
8.48262   0.582412   2.5801
8.74936   0.617667   1.7561
9.22894   0.588454   1.87153
10.4431   0.691106   1.53534
9.8865   0.820011   1.21884
9.62738   0.741414   2.00358
9.02566   0.760021   2.05059
9.72084   0.749644   2.25464
10.1109   0.786647   2.1953
10.9335   0.771042   1.9783
10.5244   0.7573   2.84566
11.3665   0.702047   3.48251
11.3017   0.707797   3.42253
11.6477   0.742023   3.35807
11.365   0.824293   3.75071
11.1462   0.794004   4.088
10.5792   0.809375   3.8827
10.2087   0.775545   3.99621
10.3976   0.866387   3.74553
10.3077   0.851145   4.10021
10.5731   0.956756   4.15188
9.88639   0.885795   4.1622
9.84387   0.87494   4.50421
10.5843   0.847802   4.54406
10.1857   0.918247   5.03052
10.4219   0.887542   5.0429
9.72223   0.862198   5.51599
9.54839   0.928048   5.53037
9.20704   0.893281   5.81745
9.27371   0.916098   5.78321
9.11581   0.964303   6.14677
9.41511   0.862663   5.99238
9.05555   0.816785   6.16319
8.97268   0.871359   0.456208
9.4662   0.789632   0.667128
10.0168   0.802109   0.74517
9.54311   0.7806   0.654741
9.93426   0.856545   0.97436
9.54038   0.893301   1.2279
9.95983   0.909589   1.14628
9.29882   0.993043   1.4288
9.35416   1.02643   1.45172
9.13708   1.0309   1.50204
8.68908   0.951368   1.54944
9.56936   0.941647   1.42961
8.68029   0.90213   1.0197
8.61616   0.871574   1.10092
8.70644   0.900066   1.37879
8.46111   1.06712   1.44049
8.50454   1.1694   1.39774
7.7826   1.16499   1.04289
8.08471   1.13202   0.820749
8.50292   1.08709   0.870467
8.34625   0.953087   1.38626
7.81217   0.98086   1.30523
8.13057   1.0134   1.26539
7.91851   1.0684   1.52314
7.86922   1.04647   1.22419
7.67435   0.858647   0.796089
8.41239   0.899606   0.31406
8.47706   0.934328   0.386872
8.85018   0.84483   0.0227808
9.24377   0.789396   5.97884
9.11156   0.717756   0.162182
8.67611   0.782105   0.154262
9.22706   0.857222   0.00385237
9.64995   0.877367   0.1732
9.40201   0.919083   0.301808
9.48415   0.844924   0.29601
9.20228   0.694501   5.97908
9.2061   0.773616   5.37476
10.5196   0.667008   5.74297
10.3551   0.667796   5.59706
10.8041   0.690689   6.00273
11.3876   0.69247   5.90526
10.8886   0.579366   5.83213
11.6129   0.634093   5.83955
12.2593   0.626708   0.070513
12.1233   0.538508   6.18124
13.0589   0.577466   6.19066
13.6146   0.612054   6.14813
12.9005   0.672149   0.156691
13.1876   0.641517   0.547575
14.0898   0.703632   0.307817
14.6232   0.711852   0.489988
14.789   0.694673   0.554144
14.7256   0.639097   0.458401
14.5554   0.602721   0.812977
14.8159   0.575405   1.07483
15.4354   0.609713   0.965276
14.8472   0.563198   0.387038
15.2998   0.635591   0.69377
14.7836   0.680816   1.16588
15.1781   0.653305   1.1163
15.8592   0.696541   1.21531
16.3005   0.76472   1.08838
16.6755   0.782116   1.05301
15.9796   0.822655   0.889698
16.6078   0.902937   0.914731
15.9423   0.875714   0.619579
16.0234   0.85848   0.474361
16.8547   0.879454   0.564048
17.2888   0.826129   0.756728
17.9775   0.863491   0.671065
17.7836   0.852808   0.745591
17.7445   0.907113   0.499436
17.4889   0.936373   0.499595
17.9028   0.92948   0.521654
17.8405   0.955231   0.593306
17.7175   0.973654   0.318289
17.1906   0.978795   0.568419
17.1921   1.01504   0.597856
17.3128   1.02892   0.287632
17.3904   0.988015   0.212545
17.0596   1.00118   0.343956
16.7679   0.96284   0.40323
16.2974   0.958886   6.27247
16.392   0.918794   0.134204
15.9744   0.918139   0.362723
16.2479   0.872609   0.1082
16.632   0.8364   6.25521
16.4002   0.87324   0.302926
16.5177   0.870511   0.41271
16.6386   0.902525   0.22566
16.7619   0.869052   0.0604847
16.9494   0.893352   0.118342
16.9303   0.938267   6.17524
17.6848   0.963416   6.13989
17.5186   0.968469   6.20917
17.389   1.00915   6.1383
17.1657   1.04489   6.00376
16.4868   1.00703   5.891
16.4542   0.976335   5.71814
16.0767   0.922992   5.89186
16.3892   0.870178   6.12171
17.0869   0.851015   6.19184
16.711   0.89854   0.157512
16.2089   0.883417   0.0227309
16.4447   0.894197   6.14986
16.3761   0.920034   0.0855392
16.6471   0.929429   0.0554614
16.0897   0.925703   0.120868
16.6292   0.898147   0.412649
16.7499   0.933386   0.36013
17.351   0.936806   0.887327
17.0413   0.941188   1.06707
17.1195   0.958164   1.20558
17.3424   0.995284   1.15585
17.6339   1.03045   1.17736
18.1896   1.03562   0.865819
18.2925   1.07412   0.717393
18.2424   1.09416   0.839531
18.8296   1.10442   0.733513
19.3271   1.14193   0.568362
19.5511   1.14077   0.631134
19.1692   1.15442   0.743726
19.367   1.16289   0.55755
19.5624   1.18725   0.448498
20.4268   1.21328   0.563808
20.2964   1.16259   0.542335
19.996   1.14953   0.46349
19.4914   1.16004   0.373677
19.1948   1.13157   0.370528
19.7435   1.1461   0.489693
19.5281   1.10962   0.510265
19.6341   1.08027   0.644412
19.4798   1.09952   0.558093
20.5812   1.07816   0.564554
20.9107   1.0422   0.643095
20.4948   0.994009   0.651678
20.0831   0.962547   0.695576
20.7495   0.973599   1.11403
20.4675   0.906606   1.01428
20.9215   0.921072   1.04516
21.3973   0.876011   0.874257
20.6974   0.918772   0.889046
21.3278   0.892901   0.635609
20.8491   0.931585   0.459419
20.5087   0.94362   0.274916
20.5206   0.908345   0.0617548
20.4597   0.899237   0.23746
20.7244   0.898086   0.541296
21.3478   0.883181   0.264368
21.0076   0.914051   0.106133
21.2916   0.951742   0.150663
21.1103   0.958352   0.217001
21.2781   0.929089   0.105691
21.1495   0.914455   0.195613
21.293   0.937168   0.177511
21.6136   0.951891   0.0485345
22.1382   0.887181   0.0502819
22.1955   0.861884   6.27616
22.2597   0.880295   0.0430373
22.2246   0.845271   6.14198
22.1897   0.821006   6.02758
21.2223   0.881117   6.09226
20.788   0.862608   6.08096
20.2395   0.942459   0.0383891
20.1285   0.995726   0.0332403
20.1574   1.00182   0.04724
21.0322   1.00165   6.13434
21.4637   0.993522   6.08876
21.9296   0.99062   5.99216
21.8927   0.970488   5.97763
20.8771   0.944403   5.92315
20.2974   0.914317   6.07724
20.4089   0.953279   5.98967
20.2209   0.92101   6.02644
20.0543   0.933301   6.10156
19.9784   0.933779   5.9742
20.3872   0.914665   5.89452
20.2955   0.946346   5.71439
20.2775   0.958735   5.79948
20.8803   0.965761   5.92652
20.3371   0.946342   6.23429
20.4844   0.929927   6.19389
20.2969   0.948396   6.17163
20.9841   0.950216   6.16785
21.3716   0.951599   5.96913
21.0874   0.944646   6.01255
20.9047   0.904357   6.14739
20.4044   0.902575   6.15585
20.4631   0.884034   6.05096
20.2901   0.874363   6.15581
19.5102   0.886516   6.13544
19.181   0.894095   6.11535
19.1883   0.89186   6.20623
18.986   0.905734   6.02853
19.1604   0.877878   5.90345
19.2006   0.908863   5.8791
18.9905   0.906345   5.66536
19.3517   0.908832   5.68858
19.7735   0.896649   5.7235
19.6076   0.929917   5.77636
19.8976   0.919862   5.66651
19.7379   0.896893   5.8939
19.6877   0.956271   5.99749
19.9241   0.9457   5.8255
19.8009   0.893131   5.74833
18.8981   0.849543   5.77174
19.217   0.861393   5.80921
19.8149   0.828627   5.86992
20.559   0.858856   5.73832
20.1622   0.883877   5.83742
20.2355   0.874927   5.54453
20.1153   0.886204   5.51473
20.6518   0.878015   5.67087
20.4878   0.866087   5.85486
19.3858   0.92372   5.73605
19.1088   0.916312   5.75986
18.9478   0.889801   5.66663
18.2417   0.852234   5.92177
18.7613   0.838673   6.17649
18.102   0.870017   6.09065
18.4684   0.927223   5.79579
18.593   0.899595   5.71496
18.2207   0.963387   5.7419
17.529   0.990435   6.15572
17.1267   1.02905   6.24344
17.3623   1.05747   6.20101
17.4623   1.09603   6.10422
17.4404   1.09849   0.0127459
17.4337   1.12566   6.21595
17.338   1.09163   6.18141
17.5217   1.0971   6.05809
17.8841   1.10122   5.80345
17.9648   1.13359   5.77377
18.3844   1.14472   5.68243
18.2903   1.13031   5.75855
18.0799   1.11769   5.71465
17.8532   1.10237   5.55664
17.7766   1.11776   5.59395
17.2697   1.14715   5.86914
17.0844   1.16975   5.85451
16.5928   1.14336   5.52868
16.3637   1.11847   5.55369
17.4335   1.1414   5.24075
17.5076   1.12975   5.49669
17.679   1.11179   5.25755
17.4758   1.09079   5.21574
18.1348   1.03561   5.33946
18.7432   1.0671   5.0255
18.4629   1.06065   5.34459
18.5535   1.07028   5.33812
18.0944   1.05938   5.29245
17.8957   1.0546   5.31711
18.2092   1.03727   5.31645
17.4251   1.02671   5.28152
17.9145   1.00091   5.66628
17.518   0.96094   5.53267
17.7643   0.965551   5.17608
17.7541   0.983096   5.36551
18.4495   0.975887   5.28053
18.6821   0.938859   4.95042
18.3664   0.9435   4.87796
18.1846   0.975707   4.53932
17.6349   0.933576   4.69923
17.4247   0.902046   4.7736
16.9431   0.918456   5.16667
17.5775   0.97017   5.27353
17.4002   0.939037   5.46748
16.9998   0.961099   5.2481
16.5226   0.92273   5.29866
15.669   0.902405   5.30088
15.4022   0.905891   5.34304
16.1224   0.871726   5.59924
16.4222   0.853424   5.59515
16.1899   0.873543   5.63849
16.2735   0.835904   5.29204
16.4579   0.802015   5.36353
16.5601   0.832812   5.09456
16.6554   0.884176   5.046
16.185   0.894704   4.6998
16.3801   0.963207   4.78862
16.8774   0.920031   4.72848
16.8181   0.938385   4.90684
17.169   0.909745   4.84855
17.2019   0.911493   4.6876
17.3466   0.880839   4.64642
17.3849   0.935665   4.39241
17.3517   0.922474   4.37768
17.0232   0.935677   4.25481
17.3277   0.909382   4.31541
17.4789   0.897724   4.39681
17.351   0.915601   4.42809
17.1933   0.958191   4.34934
17.1739   0.937014   4.099
17.662   0.895925   3.97825
17.6789   0.888115   4.30773
17.3413   0.867565   4.48112
17.013   0.862705   4.39197
17.2251   0.8857   4.23898
17.3964   0.898086   4.30229
17.0611   0.842902   4.44952
17.7467   0.821784   4.25337
17.501   0.762193   4.08045
17.8579   0.771205   4.14902
17.9709   0.803937   4.24691
17.9779   0.793692   4.14035
17.9791   0.755278   3.8259
18.1968   0.670245   3.85865
17.8475   0.667062   3.92121
16.867   0.67486   3.88413
16.2108   0.745141   3.82708
15.9541   0.704633   4.11495
15.0204   0.715162   3.94179
14.9799   0.704183   3.45952
15.2306   0.753901   3.7031
15.1778   0.774327   3.45805
15.0737   0.788126   3.27051
15.4716   0.83895   3.34256
15.9779   0.815901   3.31594
15.067   0.810396   3.2087
14.2758   0.719077   3.3306
13.354   0.726407   3.4483
14.0903   0.643445   3.78207
15.2448   0.580834   3.6977
15.6485   0.580386   4.08533
16.2713   0.644705   3.7963
16.2566   0.614992   3.59327
15.8181   0.636125   3.48932
15.8698   0.606269   3.53398
15.793   0.61358   3.63342
17.2449   0.632161   3.58504
16.7336   0.64114   3.65903
16.4852   0.637085   3.97147
15.9824   0.679562   3.83573
14.4872   0.631906   3.62643
14.0905   0.70016   3.78389
13.937   0.719063   3.61192
14.175   0.673686   3.38756
14.3739   0.671813   3.48585
14.7848   0.645329   3.67492
14.2928   0.646663   3.77303
14.0404   0.702934   4.38495
14.4419   0.720569   4.54254
13.9592   0.72266   4.17535
14.5726   0.679889   4.28539
14.491   0.726373   4.71613
14.0742   0.700112   4.37863
13.3055   0.634401   3.52701
13.5041   0.648175   3.4193
13.7896   0.61042   3.49208
14.138   0.643366   3.26828
15.0136   0.643771   3.06388
15.653   0.661326   2.6063
15.7925   0.652177   3.16575
15.9386   0.64599   3.24047
15.5063   0.704633   3.17503
14.5095   0.711272   3.46723
14.7357   0.697615   3.52598
15.017   0.731307   3.3395
15.2752   0.690014   3.50217
15.1571   0.683193   3.16146
16.3779   0.717946   3.22767
17.5352   0.683171   3.33513
17.5704   0.607993   3.08679
16.7851   0.564366   2.99064
18.4145   0.56257   3.01359
19.2681   0.527049   3.37027
19.9652   0.549691   3.49272
19.9599   0.534094   3.79044
20.3199   0.567115   3.68894
19.939   0.647281   3.57676
19.1651   0.626866   3.56174
19.2146   0.594808   3.44142
19.0667   0.626724   3.422
18.1692   0.638319   3.24683
18.4044   0.652145   3.68009
18.187   0.657347   3.96841
17.8351   0.638073   3.77802
18.1793   0.679275   4.15919
18.2279   0.703714   4.00312
18.172   0.692819   3.84482
18.1667   0.687211   3.89508
17.9418   0.70164   3.71274
17.6647   0.747949   4.13653
17.7101   0.79032   4.34519
17.9232   0.850598   4.58778
18.3279   0.832029   4.62374
18.3475   0.813244   4.92131
17.9735   0.792162   4.72789
17.0765   0.84399   5.0387
16.9786   0.881314   4.93535
16.4681   0.882952   4.74316
16.4242   0.926077   4.63274
16.3236   0.949431   4.62291
15.9234   0.916808   4.40036
16.5012   0.941827   4.50364
16.8996   0.944646   4.75946
16.6988   0.911284   4.84645
16.8934   0.92674   4.87865
16.7011   0.93321   4.83632
16.4702   0.928849   4.88694
15.9161   0.960822   4.98757
15.6886   0.926996   4.6484
15.5021   0.87133   4.39015
15.0038   0.891759   4.43021
14.7508   0.822889   4.23278
14.8194   0.870945   4.06278
15.196   0.844055   3.87324
15.1538   0.861663   4.0378
14.8706   0.927339   4.12478
14.6633   0.979426   4.19411
14.5598   0.977867   3.98408
14.8077   1.00151   3.72883
14.3988   1.00797   3.66949
14.3619   1.01847   3.69479
14.9183   1.03963   3.61268
14.6149   1.07033   3.41588
14.174   1.08714   3.3721
13.7637   1.15935   3.40883
13.695   1.14624   3.43918
13.8933   1.13543   3.13013
13.8921   1.14384   3.1487
13.0965   1.12481   3.33038
13.3994   1.13039   3.11509
13.3248   1.12162   3.12396
13.8556   1.13309   3.17047
13.4283   1.11946   2.976
13.4587   1.05303   3.14569
13.2941   1.01232   3.34111
12.9774   0.971571   3.26418
13.3973   0.978363   2.9593
13.8333   0.995589   2.97302
13.4017   1.05151   2.94343
12.7553   1.0384   3.08474
12.2388   0.967123   3.25362
11.558   0.910158   3.32166
11.5689   0.911995   3.45288
11.5031   0.88904   3.01008
11.1822   0.948006   3.40188
10.9814   0.95056   3.25171
10.6468   0.961795   2.77858
10.0662   0.983518   2.69654
10.6909   0.944687   2.6721
10.4937   1.0094   2.09049
10.1959   1.02396   2.08175
10.0109   0.991542   1.9091
10.5576   1.01567   2.17093
11.7615   1.05358   2.42223
12.2881   0.925753   2.75374
12.0284   0.938579   2.8291
10.5432   0.958295   3.18212
10.6868   0.907883   2.86934
11.6389   0.903003   3.1168
12.1018   0.889748   3.32578
11.8588   0.993636   3.23597
11.6243   1.01566   3.166
11.1225   0.977685   2.92836
11.5044   0.96455   3.39387
10.2544   0.853061   3.18619
10.3805   0.995366   3.01409
10.2538   0.928091   3.01552
9.99   0.966867   3.29096
10.0446   0.914205   3.27419
9.82288   0.905425   3.72344
9.93476   0.955069   3.8148
11.1226   0.877537   3.9441
11.2568   0.855037   4.28323
11.4959   0.922558   4.36772
12.2341   0.958134   4.26946
12.6117   0.983783   4.1821
12.6329   0.985007   4.26626
12.2605   0.949002   4.53089
12.1652   0.945906   4.45005
12.5673   0.992526   4.48395
12.921   1.01443   4.94243
12.5319   0.994303   4.56728
12.7822   1.03575   4.50343
13.24   0.996646   4.72535
13.0951   0.988412   4.82928
13.5731   0.965066   5.00047
13.9498   1.02259   4.99936
13.9635   1.03316   4.97047
14.6344   0.995535   4.83443
15.1572   1.00802   5.18693
14.996   0.97224   4.90192
15.2975   0.925589   5.01387
15.0205   0.923347   5.02265
15.1351   0.962034   4.71876
15.0537   0.916613   4.89521
15.3089   0.935738   4.84974
14.8648   0.899607   5.12627
15.2164   0.922161   5.51559
14.5515   0.92905   5.29879
14.8068   0.894883   5.4937
15.137   0.931608   5.47816
15.156   0.938652   5.61072
15.2203   0.910618   5.36068
15.0601   0.938983   5.20408
15.4248   0.86322   4.97505
16.0343   0.858372   4.4082
16.198   0.844043   4.39066
16.0204   0.796926   4.45859
16.6616   0.773381   4.49213
17.0619   0.759756   4.68932
16.9006   0.727605   4.71993
17.0028   0.757954   5.13694
16.6456   0.768526   5.04767
16.1971   0.771873   5.24026
16.2544   0.792105   5.51383
16.3789   0.805861   5.18959
17.0613   0.791501   5.14079
17.3249   0.725631   5.20115
18.1342   0.728279   4.85969
17.3741   0.795722   4.65376
17.4018   0.769444   4.76985
17.4687   0.800247   4.28108
17.2837   0.846044   4.6192
16.9506   0.879013   4.63233
16.1918   0.949435   4.58387
15.935   0.937815   4.73882
15.7354   0.888859   4.96822
15.8382   0.88386   5.03704
15.6546   0.842967   4.95626
15.2264   0.815015   5.13112
15.2327   0.810006   4.96658
14.8064   0.860402   5.12044
13.9473   0.913653   4.9745
14.2754   0.873371   5.03981
14.2813   0.804047   5.03351
14.3161   0.916386   5.40223
13.5321   0.942532   5.50251
13.6364   0.942031   5.1134
13.4388   1.00776   4.82924
13.2883   1.07649   4.62042
13.5146   1.06403   4.49522
12.9666   1.06991   3.99035
13.2195   1.16984   4.28079
13.8286   1.18601   4.28962
14.6474   1.14995   3.97957
14.015   1.17644   3.7412
15.0761   1.25324   3.95155
14.5659   1.26693   3.60833
14.8261   1.29328   3.83026
15.4322   1.27781   4.19883
15.3095   1.28956   4.29884
15.1492   1.29457   4.41279
14.8345   1.27905   4.32602
15.2711   1.28129   4.80523
15.633   1.26577   4.78525
15.2609   1.21369   4.84798
14.3163   1.1949   5.04129
14.7025   1.2272   5.54353
13.9119   1.20052   5.43828
13.3274   1.20159   5.49232
12.6566   1.1794   5.30337
12.9132   1.20512   4.88558
12.3537   1.21658   4.9712
12.0486   1.22885   5.27065
11.5472   1.20071   4.83662
11.1395   1.21832   4.85368
10.699   1.14208   5.06154
11.5624   1.08952   5.52055
10.8941   1.14165   5.27252
11.2397   1.10592   5.10018
12.2433   1.1338   4.82566
11.7909   1.1769   5.44469
11.2586   1.1999   5.48593
10.6134   1.24528   5.64884
11.0092   1.23293   5.28181
10.8053   1.21189   5.3005
10.3862   1.25677   5.6145
10.4499   1.19678   5.52461
9.77796   1.12203   5.3848
9.00937   1.14207   5.44324
9.5096   1.16437   4.91352
10.1429   1.18355   4.80738
10.0892   1.16686   4.77488
11.1651   1.14545   5.26488
11.5861   1.17683   5.12238
11.7086   1.18099   5.41991
11.5687   1.16807   5.02567
11.47   1.11135   5.01813
11.4979   1.14648   5.2219
11.6318   1.21219   5.19137
11.6797   1.20147   5.60716
11.1119   1.14134   5.36221
10.3858   1.12014   5.76266
11.2115   1.1152   5.74126
10.4362   1.05344   5.55672
10.5185   0.99753   5.35093
10.7362   0.988699   5.83664
10.3988   0.977136   5.47045
9.96757   1.04565   5.47729
9.26895   0.94243   5.91595
7.75097   0.985103   0.16387
7.35848   0.954976   0.664735
7.15362   0.942473   0.0729058
6.4824   1.06691   0.38564
6.86765   1.12092   0.183104
8.25663   1.17904   0.391706
8.16262   1.30825   0.348584
8.1488   1.26811   0.157736
7.83314   1.32122   0.425818
8.70253   1.27671   0.378232
8.92084   1.30751   0.327944
9.42652   1.2779   0.255736
9.04462   1.19678   0.570605
8.20089   1.17125   6.27441
7.72988   1.17145   5.40708
8.74535   1.20325   5.79551
8.12329   1.22764   5.72624
7.65014   1.08768   0.201394
8.78445   0.93847   0.526118
9.24863   0.993957   0.335212
8.57211   1.01384   0.856429
8.65324   1.00136   0.528176
8.30105   0.919433   1.15198
8.05139   0.980705   1.03602
8.02947   0.878901   1.76525
7.81894   0.908271   1.73657
8.29475   0.906021   1.77413
8.28073   0.960715   2.16139
7.923   1.05909   2.45871
8.16218   1.07271   2.31906
7.55797   1.11158   1.82583
6.96616   0.923342   1.84008
7.88276   1.04327   1.75119
7.80229   0.969351   1.30312
7.25077   0.958134   1.38141
5.83699   0.938837   1.96647
6.44191   0.923852   2.36018
7.31391   0.837278   2.36935
6.28596   0.835335   2.77366
7.15174   0.81988   2.45503
6.86389   0.756214   2.5335
6.74034   0.567471   2.52521
6.96891   0.357228   3.2045
5.99181   0.41587   2.92465
6.95086   0.455965   1.96734
7.8978   0.52459   1.10954
7.65584   0.43615   5.94681
9.22399   0.482884   0.295555
9.82207   0.61001   0.256507
9.40194   0.63293   0.352688
8.48082   0.692634   0.710252
8.64529   0.724946   0.795346
9.50262   0.746899   1.17658
9.65949   0.822216   1.4677
9.52058   0.79077   1.3301
9.78015   0.763944   1.09078
10.1231   0.793167   1.16691
10.4232   0.783065   1.11133
11.9631   0.85724   0.692194
12.3995   0.790939   0.206613
13.5063   0.760561   0.5865
13.9641   0.79367   0.495061
15.3979   0.778719   0.501216
14.95   0.831976   0.777257
14.8724   0.833652   0.995612
14.46   0.813336   1.25192
15.2814   0.821543   1.46569
15.9108   0.794631   1.62474
15.3955   0.797799   1.79227
15.1957   0.802415   1.69221
15.3278   0.810272   1.81125
14.7449   0.816237   1.06519
14.9437   0.831024   0.717354
15.0378   0.895113   0.374374
14.5156   0.906076   0.706227
14.2591   0.845691   0.383973
13.9691   0.833469   0.130534
12.7656   0.819961   6.22469
11.7616   0.750014   0.00839196
12.3671   0.797573   5.98969
12.9242   0.910929   6.10382
13.9911   0.866525   6.03051
14.1538   0.901209   5.87626
14.5373   0.904166   5.93552
14.5771   0.975366   6.11441
14.7897   1.01778   5.6491
14.4341   1.00703   6.11143
14.2575   0.950051   5.45733
14.105   0.958418   5.63699
14.2131   0.922798   5.20752
14.6936   0.936016   4.8629
14.2104   0.921012   4.61586
14.4671   0.967057   4.6456
14.6603   0.96617   4.95151
15.0484   0.983436   5.45342
14.8784   0.975457   5.58723
15.0613   0.872081   5.95706
16.2904   0.880752   6.14071
16.1869   0.893781   5.99767
16.8047   0.899952   6.25196
17.2787   0.851456   5.91435
16.7043   0.852403   5.68861
16.3406   0.880214   5.35581
16.9182   0.881506   5.52521
17.1669   0.848255   5.33866
16.9072   0.765692   5.48236
17.4132   0.745115   5.36727
17.2182   0.705517   5.26927
17.6668   0.677876   5.14594
17.4252   0.702111   5.21686
17.7881   0.772692   5.22148
18.3136   0.772436   5.50384
18.3537   0.795353   5.54795
18.2042   0.805214   5.4454
17.9565   0.756089   6.01874
17.358   0.779792   0.0872353
16.9995   0.778349   0.11515
17.1055   0.726931   0.0623719
16.9342   0.762355   6.25033
16.7683   0.795582   0.176623
16.8878   0.717533   6.2295
16.9619   0.775004   6.13145
17.0391   0.784658   0.167521
16.8458   0.840922   0.441481
17.3381   0.831008   0.137747
17.9263   0.774627   0.0823312
17.9518   0.795041   0.0284404
18.5659   0.791878   0.0513545
19.3421   0.814596   0.0953614
19.2945   0.86329   0.173677
19.7253   0.884323   0.48835
19.871   0.886141   0.536827
19.1361   0.889057   0.507665
19.8698   0.881479   0.755633
20.1818   0.928326   0.716886
20.4075   0.923153   0.587131
19.6034   0.921361   0.595298
18.5008   0.91729   0.539008
19.4388   0.956631   0.534282
19.2891   0.94749   0.799505
19.5742   0.951265   0.637639
18.8137   0.9461   0.420399
18.6695   0.972617   0.651132
18.6797   0.957975   0.461292
18.0017   0.964123   0.50989
18.627   0.99236   0.756606
18.9138   0.966975   0.967814
18.5918   0.957039   0.957892
18.594   0.981919   1.12214
18.5193   1.00257   1.1134
18.9296   1.02485   1.20443
19.0861   0.996428   1.1395
18.9661   0.965444   0.818565
18.5415   0.919834   1.10855
18.6488   0.890573   1.13086
18.9763   0.906098   1.34034
19.064   0.89491   1.56989
18.871   0.926838   2.02003
19.1343   0.914475   2.00441
18.9613   0.941948   1.8909
18.5475   0.902323   1.81282
18.0404   0.924021   1.62656
17.817   0.958151   1.60422
17.7819   0.918484   1.34449
18.2586   0.918325   1.38694
18.4083   0.920753   1.26389
18.5922   0.918354   1.29625
18.521   0.877785   1.62358
18.135   0.848854   1.20983
19.3477   0.840784   1.07426
19.6934   0.864617   1.32613
20.5582   0.846027   1.38488
20.5697   0.820016   1.26676
20.9056   0.828548   1.26273
20.4468   0.862693   0.992067
20.5829   0.851105   0.978243
20.4713   0.828741   0.985914
20.1381   0.842079   1.00529
20.618   0.869015   1.18297
20.4389   0.858143   1.66674
20.373   0.840608   1.42159
19.7861   0.8075   1.27485
20.5147   0.81726   0.91067
20.8112   0.851222   0.839548
21.4783   0.859841   0.626255
22.259   0.842433   0.683094
22.5635   0.875542   0.54877
23.0684   0.882551   0.534587
23.9195   0.954611   0.689854
24.5706   0.959595   0.71275
24.6824   0.982952   0.558161
24.6954   0.975546   0.673887
24.7238   0.981778   0.5873
25.1235   0.97259   0.483906
24.7021   1.0059   0.286007
24.8139   1.01987   0.232783
24.8359   1.03834   0.227952
25.8969   1.05183   0.167635
25.5099   1.0495   0.234439
24.8013   1.07534   0.158492
25.3347   1.0487   0.120774
25.6812   1.05658   6.18207
26.3803   1.05579   6.21375
26.8946   1.08195   6.17153
27.3868   1.10097   0.139506
27.1891   1.10148   0.136481
27.2418   1.11626   0.217473
27.4685   1.12657   0.165599
26.5817   1.09295   0.208859
26.5793   1.08734   0.0816418
26.7748   1.10133   0.122741
26.7934   1.10201   6.21867
26.9868   1.11511   6.24019
27.8232   1.11667   6.25496
28.3948   1.09505   6.16221
28.3945   1.07411   6.15851
27.4618   1.03397   0.0783864
27.6774   1.02238   0.165973
27.8321   0.998155   0.00198086
28.0672   0.988576   6.23801
28.05   0.980108   6.08062
27.2158   0.94267   0.0248511
26.6495   0.941448   6.08584
27.1327   0.878694   6.18912
27.5627   0.880812   6.10166
26.6959   0.904236   6.22754
26.7928   0.92647   0.172047
26.8541   0.940169   0.236685
27.0635   0.89729   0.143901
26.7128   0.898717   0.100881
26.6161   0.872513   0.141999
26.6083   0.880454   0.14278
26.7042   0.86133   0.278954
26.6472   0.817397   0.0682344
27.2983   0.830577   6.23867
26.7617   0.856926   5.93944
25.8505   0.851005   5.84974
25.3708   0.834926   5.88411
26.0901   0.834815   6.03539
25.8769   0.790848   6.15187
25.1794   0.752435   0.0107897
24.5959   0.701149   0.0855637
23.7732   0.70532   6.07542
24.3091   0.711527   6.25951
24.7427   0.700704   6.24066
25.0388   0.70628   5.93766
24.4488   0.665362   5.83471
24.3659   0.639146   5.53494
24.5292   0.630034   5.47729
24.93   0.645552   5.48545
24.6079   0.669711   5.4035
24.5851   0.645788   5.61836
25.1006   0.613105   5.71752
25.059   0.621714   5.87422
25.4178   0.590348   6.05787
26.0184   0.52878   0.0312334
25.3826   0.537245   5.93813
25.7024   0.547963   6.16947
25.4139   0.531501   0.188901
25.3948   0.517588   0.240099
24.9834   0.544361   0.397489
25.1913   0.5693   0.410872
24.8735   0.549696   0.188367
24.285   0.524451   0.264784
23.5881   0.559551   0.100238
23.3406   0.577885   6.19894
24.5069   0.575074   0.268625
23.4002   0.578155   0.0147809
22.8149   0.538662   6.16373
23.2177   0.523916   0.265447
24.7385   0.50031   0.0632046
25.1126   0.554736   6.25164
25.7193   0.559681   0.264311
25.9524   0.563304   0.118236
25.5001   0.57779   0.180531
25.3398   0.572204   0.02762
25.5297   0.557871   6.27542
24.9794   0.557288   0.332674
24.5909   0.571108   0.401584
24.311   0.54007   0.828997
24.4919   0.54014   0.491468
24.3568   0.543016   0.201931
24.1662   0.533049   6.20304
23.1882   0.54195   0.280614
22.9499   0.541536   0.194218
22.0964   0.560693   0.469259
22.4149   0.563813   0.622238
22.2115   0.615291   0.496909
21.893   0.633911   0.467067
22.6229   0.686753   0.496494
23.1163   0.630543   0.830409
23.672   0.648385   1.06268
24.7588   0.634386   1.12392
25.3615   0.648636   0.882908
25.2263   0.656356   0.971793
25.3533   0.657205   1.06735
24.3187   0.69904   0.925483
24.2377   0.692457   0.805062
24.2952   0.644819   0.631176
24.5748   0.700706   0.496132
23.3824   0.68424   0.134609
22.2707   0.661395   0.262539
22.8738   0.720206   0.0762867
23.119   0.713944   0.0796195
23.3814   0.751228   6.18848
22.6799   0.729824   6.20043
22.7876   0.693168   6.08391
22.1582   0.652242   6.1457
22.5131   0.662508   0.0790529
22.357   0.655076   0.161513
23.4315   0.675091   6.21722
24.0732   0.66572   0.095083
24.0239   0.642663   6.18311
24.6072   0.654635   6.19289
23.9949   0.673759   5.98563
23.775   0.684551   5.91051
23.9081   0.686924   5.57348
24.5208   0.692474   5.60897
24.5669   0.686821   5.7759
25.6392   0.665537   5.81546
25.9284   0.677089   5.79577
25.9496   0.703919   5.86557
26.2512   0.716677   5.68718
26.6465   0.698868   5.84496
27.285   0.684105   5.62654
26.9833   0.698131   5.83798
27.6759   0.693716   5.96216
28.3074   0.665465   5.92748
28.4976   0.659367   5.7057
27.1468   0.688843   5.66571
26.1344   0.721054   5.65432
26.4175   0.740342   5.48642
26.3399   0.704655   5.69783
26.4001   0.700707   5.57235
25.9022   0.71793   5.55927
25.5691   0.770446   5.42981
25.1965   0.798074   5.82467
25.3991   0.78522   5.74029
25.3622   0.785984   5.94701
25.3549   0.749897   5.91233
24.947   0.790884   5.82058
25.8132   0.823935   5.68245
25.3875   0.807883   5.54549
25.0009   0.842424   5.30653
25.7247   0.808606   5.08256
26.1606   0.825513   5.08908
25.7936   0.81279   5.30841
26.0873   0.878883   5.25881
26.2641   0.901004   5.39288
26.0348   0.917158   5.2482
25.8388   0.923227   5.17228
25.6052   0.869576   5.27645
25.4903   0.859454   5.51956
25.979   0.844782   5.6567
25.9609   0.845707   5.39074
26.1752   0.846323   5.40346
26.128   0.8218   5.49089
26.0688   0.818733   5.63782
26.0571   0.864207   5.69279
25.7518   0.911726   5.70361
25.7575   0.960862   5.59821
25.7914   0.976938   5.58131
26.1441   0.976159   5.52514
25.8136   0.968145   5.53228
25.3849   0.938419   5.60775
24.8354   0.909746   5.75392
24.4047   0.920532   5.72507
23.7946   0.924657   5.787
23.124   0.895301   5.92367
22.6943   0.899179   5.984
22.4039   0.908362   5.92346
22.7194   0.889219   5.89475
22.7295   0.951304   5.93352
21.9535   0.913064   5.73898
21.8056   0.918207   5.66859
20.917   0.901469   5.45492
20.7161   0.885462   5.72986
20.7272   0.906333   5.61347
20.2151   0.908412   5.52527
20.1377   0.937071   5.37456
19.9014   0.976047   5.41567
19.931   0.97743   5.35825
20.2482   0.957978   5.54003
19.9741   0.924974   5.68174
19.5244   0.940625   5.66715
19.3729   0.933411   5.82318
18.9564   0.913932   5.36272
19.2403   0.905118   5.37939
19.5999   0.911659   5.36559
19.9462   0.947835   5.25732
19.3896   0.958342   4.93009
18.9414   0.953927   4.68163
18.493   0.946145   4.36798
19.1836   0.932991   4.46508
19.5125   0.919657   4.43532
19.9358   0.938634   4.4183
20.2965   0.8943   4.48246
20.6057   0.91055   4.76957
21.5923   0.921021   4.69928
21.6419   0.937441   4.47639
22.0875   0.919275   4.49639
21.9684   0.946946   4.50028
22.5879   0.953058   4.43165
22.2206   0.947259   4.67292
23.1368   0.907084   4.3487
24.0516   0.924375   4.54607
23.3205   0.915776   4.51902
23.4523   0.919459   4.15127
22.7427   0.879609   4.03417
21.9421   0.967567   3.83066
21.968   0.98749   3.90998
22.3478   1.00267   3.9633
22.0303   1.02001   3.8418
22.2701   1.04859   3.84018
22.1934   1.02757   3.90301
22.3388   1.02539   3.78867
21.478   1.08335   3.79683
21.8127   1.0838   4.04844
21.8002   1.11273   4.17679
22.0093   1.10193   3.93615
21.6809   1.07514   4.28985
21.6847   1.0769   3.87806
22.1161   1.06865   3.93834
21.6411   1.07512   3.911
21.6055   1.09871   3.66975
22.0831   1.11785   3.80216
21.7534   1.14987   3.58147
21.4409   1.14722   3.53967
20.9592   1.15551   3.63288
20.9243   1.1552   3.80444
20.4202   1.14527   4.02578
21.0206   1.14073   4.09313
21.214   1.13866   4.06707
20.5345   1.12703   3.80729
21.7363   1.16751   4.00991
21.7178   1.12355   3.93556
21.8539   1.09923   3.8554
21.0289   1.12884   3.88447
20.5629   1.08813   3.96084
20.9847   1.10094   3.86914
20.8684   1.1511   3.736
21.0618   1.11197   3.74594
20.6959   1.12846   4.01269
20.601   1.15363   3.76453
20.1312   1.15009   3.89871
19.8138   1.12742   4.27464
19.5607   1.1336   4.43847
20.1889   1.1032   4.73796
20.019   1.06843   4.92662
19.6188   1.06676   4.87471
19.0537   1.06388   5.01668
18.9945   1.0695   5.17735
18.6472   1.04838   4.86205
18.2168   1.01462   4.97039
17.6549   1.02346   5.12004
18.1674   0.997849   5.24313
18.2409   1.05703   5.25336
18.1419   1.07956   5.25741
18.0318   1.09114   5.3073
18.0871   1.08604   5.3552
18.313   1.02956   5.52181
18.1713   1.02949   5.46921
18.1161   0.985165   5.34029
17.6448   0.946782   5.69899
17.8732   0.964154   5.57636
17.6754   0.996451   5.79189
17.5187   0.959491   5.98745
17.3094   0.97459   5.90858
18.2745   0.974455   6.09434
18.8723   0.995432   5.91642
18.9797   1.0054   5.93652
18.8751   1.02788   6.1486
18.7171   1.03859   6.15388
18.6407   1.04251   5.99678
18.0031   0.992124   5.9382
18.1841   1.00071   5.83147
18.2475   0.97127   5.84373
17.4528   0.948921   5.75342
17.5131   0.979272   5.5557
17.2087   0.988618   5.34095
17.1823   1.01602   4.83333
16.7044   1.01376   4.71821
16.7285   1.0171   4.88583
15.6986   0.944795   5.33917
15.0844   0.9183   5.17785
15.5094   0.905994   5.24395
16.0316   0.92602   4.72092
16.0777   0.923354   4.65376
16.1926   0.939103   4.4284
15.777   0.934495   4.66668
15.4547   1.03319   4.46255
14.9658   1.06756   4.1721
14.7171   1.03347   4.02949
14.701   1.02471   3.94253
14.1909   1.04949   4.09136
14.3741   0.974628   4.18657
13.6661   0.930012   3.95455
13.0345   0.883461   4.39636
13.0068   0.840897   4.21262
12.819   0.834336   4.06071
12.5682   0.812039   3.64053
12.243   0.855522   3.46611
12.7874   0.866095   3.94148
12.1245   0.921624   4.51726
12.3951   0.90685   4.2702
12.608   0.9503   3.81283
12.1797   0.909544   3.74297
12.5403   0.817398   3.64592
12.0767   0.815267   3.41632
12.035   0.853309   3.35282
11.2578   0.854264   3.26326
11.1655   0.89278   3.6417
11.1053   0.816691   3.81841
10.9178   0.827677   4.46459
12.1859   0.813739   3.81919
11.7365   0.73105   3.8022
12.3923   0.764805   4.05979
12.3556   0.876499   3.74995
11.6816   0.966598   3.90744
11.2236   0.960245   3.9162
10.3436   0.846239   3.23244
10.4074   0.88946   3.02295
10.4319   0.900331   2.65301
10.9871   0.900203   2.56259
11.6196   0.969004   2.52833
11.3748   1.01203   2.35692
11.4801   0.941605   2.35932
11.4051   0.957938   2.4583
12.3874   0.947301   2.70722
11.4242   0.957144   3.09862
11.5088   0.84126   2.89512
12.2744   0.822383   2.49772
12.1533   0.743846   2.33563
11.7143   0.86067   2.40063
11.8868   0.937748   1.92118
10.4959   0.962459   1.85248
10.7579   1.01588   1.75436
10.9626   1.03213   1.65874
10.6097   1.00396   1.8358
11.1712   1.01024   1.96114
11.3753   1.06666   1.88373
10.3132   1.04437   1.83335
9.92061   0.95105   1.37044
10.9029   0.97856   1.64947
10.6233   1.00118   0.952419
10.9718   0.987328   0.621848
11.1848   1.00149   0.397531
10.7521   1.05352   0.302904
10.8637   1.13129   0.0764291
9.90417   1.14748   6.26037
9.42955   1.04499   5.41864
8.82893   1.0742   5.85505
8.11209   1.00421   6.11759
7.59183   0.953476   5.76416
8.04548   1.07884   5.68348
8.12273   1.10019   5.23401
7.85754   1.10559   5.07077
8.03509   1.17733   4.66217
8.41886   1.18324   4.77791
9.03377   1.13621   5.56886
8.62006   1.08081   4.66416
7.60439   1.10845   4.59015
7.7936   0.994385   5.57514
8.87838   0.998844   0.165445
8.98412   0.901492   5.96318
7.71504   0.907105   5.59679
7.83379   0.875679   5.12712
9.1295   0.836751   4.84469
9.13268   0.931421   5.08813
8.84066   0.968402   5.18036
7.67741   1.02414   5.6331
8.36429   1.02563   5.2554
9.03317   1.00633   5.12629
9.09623   0.97042   5.01509
8.75484   0.921436   5.09219
8.88266   0.924478   4.71082
7.92833   0.998206   4.41313
8.14586   1.06094   5.30846
7.55367   1.04716   4.86465
7.73127   0.99023   5.25764
7.12375   0.964996   5.436
7.17975   1.06098   4.82168
7.70888   1.02909   5.12895
6.86401   1.05822   5.31045
6.33944   1.11351   5.80038
6.68883   1.04195   0.162396
7.46826   1.09593   5.43521
7.99776   1.17565   5.54598
8.35712   1.20302   5.23067
8.96919   1.12489   4.71693
9.74214   1.13895   5.09573
10.0115   1.25532   5.3319
10.1625   1.17561   5.35939
9.78012   1.14351   5.44722
9.10371   1.08118   5.46821
9.29401   1.02713   5.35806
9.38091   1.04184   5.58011
9.17752   0.981163   5.94905
9.35654   0.952679   0.0708098
8.77815   0.986957   0.123663
9.14082   0.923885   5.2995
8.3971   0.938185   4.36233
8.59082   1.01394   4.64458
8.13667   1.07231   5.47501
7.22643   0.993258   5.88728
6.68841   0.990642   5.63149
7.19144   0.955234   5.41853
7.5127   1.06915   4.98446
6.7423   1.15604   4.83692
7.35162   1.10459   4.49448
7.18345   1.1511   5.49521
6.96499   1.14719   5.71435
6.65372   1.13268   5.13883
6.71553   1.09876   5.58752
7.49784   1.15379   6.17147
6.58717   1.08155   6.11169
5.66438   1.09214   6.0508
5.64538   1.04631   5.87633
6.11437   1.08985   6.19179
6.77496   1.13387   5.57808
6.9587   1.22849   5.49587
6.75641   1.30174   5.1971
8.07364   1.29951   5.35774
7.45705   1.28786   5.64397
7.4926   1.30606   5.78854
7.43447   1.29799   5.21788
7.80894   1.28149   5.44215
7.65433   1.26845   5.51025
8.0406   1.30744   5.68058
7.30567   1.08659   0.0224816
6.74306   1.08075   0.586032
5.6322   1.06773   1.21074
5.13048   1.13337   0.0602231
5.8171   1.16048   0.103223
6.75364   1.16642   0.409673
6.58963   1.09357   0.523223
5.88253   1.18395   0.629607
5.92012   1.25504   1.03654
6.11425   1.24547   1.70835
6.02972   1.27972   1.811
4.57731   1.34073   2.00517
5.54826   1.301   2.1676
5.83642   1.31629   1.45902
4.72615   1.19987   0.989151
5.40112   1.16474   1.18906
5.26184   1.13637   1.40683
6.01363   1.16138   1.78612
5.58183   1.13738   2.09015
4.99866   1.03057   2.79196
3.28083   0.814766   2.21636
2.05062   0.58437   2.68071
2.84738   0.580073   3.31302
6.20652   0.588397   2.88389
5.17517   0.792467   1.45861
5.64514   1.03197   6.04643
6.22914   1.01824   0.171108
6.22138   1.12485   0.969799
6.70497   1.11901   0.999454
6.36778   0.979827   0.518945
6.11502   0.877683   0.058008
7.23652   0.939558   0.191663
7.19972   0.88018   5.95124
7.69535   1.03956   0.0087448
7.63643   1.07835   6.09187
6.40603   1.04132   5.95741
5.90448   0.93426   0.0957316
6.74933   1.09042   6.06961
5.92376   0.989262   5.83796
6.30433   1.14725   5.46042
5.8068   1.20502   5.83195
6.14505   1.11127   0.195654
6.92467   1.08853   6.24644
5.97426   1.05607   0.531984
6.15528   1.07179   0.77846
6.66508   1.23627   0.718997
6.4004   1.14708   1.12376
6.73006   1.03433   1.54622
6.78303   1.02039   0.671069
7.29771   1.06788   0.723903
6.71323   0.940905   0.67408
7.61047   1.00187   0.454793
6.40512   0.948553   5.66339
6.29184   0.96498   5.56147
5.14616   0.973407   4.35285
4.12912   1.07303   4.72405
3.69431   1.01398   3.80275
3.34784   0.90795   4.16872
5.37934   0.950918   3.10755
4.38633   0.822236   4.43901
4.73892   0.920023   3.63878
5.37351   1.11619   3.37719
7.08247   1.11049   3.98411
7.38686   1.11076   4.31799
7.70013   1.16852   4.65074
8.26706   1.16734   4.41748
8.33436   1.20929   4.75251
8.16117   1.21982   5.08992
7.69354   1.21573   5.21142
7.41339   1.23781   5.43157
7.84171   1.19627   5.5312
7.56717   1.18727   5.45023
6.99866   1.10636   5.44928
7.03796   1.08074   4.87093
7.84666   1.12851   4.31799
8.95113   1.06216   4.67176
7.9279   1.05509   4.60441
8.39999   1.12656   4.28338
8.07067   1.08229   4.08161
8.30714   1.18961   3.44877
8.90306   1.09808   3.50328
9.42097   1.09743   4.14748
10.091   1.07343   3.49756
9.79036   1.07636   3.59277
9.54826   1.03054   3.77113
8.80776   1.06162   3.84951
8.74161   1.05409   4.17813
8.43357   1.01032   3.36643
9.0626   1.06475   3.94914
8.52159   1.01341   4.40025
8.14556   1.03068   4.2819
9.05356   1.02705   4.46784
9.62954   0.990138   4.58838
8.86114   0.992612   4.67615
9.84233   1.05173   4.18943
10.2295   1.04433   3.76154
10.808   0.893834   3.94946
10.4595   0.953242   4.17324
10.1767   0.939755   4.6714
9.20929   0.906252   5.15803
9.92011   1.05489   4.74523
8.88746   0.93044   4.59127
9.02587   0.964414   4.09219
9.86601   1.04164   3.96837
9.39445   0.907037   4.49422
9.78934   0.935401   4.67675
9.72881   1.01998   4.06246
8.56077   1.00616   4.2264
9.03442   1.06227   4.60293
9.30564   1.06658   4.75545
10.081   0.970264   4.13427
9.93118   0.977914   3.97549
10.3706   0.906846   3.26864
11.0476   0.958537   3.96942
10.326   0.994547   4.75274
10.6256   0.983271   4.34351
9.44032   1.02527   4.57438
9.36548   0.941841   4.91967
9.02436   0.88507   4.34691
8.50782   0.936863   3.83219
8.61641   0.844045   3.54763
8.48608   0.951639   4.40948
7.56959   0.936417   4.36786
6.95372   0.811158   5.00651
7.80216   0.981943   4.91648
7.89047   0.943214   4.93806
8.61293   0.836049   4.19406
9.14024   0.919712   4.2862
8.64322   0.915324   3.8433
8.31191   0.864066   4.91028
8.26614   1.02593   5.06626
7.69304   1.07653   5.74394
8.01457   0.977106   5.28564
7.09072   0.895853   5.70895
6.22171   0.777688   5.58793
5.42957   0.635916   0.879347
8.32298   0.753027   0.848697
7.57113   0.612362   1.10841
5.79682   0.921772   1.22274
6.39603   0.910422   1.534
8.20199   0.784644   1.71431
10.7114   0.744467   2.19395
9.20061   0.727417   1.03817
9.55986   0.665453   1.21036
9.0814   0.710229   0.894156
10.172   0.690895   0.760641
10.744   0.825725   0.247286
10.6632   0.764624   0.804929
9.73848   0.660018   0.574561
8.4295   0.677938   0.885743
9.8205   0.691822   1.17977
9.18403   0.658331   0.430128
9.74409   0.697759   6.23248
11.0583   0.556505   5.80232
11.0108   0.66167   6.08461
11.7542   0.734946   5.4744
12.3998   0.697824   5.75364
12.1237   0.672947   5.8598
12.3905   0.731651   5.19038
11.9433   0.726249   4.66828
12.0669   0.685585   4.90591
12.6287   0.653916   5.01572
11.8135   0.615979   4.82497
10.9218   0.526797   4.01496
9.54531   0.650418   3.5385
10.3034   0.597606   4.39127
10.7414   0.68013   3.7182
10.9104   0.756877   3.73691
11.7863   0.668229   3.20681
11.9258   0.615265   3.43568
11.3545   0.518821   3.36983
10.3128   0.366859   5.21294
11.2874   0.291036   4.45377
10.7777   0.356544   4.55408
11.7452   0.482025   3.98328
13.1846   0.443719   3.71339
12.919   0.453076   4.2112
13.9557   0.599063   3.97896
14.2207   0.706337   4.18739
14.1946   0.677703   4.09459
14.8764   0.676482   3.74278
15.9502   0.647809   3.78654
15.0287   0.647564   3.49375
15.9881   0.698178   3.36576
15.9182   0.721072   3.52277
15.7686   0.758947   2.97088
15.9913   0.793504   2.79131
16.345   0.774375   2.95553
15.9744   0.692079   3.44846
14.8996   0.592746   3.43749
13.8476   0.703389   3.22732
13.3378   0.746615   2.84315
13.0594   0.747006   2.52898
12.7699   0.765514   2.08689
14.1486   0.813737   2.10029
13.9261   0.855357   2.24409
13.3323   0.845174   2.51715
13.3632   0.84048   2.95143
13.6628   0.711818   2.76813
12.5318   0.704868   3.1677
12.9176   0.643629   3.4019
12.5359   0.58777   3.28295
13.0397   0.591465   4.41181
14.2068   0.557051   4.28187
12.7225   0.601531   4.46285
13.0118   0.652152   4.51686
13.1136   0.545899   4.45717
12.6972   0.64923   4.56158
14.1928   0.653685   4.83994
13.0426   0.68522   4.71877
11.991   0.785162   4.59424
12.0615   0.793603   4.48136
11.4781   0.831783   4.34972
11.4372   0.95033   4.47208
10.8599   0.885242   3.73948
10.3076   1.03193   3.65113
8.4874   1.03403   3.24425
9.67806   1.04543   2.94473
9.86836   1.03326   2.8609
9.73563   0.995434   3.0167
9.14844   0.953665   2.74791
9.08227   1.023   2.04004
10.4163   1.11823   1.75391
10.8578   1.09451   1.76743
11.1665   1.12716   1.56336
11.3965   1.08331   1.55119
11.0722   1.16353   1.35683
10.7003   1.17725   1.09872
10.4703   1.2125   0.935296
10.8259   1.24679   1.36297
10.7201   1.26229   1.61473
10.7912   1.26201   1.90701
10.7714   1.18034   2.33425
11.0831   1.17048   2.50123
11.3297   1.21542   2.65639
10.9276   1.1195   2.6113
11.1947   1.09206   2.70457
11.5891   1.06795   2.99858
11.753   0.991742   3.05896
10.6462   0.85097   2.93747
12.3416   0.784292   2.69904
12.2292   0.784726   3.08657
12.3516   0.797637   3.36184
12.819   0.864597   3.21317
12.9605   0.773158   2.6788
13.0701   0.7019   2.68712
12.8984   0.794741   2.00932
13.0054   0.784762   1.9964
12.9504   0.767603   1.47616
13.144   0.79304   1.58045
12.4838   0.856994   1.57675
11.9354   0.789818   2.05721
11.3629   0.750854   1.18511
11.3625   0.874688   0.595771
12.4644   0.925561   0.343805
12.9653   0.840243   0.281362
13.0044   0.8155   0.119756
12.3486   0.790266   6.05096
12.1061   0.73327   0.171042
12.4678   0.671704   0.603802
11.4669   0.769811   0.836309
12.2883   0.735048   1.09045
12.0392   0.810381   0.887788
11.6256   0.843982   0.837189
12.3548   0.741383   1.38995
13.6731   0.742312   0.750956
14.3369   0.806789   0.954107
13.8375   0.899753   1.68461
12.457   0.986751   1.55718
12.5731   0.923556   1.73178
12.5166   0.902477   1.3376
12.8332   0.848787   1.576
12.8905   0.830596   1.84075
13.7702   0.825866   1.9088
13.8724   0.791455   1.93898
13.2574   0.805102   2.23698
12.8456   0.746382   2.75957
11.9024   0.783103   2.74146
11.7457   0.853673   2.15204
11.9793   0.974743   2.66048
11.5411   0.879437   2.21486
11.5369   0.831917   2.04413
11.3327   0.909936   2.22953
11.029   0.951755   2.09663
10.8949   1.03996   2.45912
12.3636   1.10896   2.21318
11.9307   1.09587   1.83429
11.8468   1.16258   1.33284
12.2462   1.18568   1.48443
12.1082   1.14845   1.50824
11.3682   1.07917   1.07036
11.1254   1.147   1.64502
10.2975   1.15867   1.43635
9.49134   1.13083   0.976014
9.63248   1.14407   0.994396
9.56026   1.06562   0.442677
9.90798   1.03427   0.251653
10.1619   1.10331   0.984265
10.5624   1.0715   0.796134
9.94128   1.09471   0.776243
10.3601   1.14773   0.992132
10.1493   1.09064   0.73803
9.99048   1.05944   1.12883
8.87754   0.966118   1.52485
8.31824   0.995524   1.90763
7.98593   1.06638   2.27181
8.13654   0.986889   1.76052
7.56403   1.13993   1.74407
7.88044   1.01641   2.01788
7.20083   1.08119   1.96288
8.34661   1.00169   1.94171
8.06941   1.06381   2.51069
8.1993   1.02401   2.40712
8.48239   1.06687   3.652
9.25932   1.06675   3.56682
8.9042   1.14912   4.34564
10.3236   1.17948   4.56631
9.47467   1.24844   3.78272
9.62702   1.22987   3.68236
9.91215   1.20715   3.98363
9.16292   1.12163   3.83265
9.46971   1.18471   3.30025
9.20825   1.20109   2.81596
9.12228   1.16003   3.0996
9.97858   1.19001   3.27159
9.35945   1.13698   3.69558
10.2323   1.1681   4.60332
11.174   1.18517   4.73445
10.9182   1.10273   4.72372
11.0115   1.04471   4.61024
11.4529   1.04295   4.32394
12.4483   0.92629   3.92631
12.6503   1.08905   3.9773
12.5479   1.10564   3.73287
12.5865   1.10453   3.58626
11.2001   1.09109   3.65757
11.0386   1.10035   4.01647
10.5453   1.0351   4.09646
10.6211   1.01228   4.09983
10.7525   0.977332   4.0243
10.7223   0.931099   4.2195
9.71731   0.944439   4.22645
9.17281   1.03573   4.72414
8.73843   0.986001   4.55858
10.1507   0.925479   5.1516
9.72006   1.03701   5.01486
8.71519   1.05694   5.30197
8.44702   0.906172   5.17569
8.14248   0.849901   5.25612
8.12127   0.827303   5.25457
8.20454   0.871852   5.38798
8.41013   0.893162   4.68875
8.27248   0.909066   5.20206
8.53052   1.00405   5.3972
8.96545   0.966519   5.90583
8.20258   0.966029   6.27483
8.44026   0.868228   6.1549
8.31696   0.880299   0.228578
7.34147   0.897676   0.402801
7.47037   0.90031   0.0593108
7.43049   0.855089   0.137632
7.54916   1.02272   5.81434
6.3493   1.01927   4.97093
6.32078   1.1393   5.04983
7.47111   1.0659   5.23065
7.59276   1.12572   0.117636
7.71208   1.09879   0.117088
7.18341   0.946113   0.26012
7.9422   0.940392   0.295418
5.85103   0.91308   0.39237
5.84181   0.832594   0.1851
4.22551   1.00744   1.34657
3.70866   1.06734   0.820457
1.76904   1.08556   1.12993
2.38707   1.09292   2.0518
3.09184   1.07886   3.90372
3.1245   1.09094   1.89766
4.39221   0.980229   2.36386
3.90572   1.00966   1.55713
3.99267   0.99108   1.59063
4.30389   0.843154   2.60432
5.13391   1.00649   2.40613
5.26243   1.0508   2.55674
5.18583   1.0214   2.48727
6.99349   0.910866   2.81094
5.14592   1.02552   1.41632
6.717   0.972481   2.0598
6.74089   0.833282   0.291258
7.11691   0.736518   6.07871
6.53875   0.632397   0.131159
3.22598   0.659967   4.62988
4.45637   0.63502   3.22298
3.11231   1.12252   2.96765
2.15244   1.41284   3.40415
1.20749   0.854933   4.58098
6.47309   0.929228   4.52649
5.69279   1.04972   4.56193
4.59758   1.05852   3.88797
3.15811   0.94788   4.30858
5.49997   1.04418   4.03664
5.7806   0.941531   3.67105
5.23844   0.739041   4.66784
2.24608   0.956638   4.06261
4.89256   0.871162   3.99875
4.25176   1.13492   5.07554
5.20885   1.05097   5.38237
5.02742   1.1505   0.0828595
5.18897   1.28886   6.11446
6.57396   1.26604   6.08361
7.92363   1.19102   6.11233
8.41277   1.17036   5.92133
8.02925   1.03021   5.19937
7.04493   1.20589   5.80584
6.49198   1.27433   5.21918
6.70853   1.38328   5.26818
7.28989   1.39614   5.34981
7.34705   1.37782   5.13157
7.38493   1.52195   5.6304
5.82922   1.40866   5.53575
5.44034   1.38654   4.44501
4.91055   1.31418   3.83138
4.75032   1.4811   4.0378
5.04269   1.55856   3.34547
5.637   1.5791   3.13438
5.96045   1.58197   3.18683
5.39514   1.60958   3.37671
5.75706   1.69866   3.44119
5.38726   1.79357   3.98209
4.38147   1.66096   4.71929
5.78565   1.67706   4.66799
6.40953   1.5133   4.68382
5.7835   1.63708   3.88215
6.56591   1.55719   4.25546
7.01504   1.47207   4.08909
8.25683   1.51588   3.46628
7.3147   1.56442   3.0222
8.22253   1.59946   3.37359
7.32392   1.49169   2.5075
7.05178   1.50041   2.87091
6.82133   1.36358   3.0206
7.8628   1.36932   3.02347
8.24393   1.3918   2.85081
9.40201   1.33892   2.74479
9.33781   1.33444   2.89388
11.0908   1.42673   3.25461
10.9545   1.3979   3.29525
11.3349   1.349   3.69259
12.0816   1.32876   4.49596
12.1175   1.30478   4.56699
13.5485   1.32923   4.04779
13.1226   1.33096   4.25533
13.2531   1.36591   4.40158
13.2706   1.39537   4.74867
13.8491   1.3815   4.93745
14.1823   1.36477   5.64061
14.065   1.35354   5.07696
13.8349   1.34316   5.15789
13.8736   1.36672   5.31172
13.9975   1.3701   5.27902
15.0227   1.34552   5.18542
15.7198   1.25654   5.52989
14.8444   1.2478   5.46172
14.6934   1.25132   5.51552
15.7748   1.21348   5.4674
15.2158   1.24222   5.36968
15.3203   1.1702   5.56569
15.4121   1.12012   5.30541
15.0787   1.04111   5.40611
14.9088   1.06166   5.13196
14.491   1.09761   5.29571
14.7781   1.10806   5.37799
14.2628   1.10401   5.45143
14.1882   1.17364   5.22359
14.4715   1.20681   4.84062
14.1326   1.24747   4.75904
13.8518   1.22146   5.52418
14.794   1.22898   5.54911
14.656   1.20853   5.71701
14.3708   1.20629   5.80944
14.4087   1.21323   6.04253
14.2916   1.14677   5.85545
13.7294   1.17978   6.03188
12.873   1.15577   6.10897
12.9582   1.11703   0.0265628
13.4231   1.08599   0.231256
13.7751   1.09399   0.35996
13.1682   0.991887   0.0360278
13.1967   0.987996   0.51484
13.5211   1.06359   0.497761
12.8424   1.08341   0.535633
13.9537   1.0353   0.447147
13.5629   0.984825   0.140442
12.4636   1.019   5.99117
12.9073   1.0648   0.0491909
13.141   1.03302   0.259079
13.36   1.06336   0.361659
12.8359   1.04053   0.891846
12.7215   1.04319   0.628827
12.6152   1.08783   0.390838
11.5848   1.07986   0.221251
12.166   1.08847   0.227689
12.7355   1.05357   0.697767
12.8626   1.06749   0.699554
12.5779   1.14573   0.525029
11.6924   1.15592   0.39458
12.935   1.14814   0.407748
13.2445   1.15755   0.660836
12.3233   1.13445   0.498566
12.0104   1.14135   1.05216
12.0072   1.06123   1.30633
12.2243   1.0307   0.914933
12.2242   1.03953   1.21573
12.1209   1.06548   0.972767
12.4247   1.06086   0.487572
12.4655   1.07708   0.454554
12.6778   1.06074   0.606496
12.0487   1.04494   0.4286
12.4792   1.07647   0.258782
11.6288   1.07207   0.222521
11.1805   1.11218   5.78636
10.9941   1.16128   5.63796
10.8267   1.15504   5.75244
9.6601   1.08834   5.59726
10.7615   1.04552   5.6343
10.4132   1.05286   6.07809
10.8087   1.04631   0.387497
11.4033   1.04066   0.894252
11.2864   0.983698   0.497983
10.6919   1.03167   0.665672
11.7989   0.976131   0.571412
11.6703   1.00089   0.608423
12.298   1.05724   0.329984
11.5875   1.05571   0.257768
10.8074   1.03272   0.558385
10.6595   1.05959   0.633045
11.2375   1.08442   0.198039
10.8878   1.1352   0.450367
10.3329   1.19864   6.15204
9.70484   1.15655   6.10399
10.9388   1.1119   6.23084
9.92902   1.0971   5.90619
9.20226   1.12184   0.000676477
8.70611   1.08646   5.99806
8.48103   1.07219   5.625
9.1395   0.882433   5.43823
8.77035   1.07911   5.07392
9.51732   1.0478   4.57786
9.67948   0.99304   3.75735
10.0494   0.988429   4.10889
10.0608   0.909277   4.07079
9.49603   0.937535   3.68424
8.94914   1.06036   3.58777
8.81357   1.06277   4.44621
8.84664   1.07095   4.45144
9.80735   1.10034   4.08457
9.44386   1.03787   3.96532
8.07778   1.06777   4.53585
8.74426   1.03483   4.83725
8.0961   1.00582   4.43506
8.45934   1.05102   4.09175
7.80733   1.03687   4.62667
7.05351   1.08156   4.9884
7.98486   1.0478   4.62956
8.17529   1.13353   5.15722
7.70083   1.1552   4.60271
7.4473   1.11079   4.43978
8.25019   1.09123   4.66269
9.03947   1.11182   4.69319
8.2403   0.988918   4.47153
8.9354   1.01714   4.62147
8.86053   1.0681   3.39086
9.852   1.08512   4.19786
10.3479   1.02995   3.79866
9.99429   0.940481   3.08668
10.2399   0.914998   3.10834
10.2208   1.03265   3.42258
10.1901   1.03552   3.54045
10.6913   1.01461   3.20039
10.7944   1.07548   3.74657
10.5129   1.02274   3.32112
10.0396   1.03089   3.62552
9.02671   1.01715   3.93108
9.47165   1.15863   3.27913
9.93812   1.14745   3.42747
10.3886   1.12969   3.43592
10.4966   1.09558   3.6923
10.0171   1.0023   4.27901
9.10712   1.0725   3.86804
8.62147   1.10738   3.80136
7.99542   1.12672   3.26541
8.38788   1.08508   3.61453
7.85136   1.1196   3.91824
7.64318   1.10159   3.40769
7.13803   1.08537   3.65992
6.22011   1.06392   4.82097
6.56292   1.11629   3.82713
7.22261   1.03911   3.23367
6.56736   0.962669   3.49186
5.3084   1.03565   3.08218
5.96578   1.08959   3.04948
5.84374   1.11641   3.63123
7.19346   1.14358   4.20636
6.75977   1.16724   4.71123
7.28501   1.25666   4.46858
8.50744   1.28913   4.14727
8.64996   1.32102   3.62041
8.52606   1.39297   2.81201
8.15493   1.44387   3.19422
8.28968   1.54795   3.44824
8.24916   1.47375   3.2239
8.83836   1.50037   3.20991
9.43257   1.4711   2.9558
9.15289   1.42468   2.60571
8.48594   1.42216   2.00484
8.06588   1.38453   1.37452
7.18224   1.46525   1.42645
7.86219   1.46521   1.68412
7.67812   1.44975   1.32625
8.17017   1.45308   1.60866
7.51009   1.44028   2.56473
8.04127   1.47425   2.5844
7.93826   1.53303   2.73408
9.52427   1.51931   2.60058
10.1697   1.57145   2.36666
10.3294   1.55715   1.83827
10.4257   1.50885   1.94392
10.8359   1.55667   1.84519
11.4678   1.54786   1.57225
12.0484   1.51906   1.52899
12.5627   1.44194   1.42485
13.0748   1.41608   1.21665
12.9503   1.32605   1.99316
13.355   1.34028   1.98603
13.0047   1.34187   1.56878
12.8624   1.39923   1.53033
11.9581   1.35699   1.34803
11.6949   1.31587   1.06825
10.2904   1.30205   1.21181
10.7367   1.3807   1.55191
10.2456   1.38692   2.18795
11.4266   1.49457   2.67493
11.0928   1.45949   2.8432
11.786   1.43926   2.94981
11.7021   1.46269   2.70916
11.7914   1.49356   2.60476
11.5573   1.49289   2.95652
11.3623   1.53686   2.41908
10.3814   1.47849   1.89189
10.0228   1.46347   1.82675
11.7575   1.4834   2.28565
11.8344   1.44222   2.32376
12.4229   1.42979   2.63106
12.8326   1.42561   2.99671
12.754   1.4506   2.99544
13.2388   1.42623   3.05537
12.5259   1.33091   3.32526
12.9643   1.36444   3.03711
11.5211   1.33427   3.17968
11.7104   1.23114   2.65573
12.6032   1.15486   2.38685
13.1107   1.14525   2.48098
12.3119   1.11267   2.86733
12.1147   1.16228   2.696
12.08   1.20344   2.50431
11.522   1.17764   2.10255
11.4592   1.24883   2.21946
12.1187   1.21376   2.48199
11.2716   1.18502   2.39818
11.8228   1.09701   2.67553
12.0259   1.03191   2.50302
11.1131   0.951083   2.79013
11.168   1.08513   3.0692
12.4463   0.921479   2.85341
11.5363   0.926907   2.70715
13.413   0.944018   2.61148
14.073   0.990943   2.54277
14.3106   0.888045   2.82669
15.3261   0.812838   3.03146
14.5642   0.745194   2.8972
14.4777   0.659306   3.11829
13.6206   0.623776   3.81898
12.4721   0.595423   3.69309
13.8898   0.644973   3.67053
15.112   0.72846   3.18342
16.0643   0.640823   3.79744
16.1973   0.698187   3.60631
16.325   0.790109   3.43932
16.4714   0.784354   3.48459
14.8768   0.722857   2.97406
14.5455   0.734033   3.69659
14.3097   0.737431   4.76053
14.4435   0.608966   4.27619
14.6115   0.578762   4.5665
15.0446   0.591725   4.59202
15.3048   0.630489   4.67392
15.6272   0.737417   4.98196
15.6606   0.767881   4.64006
15.3313   0.815678   3.93365
15.4789   0.769694   3.70254
15.3124   0.842934   3.75911
15.939   0.78414   3.57045
16.4749   0.843041   3.54834
17.3449   0.905985   3.90661
16.9663   0.973658   3.83543
17.0528   0.969905   4.42261
17.0266   0.923101   4.51671
16.3202   0.934305   4.32091
16.8791   0.966809   4.19316
16.9975   0.878854   3.71792
17.9534   0.853141   3.72196
17.5053   0.839633   3.09208
18.3409   0.820561   3.16028
17.3737   0.877458   2.81609
16.8178   0.932007   2.54882
16.2517   0.941703   2.85602
16.2272   0.931268   2.89392
15.9504   0.883589   2.41492
15.9433   0.846926   2.60238
17.2738   0.894404   2.59956
17.1315   0.865575   2.26103
16.2642   0.871242   2.64876
16.5594   0.8865   2.53573
15.7504   0.929768   2.65498
15.0925   0.990504   2.8911
16.0423   1.04387   2.87989
16.4978   1.09456   2.76289
16.8278   1.06706   2.62051
17.3431   1.13652   2.68703
17.3002   1.16357   2.89556
17.6923   1.1589   2.83175
17.7423   1.10056   2.77334
17.6962   1.06521   2.30142
18.6753   1.10063   2.16226
19.5909   1.01774   2.26461
18.4965   1.00536   2.48
18.8855   0.978862   2.74151
18.6303   0.968146   2.94775
18.0812   0.933678   2.88917
18.011   0.921327   2.90885
18.1317   0.925622   2.84451
17.4764   0.887127   3.02118
17.4107   0.876932   2.64651
16.5112   0.82206   2.4273
17.0134   0.914234   2.14321
16.2914   0.883869   2.61415
15.9067   0.902039   2.54059
16.2511   0.935748   2.53275
16.9985   0.954538   2.35243
16.8175   0.923392   2.34516
16.6026   0.905137   2.20943
15.9703   0.863068   2.24139
16.8474   0.82834   2.18527
16.2116   0.820352   1.92183
15.4957   0.842244   2.06048
15.9732   0.880499   2.05496
16.81   0.860105   2.17321
17.4576   0.917902   2.09077
17.4331   0.971693   1.81761
17.8541   1.01816   1.59371
17.7071   1.04204   1.68905
17.7056   1.05361   1.75725
17.0907   1.07148   1.96384
16.6818   1.02193   1.51732
17.1338   1.03762   1.78287
17.9611   1.06927   1.98331
17.9421   1.1079   1.71493
18.0601   1.10959   1.27446
17.8083   1.1499   1.42957
18.1269   1.11438   1.60023
18.6618   1.12623   1.59841
18.5522   1.12621   1.63039
19.7568   1.14176   1.46521
19.935   1.08983   1.21861
21.3679   1.09377   1.34606
20.0554   1.09231   1.49563
21.0878   1.05972   1.12999
20.1523   1.00119   1.34103
20.2717   1.00827   1.3495
18.9689   1.05067   1.16256
20.6937   1.09018   1.06715
20.7514   1.06113   1.29876
20.6911   1.06624   1.4326
20.5267   1.07908   1.45291
19.8635   1.08026   1.50649
19.8074   1.00238   1.5681
19.784   0.965493   1.65517
19.5088   0.952387   1.4914
19.5823   0.933442   1.7847
19.4138   0.88577   1.91194
20.1325   0.833619   2.30415
19.8317   0.798679   2.32795
19.2328   0.766662   1.67321
18.9183   0.874556   1.81422
17.8276   0.759004   1.33504
18.1542   0.738406   0.984658
18.8715   0.724391   1.364
19.2976   0.750451   1.37965
19.3927   0.785405   1.75725
19.1355   0.715173   1.57919
20.2676   0.684865   1.46685
18.6549   0.671682   1.69893
17.7811   0.644635   2.21748
18.2507   0.66756   2.60256
18.91   0.708314   2.44944
17.9813   0.677811   2.70537
17.4755   0.685915   2.7332
15.5542   0.860814   3.03971
15.5405   0.761478   2.45337
15.9176   0.816846   2.64963
15.1376   0.786255   2.81786
15.1034   0.798485   2.67428
16.1658   0.905386   2.47076
14.7375   0.868978   2.20323
14.7254   0.887342   1.86569
15.6909   0.856213   1.92548
15.6804   0.842727   1.35798
16.9596   0.882395   1.42458
17.4284   0.893894   1.43269
17.6375   0.914517   1.46967
18.1626   0.942429   1.24621
17.8093   0.913754   1.31679
18.0965   0.87148   1.56553
18.5749   0.900785   1.70271
18.2845   0.920067   1.18253
17.85   0.916717   0.785211
17.5095   0.920027   1.08512
17.387   0.808966   1.47169
17.717   0.85875   1.68982
16.7302   0.928502   1.97605
16.1551   0.906843   2.06672
16.7288   0.956172   2.57529
16.712   0.84569   2.47118
16.354   0.844282   2.66217
16.2022   0.883076   3.11918
16.1543   0.839167   2.87216
16.1595   0.952387   3.33727
16.7849   1.04935   3.44554
15.8093   1.06108   3.10191
16.5442   1.07852   3.63225
16.7134   1.08089   3.5081
17.1178   1.04969   3.53581
16.7502   0.935395   3.47373
16.7246   0.969464   3.68711
16.4465   0.992145   3.71996
16.7894   1.05045   3.9328
17.0604   0.962693   4.00469
16.7753   0.89716   4.05461
16.6542   0.869176   3.84036
16.9156   0.879087   3.64289
17.6601   0.975877   3.89924
17.1742   0.891745   4.15861
17.518   0.789871   4.02014
17.677   0.777079   3.64053
17.4863   0.792193   4.05199
17.0235   0.847929   3.81422
16.4311   0.883875   3.86354
16.6646   0.936899   4.07874
17.4595   0.947395   4.1524
17.8918   0.865018   4.25143
18.7097   0.820561   4.33324
19.4085   0.832986   4.62105
19.7919   0.881007   4.89195
18.6289   0.850838   5.50488
19.1807   0.917942   5.51648
18.9406   0.866643   5.85339
19.47   0.882239   5.86371
20.0993   0.902207   5.96482
19.8101   0.939835   5.7652
19.7083   0.903115   5.68695
19.8187   0.926737   6.06066
20.439   0.897731   0.1132
20.9849   0.885608   6.04025
20.0209   0.848984   5.89395
19.9882   0.830221   5.79981
20.5353   0.930574   5.81965
20.2484   0.902849   5.99662
20.0204   0.907107   0.0333004
20.5587   0.927632   0.0851409
19.8133   0.937852   5.8875
20.4351   0.958333   5.99898
20.6501   0.885067   6.05983
20.4198   0.839581   0.017079
20.1807   0.847431   6.2582
20.3009   0.873674   6.22
20.3819   0.911222   5.86637
20.877   0.939525   5.85707
20.8427   0.967697   5.68604
20.9443   1.02546   5.64134
20.9056   1.03184   5.50245
21.2251   1.03272   5.37405
21.7455   1.01354   5.12531
21.9108   0.976086   5.15768
21.9767   0.994838   5.54574
21.7838   0.977805   5.21043
21.8023   0.963078   5.4963
21.2869   0.924731   5.74726
21.6529   0.918576   5.59171
21.8312   0.885331   6.00859
21.8155   0.871625   5.77341
21.7089   0.895754   5.51829
22.6618   0.93964   5.48812
22.2649   0.902234   5.34383
22.8442   0.915991   5.7661
22.1923   0.922681   5.80188
20.9386   0.948577   5.72974
20.6243   0.933537   5.76171
20.1841   0.990116   5.80889
20.361   0.965238   5.78502
20.4889   0.983063   5.51026
21.0338   1.02151   5.3298
20.4701   1.05601   5.2662
21.1705   1.02434   4.95846
21.7187   1.02634   5.26124
21.452   1.02521   5.35379
22.1022   1.0366   5.01307
21.6154   1.02331   4.79217
21.7973   1.0156   4.87906
21.6103   1.00805   4.58897
21.395   1.01836   4.55378
20.9724   0.975585   4.44136
21.861   0.989595   4.28513
20.9596   0.992877   4.36716
21.3201   0.99239   4.33211
21.7836   1.05819   4.50316
22.0946   1.07569   4.45814
21.7404   1.04262   4.60797
21.4659   1.02184   4.66964
21.562   1.0024   4.68464
21.2741   1.04435   4.61645
21.5265   1.09397   4.5703
22.4509   1.13574   4.28592
22.5601   1.14082   4.37605
22.5451   1.13891   3.97309
22.1926   1.11199   4.09941
22.6387   1.1241   4.11313
22.7412   1.14032   4.36794
22.4098   1.09229   4.3752
21.8737   1.07187   4.5886
21.8919   1.05547   4.24119
21.8818   1.06331   4.10029
22.5939   1.03042   4.08943
22.4815   1.02232   3.94308
22.4684   1.074   4.22062
21.6411   1.05914   4.48258
22.1784   1.08471   4.38577
21.9875   1.08856   4.33306
21.3417   1.09433   4.38775
21.3751   1.11754   4.43505
22.0515   1.16611   4.57476
22.1987   1.13631   4.65471
22.5723   1.12967   4.57266
23.2504   1.15144   4.66072
23.5387   1.14235   4.77234
22.3   1.10246   4.65277
21.9559   1.0584   4.62724
21.8717   1.02099   4.74337
21.7857   1.067   4.7534
22.0096   1.07873   4.68355
21.7564   1.06888   4.58541
22.2372   1.12806   4.26362
21.4011   1.12006   4.69398
21.7852   1.13123   4.80506
21.5684   1.1044   4.68376
21.1325   1.10449   5.00644
20.3198   1.0965   4.85544
20.2468   1.08272   4.73138
20.0957   1.0734   4.79732
19.4096   1.03742   5.05544
19.2949   1.03576   5.18896
19.8144   1.02046   4.90656
19.2574   1.08257   5.12056
19.6675   1.08222   5.27681
19.504   1.09203   5.2039
19.3074   1.09012   4.87395
19.3349   1.06231   4.72561
19.9778   1.06275   4.43214
20.5446   1.05319   4.71202
20.7159   1.03961   4.47685
21.2403   1.0464   4.76866
20.5645   1.10327   4.51524
20.4339   1.11099   4.92069
21.0089   1.13329   5.22034
21.6315   1.10395   5.35809
21.9475   1.11039   5.32298
22.2829   1.12325   5.20523
22.2528   1.07579   5.55291
21.7336   1.04694   5.9636
21.8134   1.0624   5.90315
20.8326   1.0575   5.90397
19.9311   1.04439   5.72928
20.8243   1.05127   5.62141
20.1175   1.02511   5.35019
19.5697   1.01262   5.28357
19.9736   0.935354   5.62561
20.788   0.897301   5.51481
21.569   0.842079   5.60387
21.6142   0.839139   5.64752
21.6445   0.898929   5.63072
21.5037   0.917686   5.67036
21.4936   0.928752   5.51607
23.1971   0.960815   5.35321
22.0729   0.944969   5.5171
22.0751   0.880117   5.79388
21.2401   0.827584   5.66782
22.0326   0.769819   5.69769
20.487   0.74958   5.25835
19.6402   0.68469   5.81804
19.5927   0.720419   5.72881
19.7317   0.651617   5.59224
19.3625   0.550795   5.99686
18.9294   0.634732   6.00219
18.458   0.577828   5.82907
18.1413   0.556543   5.80926
15.7541   0.60592   6.23991
16.4532   0.611041   6.26423
15.6553   0.573438   6.05991
16.1486   0.597769   0.134146
16.3901   0.687322   0.147063
17.6891   0.744587   0.178899
17.843   0.699415   0.0850838
16.5653   0.661658   5.99362
17.3515   0.595497   0.527799
17.7333   0.62316   0.76349
17.6121   0.640716   0.298392
18.336   0.633842   0.806701
18.3271   0.665583   0.125883
17.4699   0.628608   0.353053
16.866   0.69972   6.10953
17.9016   0.722504   5.91847
17.149   0.744034   5.74485
17.039   0.707938   5.88255
15.9411   0.698309   5.88379
16.7467   0.716602   5.84658
17.1934   0.756929   5.37324
15.4823   0.743473   5.23066
16.1413   0.686161   5.16233
14.245   0.668906   5.72587
13.7497   0.677502   5.11804
13.551   0.576295   5.07781
12.7538   0.696172   4.38153
12.7452   0.666778   4.13439
13.834   0.667984   3.7651
12.6695   0.707988   3.81763
12.189   0.85143   3.98846
12.1815   0.838347   3.73261
12.0663   0.86303   3.88464
12.032   0.854471   4.25958
12.632   0.917803   5.14435
12.1287   0.954334   4.16821
13.7298   0.949854   4.53945
14.1415   0.99432   4.32852
14.7321   0.930134   4.61075
13.7934   0.891199   4.48002
13.3291   0.872499   4.19213
12.0577   0.83697   4.06594
11.2777   0.800396   4.19144
10.0285   0.944715   4.05723
9.93665   0.936538   4.49284
10.4317   0.797322   4.67257
11.4389   0.79367   4.80014
12.4631   0.81938   5.16365
12.2952   0.838698   4.98994
11.2841   0.735587   5.69
13.8211   0.821637   6.15146
13.163   0.737229   0.486919
14.0318   0.806272   0.784074
13.9781   0.89675   0.746472
13.3101   0.990914   1.11165
13.4882   0.919627   0.720192
13.6783   0.843884   0.638745
13.4186   0.800524   0.309111
14.7239   0.820043   6.14295
15.1599   0.824594   0.217346
15.1997   0.824259   6.0583
14.1954   0.767615   5.96197
15.2525   0.693278   0.213374
15.9081   0.666523   0.297707
16.6801   0.694771   0.46571
17.9575   0.750149   0.295401
18.4613   0.903533   0.702376
18.4481   0.863274   0.986079
18.7741   0.832286   1.33089
19.8051   0.832802   1.3105
19.4413   0.838728   1.33371
19.2218   0.838028   1.04089
18.6536   0.838468   0.969404
17.902   0.823553   1.32566
17.6099   0.770409   1.39415
16.7323   0.741063   1.44385
17.5571   0.744061   1.38991
18.2404   0.840251   1.70334
18.3911   0.906374   2.28675
17.6149   0.930122   2.55637
17.0974   0.947391   2.13825
17.2938   1.04509   1.83871
17.6341   1.10641   2.07564
16.8307   1.0151   2.09127
17.7507   1.056   1.55625
17.7521   1.04222   1.54594
18.1409   1.00875   1.48535
18.98   1.01416   1.57284
19.2209   1.00055   1.05188
19.1033   0.923116   1.20494
19.0471   0.944308   1.0677
19.5146   0.940093   1.2539
19.1489   0.916139   1.4235
20.073   0.982014   1.63165
19.3046   0.947954   1.69119
18.3502   0.93313   1.55684
18.7449   0.949806   1.35768
18.7102   0.976629   2.06186
18.8028   0.928109   2.14303
17.9391   0.956931   2.14481
18.6641   0.950273   2.36531
18.6964   0.912783   2.61014
18.7201   0.917441   2.74176
18.4212   0.912452   2.64846
18.6104   0.895158   2.52372
19.2108   0.954625   2.23625
19.3849   0.969284   2.12796
19.0561   0.911386   2.14305
20.0162   0.930773   2.34699
20.3236   0.917522   2.12741
19.9498   0.856526   2.17201
19.0532   0.824148   2.01482
19.0244   0.87998   1.81315
20.0268   0.831121   1.94712
20.0025   0.884318   2.07758
19.8177   0.871668   1.36654
18.5419   0.980707   1.35071
19.4152   0.976836   1.1479
19.86   1.03911   1.41776
18.5305   1.00308   2.04356
19.7197   1.08604   2.12157
19.4271   1.09905   2.08525
19.3465   1.0569   2.44247
18.4953   1.02609   2.44282
18.8096   1.01831   2.40231
19.0953   1.02093   2.61461
18.9436   0.992573   2.7427
19.1254   1.01646   2.53862
18.4198   1.02114   2.34053
18.8026   0.937459   2.403
18.9974   0.836683   2.09731
19.7657   0.832059   1.78335
18.1853   0.846056   1.75466
19.0069   0.81755   1.88506
18.3874   0.782757   2.02085
18.5321   0.722806   1.78465
18.634   0.68635   2.24191
17.7978   0.743699   2.33672
16.9601   0.818738   1.87333
17.9803   0.802625   1.34097
17.8335   0.960955   1.12393
17.9241   0.929847   1.19655
17.7687   0.901132   1.7174
17.8204   0.917584   1.44972
18.6594   0.939298   1.6577
18.0438   0.977843   1.86393
17.2866   0.981138   1.39207
17.4166   0.978264   1.2763
17.2453   0.937742   0.941723
17.8935   1.02751   0.961401
17.1405   1.05344   0.884521
18.4662   1.09795   0.693584
18.1255   1.07359   0.501426
18.6071   1.11899   0.932165
18.5818   1.10647   1.308
17.4875   1.16275   0.989256
17.1956   1.22541   0.987429
17.1118   1.20058   0.760491
16.1665   1.14836   0.657504
16.5184   1.11541   0.520058
17.0531   1.03739   0.579259
18.388   1.03995   0.613376
18.7668   1.00221   0.713025
18.422   1.03123   0.673986
17.5233   1.03733   1.26587
18.5945   1.02473   1.29034
18.9897   1.01947   1.17653
17.7624   1.08341   1.21331
17.7119   1.09407   1.11766
16.873   1.09801   1.20966
16.7997   1.12978   1.2731
17.8214   1.15987   1.43605
17.2842   1.17161   1.1798
17.4086   1.1315   1.02936
17.3104   1.09292   1.01688
17.4659   1.12732   0.789207
16.7523   1.17227   0.46677
17.8088   1.12236   0.509975
17.1495   1.12902   0.473364
17.3604   1.14832   0.540527
17.7437   1.12232   0.214451
18.3675   1.11646   0.0472804
18.5637   1.14256   6.12565
18.1339   1.09956   6.1584
18.0068   1.07718   6.13813
17.9058   1.0626   5.86679
17.7902   0.992335   5.63839
17.9892   0.983666   5.39266
17.9541   0.949802   5.80809
18.7644   0.902254   0.111823
19.0137   0.913613   0.0305914
19.5847   0.93317   0.301395
19.5373   0.923098   0.252991
18.438   0.946213   0.293522
18.4412   0.887815   0.256674
18.4002   0.884655   0.447094
18.1026   0.912976   0.876583
17.4864   0.905491   0.965486
17.7495   0.883099   0.758378
18.454   0.880582   0.717356
17.8979   0.862131   0.958276
17.5384   0.775143   0.831569
17.0528   0.681142   0.711129
17.8635   0.643283   0.818125
18.5146   0.602444   0.65907
17.9098   0.668795   0.678143
17.5405   0.61261   0.634371
17.5288   0.610824   0.478495
19.2292   0.598914   6.20556
17.9906   0.679839   0.118443
17.5815   0.691466   0.212793
18.6416   0.700614   6.14342
17.0907   0.669838   5.94055
17.2574   0.685553   5.88212
17.55   0.616621   5.96441
17.9197   0.605468   5.63545
17.9037   0.549048   5.43247
17.9399   0.522736   4.61323
17.879   0.560595   3.91203
17.0256   0.532012   2.90035
17.8721   0.48458   2.04755
17.2576   0.524193   2.02646
16.721   0.592687   1.93867
16.2855   0.689217   1.59749
16.6314   0.818982   1.41102
16.862   0.661017   1.45742
18.2793   0.719051   1.31228
17.1796   0.687644   0.730426
17.9575   0.721849   1.05226
17.1829   0.695968   1.63202
17.3275   0.682854   2.48681
16.4777   0.736111   2.35322
15.6274   0.773864   1.9945
15.4374   0.71558   2.59884
16.3902   0.710282   2.03858
16.2126   0.686463   1.59871
16.5561   0.709625   1.78233
17.1635   0.766381   1.64452
18.2108   0.747516   1.55319
18.3936   0.796549   1.15035
19.1698   0.753731   0.867291
19.4968   0.778032   0.499703
18.651   0.755599   0.528136
20.3447   0.8061   0.62907
19.7294   0.794351   1.04196
20.1016   0.859882   0.916144
19.8705   0.831598   1.22981
19.3352   0.859503   0.983616
19.416   0.841994   0.640821
19.5999   0.840462   0.783676
19.0786   0.854461   0.724942
19.2145   0.813787   0.502892
18.9369   0.830801   6.19011
19.5146   0.794726   0.0657903
18.6045   0.690479   6.09939
18.5192   0.655947   6.2817
18.333   0.672629   6.22022
17.9999   0.679086   0.0336217
18.6476   0.715194   5.81093
18.67   0.758592   5.69154
19.8157   0.775133   5.70232
19.8236   0.758011   5.58385
20.4174   0.832069   5.79332
20.7619   0.836265   5.7189
20.6024   0.862712   5.93752
21.1096   0.912907   5.8746
21.5511   0.923005   6.06598
21.1591   0.833905   5.87468
20.0035   0.849973   6.1072
20.0709   0.788799   5.79128
18.8841   0.864432   5.62361
19.182   0.953413   5.53394
19.8363   0.967852   5.60926
19.2355   0.953217   5.67042
19.2093   1.00921   5.52157
18.9639   1.07885   5.54429
19.3445   1.02937   5.58417
19.5108   1.02675   5.39813
19.6832   1.06373   5.25388
20.0209   1.10845   5.68544
19.9901   1.11403   5.82839
20.2297   1.10622   5.64392
21.3647   1.15354   5.50398
21.3429   1.13184   5.55437
21.7687   1.14074   5.60152
22.2233   1.07044   5.60647
22.4201   1.01623   5.81887
22.5987   0.913569   5.77576
22.1192   0.90836   5.63488
22.5784   0.927017   5.81661
21.8481   0.923593   5.99601
21.6607   0.926418   0.0615411
20.8472   0.935205   6.16777
20.7028   0.911216   5.4953
19.6005   0.915549   5.62147
20.0014   0.943768   5.55822
19.3229   0.941033   5.62637
19.234   0.878757   5.70353
18.0091   0.918006   6.01446
18.4579   0.840842   6.17487
18.4518   0.818908   6.11087
18.3545   0.822373   0.120171
18.1123   0.787569   6.08853
17.662   0.812841   6.01181
17.0702   0.855109   5.66518
15.7997   0.792455   6.21711
15.2729   0.759637   5.76816
15.5866   0.724868   5.47996
15.1717   0.770377   5.39086
14.8016   0.895889   5.65389
14.5482   0.931186   5.62885
12.7899   0.947337   5.26345
13.6758   0.903592   4.98742
13.9781   0.852727   5.32359
14.4143   0.911257   4.87054
13.9844   0.815587   5.0968
14.6047   0.863614   4.99969
15.2827   0.974213   4.945
14.4027   0.968601   4.49817
14.5474   1.00242   4.44306
15.2814   1.05911   4.36672
16.1054   1.06443   4.5483
15.3467   0.984375   4.6404
15.2142   1.02708   4.53592
14.9509   1.0317   5.38565
14.903   1.08301   5.49438
14.9847   1.06241   5.53342
14.5054   1.09603   5.85365
14.3584   1.10025   5.84989
13.4248   1.06999   5.67427
12.8513   1.01822   6.11292
10.8496   1.02078   0.0438257
9.96162   1.20666   5.8456
8.91475   1.07141   0.209528
8.88426   1.077   0.988743
8.8211   1.07848   0.346098
8.7756   0.879691   5.22631
7.94032   0.843696   4.70967
10.1654   0.846837   4.97994
9.63553   0.858277   5.16492
10.8978   0.973356   5.76751
11.1435   1.15755   5.5921
9.82861   1.2168   5.39997
9.66862   1.25609   5.5688
10.1007   1.2486   5.14979
9.5263   1.3109   5.10823
9.86533   1.30316   4.23612
9.40627   1.23121   4.30377
8.04464   1.2125   3.65718
6.02387   1.24477   3.53397
5.82167   1.16087   2.9829
4.38277   1.19389   2.86532
4.43852   0.958028   3.50733
6.68926   1.08145   4.43044
6.89029   1.15746   4.34643
7.16156   1.05533   3.63629
6.66765   1.10402   5.14222
6.96406   1.06544   5.6239
5.94698   1.08527   6.03658
8.69818   1.02633   0.520105
9.39771   0.951714   6.21961
8.65016   0.985075   0.69294
10.3352   1.03639   0.321455
10.5057   1.0603   6.00226
10.3953   1.06696   6.02082
11.142   1.17065   6.02097
10.905   1.21383   6.20016
11.3464   1.26723   5.81393
11.7752   1.29227   5.69227
11.7028   1.35486   5.43388
12.1407   1.3166   4.93098
12.1182   1.36776   5.47217
11.888   1.4375   5.26526
12.8298   1.47065   5.00224
13.0373   1.41709   5.20493
13.3212   1.37576   5.54823
12.8884   1.41762   5.47895
13.5482   1.37146   5.04309
14.259   1.32941   4.88907
13.8131   1.33781   5.10631
14.2751   1.41082   4.84578
14.8241   1.41343   4.77272
14.6946   1.38166   4.53686
15.1991   1.39147   4.66865
14.9239   1.35507   4.61296
14.5496   1.31536   4.66945
15.2526   1.31302   4.51224
14.8488   1.26079   4.54411
15.27   1.26472   4.42826
16.0953   1.30504   4.1273
15.869   1.26785   4.18458
15.9214   1.23535   3.54385
15.0602   1.30302   3.76853
15.9014   1.28883   4.0752
17.1583   1.27414   4.01709
16.2771   1.19202   4.04253
15.4499   1.10938   3.796
16.4806   1.13951   3.8792
15.41   1.0933   3.69911
14.6463   1.0759   4.043
14.7159   1.06995   4.15486
14.2761   1.04439   4.54927
15.1278   0.964355   4.43901
14.3234   1.00066   4.89938
13.8267   1.09168   4.92423
13.1351   1.19937   4.49988
13.1905   1.17329   4.45575
13.9643   1.15365   4.30569
14.238   1.21123   4.80968
14.7529   1.24777   5.27348
14.0893   1.26712   4.59027
13.836   1.31647   4.75551
12.7113   1.31507   4.49558
12.7327   1.38046   4.44288
12.4498   1.29321   4.80529
12.9022   1.27518   5.1207
13.4018   1.30653   4.90437
13.6881   1.2988   4.5035
15.0574   1.33411   4.7049
15.1303   1.32057   4.48938
14.0238   1.36757   4.47691
14.5669   1.38136   4.74797
13.7855   1.32987   4.50406
12.7292   1.29716   4.75484
12.7735   1.33557   4.52855
11.8784   1.35634   5.10566
10.1106   1.36287   5.20362
10.9781   1.41021   5.19899
10.7463   1.29312   5.92414
10.267   1.25991   5.97494
10.3454   1.24844   5.60149
11.3315   1.17579   5.28564
11.4645   1.15752   5.59362
11.728   1.16971   5.30945
12.0063   1.18993   5.68678
11.6329   1.24224   5.60009
12.0661   1.31753   5.29096
11.9397   1.35237   5.21475
10.6489   1.39266   4.67006
11.5495   1.41582   4.69927
11.5872   1.30482   4.65363
10.7769   1.17561   4.99383
11.2668   1.1965   4.98848
10.9521   1.18146   5.20487
10.6569   1.07412   5.23233
10.4838   0.968311   5.48344
9.51921   0.899405   4.60683
10.4597   0.859032   4.65574
9.3609   0.970805   4.91711
9.74457   0.937335   4.41141
10.4413   0.943005   3.6962
11.102   0.946414   2.80857
10.0516   1.09594   2.95268
10.5272   1.20765   2.33533
9.56496   1.15636   1.94899
9.95627   1.16147   2.50162
9.90285   1.106   1.95357
9.85252   1.02454   1.12022
10.6941   1.05312   1.42457
11.0908   1.01242   1.39283
12.1824   1.06124   1.24815
12.2589   1.0482   1.58792
13.6809   1.08245   1.32372
13.8667   1.04275   1.02138
13.6984   1.0182   0.934382
13.4284   1.07109   0.533775
12.0219   0.978305   6.05569
12.6079   0.950673   6.16839
12.8067   1.01129   0.0249196
11.7283   1.05209   0.249244
12.8125   1.12428   0.348661
13.7164   1.09501   0.428524
13.3326   1.06686   0.367707
13.1351   1.09414   0.266206
13.6394   1.13744   0.148265
13.7612   1.12156   5.88772
14.5823   1.13314   5.96144
14.7928   1.03064   0.0300838
13.437   0.912234   0.329824
14.2418   0.934521   0.459833
12.697   0.878167   6.10154
13.7057   0.874628   6.24361
14.0082   0.912296   6.02328
14.5072   0.963767   6.02815
14.7093   0.955456   5.51105
13.8203   0.966512   5.80328
13.7207   1.03693   5.32218
14.0241   1.12414   5.27594
13.7004   1.1318   5.11707
13.6561   1.12668   5.19846
13.6965   1.11183   5.25087
14.8508   1.07936   5.18186
15.6802   1.07076   4.977
15.9986   1.12965   4.81569
15.9102   1.05169   4.28078
16.4554   1.02478   4.38602
16.0131   0.992846   4.22738
14.281   1.13953   4.23853
13.9473   1.14446   5.02345
13.0986   1.13349   5.43129
14.3559   1.11876   5.3341
13.9694   1.08057   5.12083
13.0181   1.05786   4.418
14.32   1.15567   4.30387
13.4476   1.19402   4.22937
13.4326   1.20953   3.89296
12.7201   1.19445   3.73125
13.0139   1.17026   3.19396
11.8913   1.02354   3.07047
11.402   1.05234   2.61678
11.0921   1.07833   3.71861
11.7661   0.950851   3.65767
11.2181   0.981096   3.26485
10.5224   0.970087   2.58632
10.3585   0.956791   3.47628
9.08413   0.964779   3.8439
11.0168   1.11112   3.51597
9.75827   1.09148   2.99095
9.0607   1.16022   3.16472
10.2439   1.16839   3.60107
10.9373   1.27336   3.40363
10.18   1.30315   3.1241
11.233   1.19621   3.34085
11.3967   1.22373   3.49554
11.6479   1.19525   2.82907
11.7624   1.18826   2.89587
11.9246   1.13582   3.04712
12.1956   1.09707   3.44363
12.8966   0.945459   3.4999
12.8326   0.958334   3.92427
12.8998   0.991179   3.85553
13.0645   1.06538   3.63445
13.6526   1.01786   4.56195
12.4098   0.950096   3.47496
12.0975   0.887994   3.54229
12.699   0.875063   3.25593
13.4703   0.903903   2.93048
12.7775   1.02071   3.45415
12.1155   0.996503   2.75557
11.3334   0.936819   2.10608
11.1169   0.986851   2.37913
10.4858   1.05055   1.87527
10.363   1.04948   2.56092
10.8422   1.17286   2.76768
11.0602   1.14301   1.93166
9.36173   1.1697   2.40584
8.89966   1.18996   3.69995
9.41657   1.17562   4.05909
9.91949   1.10922   3.84087
11.356   0.933958   3.93539
12.4423   0.969749   3.44903
11.7846   0.891264   3.83439
12.0253   0.874906   3.48971
12.8264   0.78944   3.77728
12.3692   0.865337   3.58463
12.8021   0.863294   3.84569
12.9585   0.855761   4.61203
12.4448   0.768974   4.67882
11.5495   0.933147   4.95308
10.8106   0.963112   5.77481
11.6622   0.872151   5.31409
12.336   0.801227   5.6816
12.514   0.794176   6.10876
13.5263   0.753749   5.96553
14.4027   0.831666   6.08378
13.8597   0.991509   5.8525
14.6979   1.01997   0.134984
14.1203   0.937796   0.159569
14.8379   0.933455   5.58381
15.6819   0.956695   5.73232
14.9574   0.819305   5.93768
14.8672   0.886839   6.0248
14.584   0.871972   6.06098
15.5151   0.90294   5.90336
15.7866   0.91445   6.16537
15.0189   0.825914   6.27099
15.6831   0.909696   2.54143e-05
14.603   0.783823   6.14887
14.2727   0.778096   5.39823
13.4932   0.90185   5.03235
13.8062   0.883495   4.90221
14.5545   0.844966   4.75933
14.3389   0.823264   4.54109
14.2726   0.820588   4.67131
12.9076   0.728519   4.77696
12.9324   0.754803   4.74242
12.6573   0.746256   5.17812
14.2758   0.74142   5.1569
13.9446   0.703023   4.78988
14.1087   0.770821   4.78503
13.4088   0.894188   4.91147
13.4938   0.929946   5.31214
13.0694   0.939433   5.27027
11.8044   0.899176   4.92796
10.8557   0.867623   5.56777
11.8826   0.93066   5.8056
12.5645   0.954481   6.05336
12.6572   0.934924   5.99881
12.5662   0.920604   5.9817
11.632   1.02066   5.76633
11.1589   1.08329   6.12608
11.757   1.08389   0.415549
12.7784   1.08185   0.150723
12.8769   1.1325   0.414426
12.1143   1.15505   1.46625
11.8523   1.1672   1.02277
11.8108   1.23765   1.4838
12.0729   1.20321   1.16833
12.8217   1.13333   1.36802
12.1121   1.04711   1.30446
12.1733   1.00304   1.7462
12.5982   1.05107   1.68514
11.992   0.964963   2.10702
11.2   0.870691   1.47536
10.3697   0.83486   1.3837
11.3851   0.884649   1.84362
11.6338   0.803902   0.964999
10.4887   0.996095   1.24205
10.283   1.04341   1.83029
10.4898   1.07415   1.45923
10.2199   1.06202   0.190724
10.6296   1.00322   6.17493
11.3894   1.0576   0.0547709
11.04   1.07822   0.300722
10.4817   1.1452   0.467585
10.3676   1.17886   0.103953
11.3099   1.11529   5.65012
10.2926   0.963068   5.10308
10.4067   0.998049   5.52955
9.34833   1.12033   4.39922
10.4237   0.99548   3.94376
10.4911   0.923827   3.58036
10.5987   0.969719   3.44491
10.7658   0.895009   3.61036
10.8725   0.983892   3.17307
11.9714   1.00511   3.14145
12.01   1.03418   3.25154
12.38   0.959062   3.36583
12.9119   0.943326   3.41562
12.9896   0.993785   3.15611
15.0606   1.07427   2.59776
14.1229   1.08397   2.93817
12.9693   1.11857   3.12767
11.9306   1.09623   3.62982
11.5477   1.10741   3.19287
9.97546   1.11327   2.91875
10.0127   1.05435   2.93175
9.67435   1.07652   3.40981
10.3569   0.990414   3.40567
11.0276   0.970596   3.6523
10.482   0.967641   3.73384
9.68746   1.00405   3.64365
10.1775   0.929728   3.96574
9.95172   0.763325   3.70259
8.83537   0.721496   4.02801
7.68286   1.14061   3.85925
7.90162   1.17298   3.01121
8.71916   1.06162   3.64855
9.68551   1.11782   3.0111
10.0742   1.18439   2.98455
9.22315   1.10221   2.64523
8.56748   1.09372   2.61165
7.92183   1.06886   3.07708
8.50223   1.21862   2.54651
10.3298   1.12959   2.91056
9.84807   1.05909   3.89157
10.2484   0.960609   4.25999
10.1108   0.934413   4.88136
10.2579   0.960535   4.5101
9.93217   0.927285   4.16175
10.8712   1.01196   4.01206
10.5014   1.10172   3.27651
12.2915   1.04123   3.95107
12.7993   1.07249   3.99169
13.6984   1.03446   4.35821
13.7458   1.057   4.28263
13.4946   1.06916   4.28841
13.2683   1.06377   3.98015
12.2952   1.00262   3.50467
11.9968   1.07269   3.98209
11.777   1.16136   3.64971
11.6116   1.23191   3.88841
11.6184   1.21961   3.97168
11.9221   1.21049   4.3822
11.6839   1.19291   3.93495
11.6562   1.18152   3.77542
11.4788   1.09183   3.79233
11.2062   1.08531   3.98414
11.4387   1.01196   3.17632
10.7966   0.798095   4.09779
8.6662   0.997497   4.02038
8.08558   1.04538   3.48237
7.47364   1.02158   4.55808
8.04174   1.04129   4.99829
8.79049   0.925162   4.67677
8.65448   1.11564   4.8224
9.69619   1.14893   4.96613
10.6719   1.16637   5.15953
10.5354   1.06719   5.65297
9.27875   0.990771   0.0200661
9.1743   0.871487   0.00138803
8.61573   1.09293   1.08432
8.81112   1.01079   1.20023
9.22741   1.06763   1.95877
10.3237   1.0541   2.03219
9.91323   1.12033   2.56909
8.97122   1.08717   2.85487
8.15706   0.926445   2.36516
8.53925   0.939053   2.89235
7.82054   0.866701   2.37802
6.61234   0.876028   1.28236
5.73233   0.410524   5.37385
13.4641   0.259442   5.08266
14.3334   0.355972   5.63416
12.8676   0.331693   3.80076
12.1844   0.296991   3.00562
10.3537   0.287284   1.78806
8.33451   0.387755   5.71482
10.9316   0.313894   6.21812
11.7193   0.5078   0.594701
11.5759   0.732627   0.463795
13.5598   0.668642   0.897269
12.8437   0.622626   1.68784
13.1131   0.69391   1.38428
12.8376   0.713185   0.78723
11.2088   0.651684   1.0817
10.678   0.636352   1.30588
9.883   0.675884   0.56596
11.7807   0.785469   1.08433
12.2422   0.739888   0.130727
11.1092   0.716389   1.33656
11.3888   0.806979   0.819919
12.0361   0.77326   1.54076
11.5316   0.680489   1.57912
12.4643   0.783667   1.05006
11.442   0.930669   1.5609
12.5827   0.953087   1.49986
12.4182   1.00595   1.66892
12.159   1.02675   2.09405
12.2187   0.945736   1.2215
12.6045   1.02877   1.17571
12.3325   0.963315   1.37645
12.3408   0.992305   1.82804
11.6602   1.02332   1.64556
11.9652   1.12334   2.08402
11.4173   1.14533   2.51145
11.7377   1.15336   2.15141
10.6927   1.16523   2.07123
11.7866   1.18122   2.46189
12.5392   1.07298   1.69425
12.5747   1.02634   1.93247
12.0709   1.00029   2.27336
12.7117   0.998839   1.99908
12.0709   0.826298   2.46007
11.6646   0.704949   2.19651
13.1763   0.739376   2.40913
13.0222   0.7949   1.81966
12.5001   0.816768   2.33924
13.4652   0.759658   2.87701
14.039   0.595768   3.882
14.062   0.691241   3.66585
13.7214   0.670081   3.81206
11.4588   0.803707   3.34997
13.1298   0.867805   3.07018
13.3351   0.897407   2.71199
15.0236   0.87038   2.14242
15.4066   0.858658   2.01973
16.662   0.82867   1.40882
17.1566   0.744573   1.1256
15.1625   0.727913   0.870901
15.3512   0.76487   0.906426
15.4909   0.823687   1.02892
15.603   0.893472   0.869656
15.4965   0.94157   0.910138
16.9074   0.820219   0.206425
16.3691   0.864179   0.043993
15.7275   0.945176   6.00091
15.9071   0.882981   5.83657
16.5691   0.918333   5.86303
17.1435   0.924438   5.8914
18.5713   0.881828   5.58071
20.0326   0.817391   5.18172
19.9083   0.808071   4.84582
20.0538   0.834322   5.06106
19.4538   0.943198   4.8369
19.7268   0.979282   4.96638
19.1265   0.957475   5.63387
18.8928   0.955846   5.38486
19.8404   0.912671   5.32097
18.9974   0.922503   5.29248
18.2755   0.956606   5.72412
17.855   0.932532   5.57179
18.2757   0.965393   5.12226
17.4273   0.943451   4.85561
17.2276   0.82683   4.62104
16.6479   0.934613   4.80143
17.282   0.832458   4.91265
16.9472   0.85529   5.26671
15.9742   0.906633   5.20456
15.274   0.954842   5.09421
15.8596   1.01876   5.85912
15.7814   0.957314   5.12877
15.3651   0.827166   5.11303
14.6094   0.768182   4.52193
15.0467   0.788779   4.39707
15.4147   0.727345   3.54194
16.1838   0.705399   4.18745
15.5159   0.805699   4.14874
15.2563   0.73945   4.48174
16.1239   0.717398   4.11385
16.7404   0.83978   4.20111
16.9713   0.808044   4.10962
17.7131   0.986229   4.35078
17.507   0.868311   4.51293
17.6727   0.943359   4.70394
16.9365   0.962556   4.84154
16.0244   0.954343   4.58534
16.6393   1.00333   4.24843
17.3052   0.941425   4.15453
16.5511   0.800957   3.68976
17.2898   0.861195   3.68348
17.0985   0.905094   3.95422
16.9302   0.951375   4.16651
16.7602   0.984448   4.23246
15.2443   0.967967   4.21882
15.7236   1.02163   3.9294
15.3283   1.04736   4.21375
15.9736   1.01707   4.18536
15.1524   1.01829   3.64352
15.7933   1.05458   3.33163
16.8823   1.05403   3.32539
18.2121   1.06769   3.27266
17.658   0.9801   2.95083
18.2479   0.969059   2.97663
17.6893   0.898119   3.03654
16.4353   0.95365   3.65378
16.1275   1.07052   3.93318
17.0089   0.965271   4.48582
17.9829   0.982427   4.51216
18.0774   0.947961   5.09534
17.5412   0.931768   5.56703
17.2267   0.971184   5.63307
17.6525   0.92251   5.73825
17.7085   0.863595   5.31502
18.1924   0.918223   5.37179
18.2587   0.896535   5.36948
18.7838   0.805637   5.4051
20.497   0.787774   5.35827
20.6064   0.721718   5.55974
21.3447   0.764622   5.49892
21.7592   0.679597   5.31257
22.1015   0.689135   5.41031
21.3709   0.747286   5.37426
21.06   0.631279   4.95544
21.3392   0.595586   4.67008
22.4204   0.664514   5.35032
21.3858   0.757682   5.57715
20.6802   0.704576   5.80507
20.8712   0.715685   5.27951
22.3131   0.795997   5.15431
23.0494   0.775586   5.16115
24.1535   0.759016   4.65475
23.6695   0.839946   4.75765
23.9223   0.846884   4.7732
23.4155   0.930615   4.86115
23.1635   0.90611   4.64115
21.5186   0.92752   4.47428
21.2905   0.936856   4.73434
21.6876   1.00505   4.37556
20.7268   1.00457   4.53595
21.3096   1.04224   4.90931
20.6212   1.02564   4.56386
19.9194   0.971985   4.88742
19.8141   0.931793   5.00149
21.2749   1.03178   5.38696
21.1923   1.07257   5.74772
21.5798   0.983032   5.69691
21.1243   1.02053   5.5732
20.1177   0.992369   5.40542
19.2234   0.988203   5.45043
19.6184   0.987816   5.84364
19.9451   0.967595   5.90892
19.9432   1.05573   5.93386
20.7523   1.08113   6.05823
20.0745   1.12165   5.89368
20.2177   1.07586   5.97169
20.0273   1.09613   6.15514
19.8127   1.06861   5.97578
20.0495   1.044   5.91972
20.0211   0.988269   5.65363
19.1507   1.05441   6.00785
20.5286   1.10046   5.85409
20.7417   1.09062   5.65236
21.9835   1.10013   5.43953
22.5686   1.09557   5.44032
22.269   1.05872   5.68394
22.1482   1.00377   5.42376
21.1091   0.999505   5.85343
20.7989   1.09143   0.0536291
20.0121   0.988926   6.11458
20.2359   0.984259   6.04915
21.6019   1.03863   5.96009
21.6042   1.01445   0.0548911
22.803   0.958899   0.102591
23.0597   0.936999   0.292849
24.0125   0.865623   6.15955
22.9129   0.947199   6.16913
23.6441   0.942773   0.197164
23.2062   0.894557   0.759174
23.6004   0.937359   0.334224
22.1879   0.893733   0.391162
22.1572   0.852658   0.292101
21.5696   0.860678   6.1068
21.821   0.82547   6.26018
22.1838   0.819676   5.98576
21.3426   0.873581   0.200235
22.1436   0.854974   6.16795
21.9841   0.875089   0.0548088
21.9834   0.819708   6.05703
21.7992   0.759966   5.63057
21.1399   0.802368   0.116905
21.1424   0.844079   0.236443
20.6089   0.832887   0.0507774
20.4616   0.806253   0.0958138
20.7682   0.820474   0.0156137
21.7078   0.745584   0.0143768
22.8083   0.696693   0.136144
23.6714   0.734953   0.101311
23.7718   0.684674   6.20201
24.3749   0.728873   5.94601
24.8138   0.723352   5.745
26.2504   0.760232   0.160127
25.9033   0.723197   0.147631
26.2525   0.769743   6.06003
27.2807   0.870923   5.98636
27.343   0.935134   5.74136
26.5201   0.8966   5.72684
26.6569   0.895005   5.47296
24.9196   0.865551   5.51929
25.0665   0.817951   5.5241
23.8158   0.842358   6.02946
23.4678   0.933828   6.14706
23.3485   0.945934   0.00800023
23.6606   0.908078   6.15611
25.3822   0.905395   5.88298
24.7156   0.842309   5.91826
23.761   0.877302   5.65022
24.5071   0.849243   5.68933
24.7151   0.841875   5.8659
24.1351   0.821722   5.71027
24.6691   0.933476   5.53742
24.755   0.940433   5.30515
24.8319   0.918203   4.97938
24.7081   0.897667   4.86137
24.2392   0.804248   5.14507
23.6018   0.789218   5.01518
23.9829   0.760786   5.17343
23.7131   0.794907   5.4011
24.4007   0.768842   5.43429
26.1623   0.766992   5.76859
25.9922   0.757262   5.73788
25.8196   0.831383   5.80579
26.7115   0.812044   5.49069
26.5577   0.800101   5.48074
26.6821   0.835314   5.67229
27.7995   0.766714   5.77682
27.5896   0.755268   5.54619
28.0693   0.757614   5.54619
29.0542   0.843492   5.67892
29.5785   0.845637   5.68449
30.5156   0.829022   5.868
31.2958   0.83665   5.97195
32.324   0.777625   5.86456
32.2921   0.839423   5.46294
33.1312   0.835214   5.13142
32.1676   0.829188   5.2253
31.9786   0.844931   5.15191
32.7494   0.896624   4.70761
32.8676   0.952485   4.58817
32.333   0.945964   4.68696
32.1948   0.885491   4.68464
31.1329   0.866509   4.5141
31.861   0.887336   4.4695
31.2629   0.875214   4.81011
31.508   0.820268   4.86933
31.6326   0.909825   4.42253
31.636   0.925921   4.50877
32.1174   0.848634   4.59937
32.0611   0.843639   4.72151
32.2353   0.852403   4.62371
32.0169   0.853209   4.47173
30.8509   0.846462   4.34806
31.546   0.816494   4.47651
31.4996   0.867291   4.72385
32.29   0.897214   4.79727
32.3699   0.93709   4.6746
32.2427   0.906111   4.81816
30.888   0.880207   4.95309
31.8709   0.874843   5.19876
32.8309   0.87895   5.37974
32.2412   0.872529   5.67576
31.9414   0.859105   5.72774
32.0238   0.836432   6.05986
32.2981   0.839439   6.16043
33.1608   0.890003   0.0390547
31.9925   0.908252   0.22088
31.4854   0.897343   0.0934509
31.888   0.951515   0.179662
32.5678   0.920225   0.289808
32.2151   0.947938   0.440558
32.1103   0.942227   0.577427
32.319   0.924509   0.450549
32.7834   0.928976   0.440347
32.6586   0.911138   0.261213
33.5016   0.883564   0.55371
33.6521   0.881906   0.596525
33.7004   0.877982   0.740735
33.3823   0.864694   0.657114
33.0459   0.839865   0.66223
32.6431   0.933201   0.494757
32.7775   0.910677   0.805226
32.2893   0.833643   1.17327
32.3288   0.839425   1.02065
31.9171   0.863763   1.1779
31.7723   0.89053   1.28024
31.5527   0.893877   1.3258
31.3224   0.899361   1.29359
30.6905   0.880655   1.56542
30.5248   0.853444   1.33804
30.0769   0.837636   1.27301
31.1364   0.920147   1.06665
32.1316   0.879631   1.17308
31.2446   0.949582   1.26661
31.4891   0.917822   1.32014
31.3719   0.963864   0.957813
31.6033   0.960858   1.06126
31.3265   0.938047   1.20771
31.3842   0.916859   1.09459
31.7284   0.859051   1.01518
32.3431   0.83153   1.07662
32.0148   0.849145   1.04017
32.8084   0.872195   0.877764
31.6171   0.862176   0.593265
30.6432   0.92739   0.448956
30.0528   0.912555   0.284655
28.9104   0.941367   0.158532
27.8198   0.916629   0.0603383
26.8015   0.9046   6.12715
26.3857   0.920186   0.340786
26.6834   0.922269   0.271705
25.8548   0.96809   0.206766
26.6093   0.926058   0.0221707
26.1618   0.959065   0.164858
26.3883   0.936921   6.24194
25.9349   0.885506   0.234834
25.8725   0.826034   6.14471
26.8684   0.816207   6.13799
27.9256   0.850732   0.0152507
27.528   0.885918   0.0810366
28.3544   0.876747   0.190304
28.2365   0.939854   0.233996
27.1164   0.923802   0.395889
26.6381   0.908642   0.636315
27.2084   0.91093   1.06902
27.4266   0.838732   1.15001
27.4934   0.842335   0.978349
27.9329   0.874329   1.37095
27.7956   0.824263   1.26132
27.8447   0.917864   1.37699
27.9395   0.9145   1.28166
28.0455   1.00533   1.42152
27.848   0.965526   1.68326
26.6691   0.922454   1.71723
27.4721   0.8695   1.56103
27.9222   0.882078   1.65164
27.654   0.864922   1.95051
27.8452   0.89639   1.51528
28.1387   0.974168   1.7276
29.2218   0.99154   1.78781
28.6044   0.941505   1.95002
28.4148   0.981229   1.72995
28.0658   0.953216   1.66465
28.1521   0.851991   1.9516
28.5036   0.824456   2.06874
27.039   0.849836   2.16058
27.6581   0.843279   2.49607
28.49   0.817957   2.36753
27.6166   0.897731   1.962
28.3573   0.846864   2.1392
27.2747   0.796019   2.23305
26.8722   0.763846   2.76432
27.4343   0.752047   2.99751
27.2899   0.771505   2.55205
28.0154   0.78142   2.93913
28.5662   0.812345   2.98626
28.2024   0.852746   2.99075
29.1922   0.800307   2.85773
28.0402   0.770663   3.05101
29.1489   0.82423   2.95959
30.577   0.860833   2.62808
30.3593   0.866564   2.65092
30.8955   0.861835   2.60451
32.0745   0.880823   2.65615
31.2921   0.857779   2.44617
31.9902   0.871816   2.60792
32.2149   0.933256   2.51836
31.0389   0.91581   2.7077
30.735   0.90412   2.67421
31.4098   0.926074   2.65344
30.7073   0.908543   2.67389
30.697   0.909133   2.5313
30.187   0.904394   2.6455
28.4779   0.930198   2.79152
28.7606   0.866656   2.92067
28.5755   0.881663   2.85385
27.9278   0.818632   2.78672
28.8733   0.816909   2.33048
29.2195   0.855451   2.18061
29.9391   0.846205   2.26845
30.2055   0.849844   2.0967
30.0681   0.791383   2.31357
30.256   0.838785   2.38968
29.6618   0.797799   2.48372
31.0147   0.823897   2.29474
31.6864   0.847484   2.09852
31.5568   0.865638   2.02474
30.9796   0.868197   1.72271
31.2746   0.832416   1.70889
32.0037   0.856073   1.92542
31.8701   0.863338   1.96661
30.8744   0.858638   2.2343
30.4271   0.796944   1.94121
30.587   0.842567   2.24397
30.182   0.871224   2.21562
31.4591   0.860957   1.99816
31.901   0.815325   1.85184
31.0366   0.755072   1.62717
32.2745   0.765603   1.57945
31.7429   0.758331   1.73219
31.5244   0.763986   2.07011
31.1532   0.751605   1.78507
31.0043   0.767416   1.65976
31.8077   0.765603   1.5144
32.5328   0.833308   1.23013
32.7079   0.812338   1.21183
31.7714   0.761448   0.82444
30.1143   0.745465   1.0848
30.0415   0.740282   0.63668
29.1397   0.744655   0.383714
27.606   0.676709   0.52866
29.7954   0.740683   0.637835
29.2127   0.739413   0.539169
29.1436   0.739318   0.446865
29.7198   0.710615   0.382314
29.1704   0.70627   0.225029
30.6068   0.723232   0.64589
30.9658   0.709582   0.501651
31.5762   0.68946   0.339669
31.9921   0.667618   0.552437
32.6217   0.713072   0.623486
31.642   0.700681   0.543037
32.1242   0.742404   0.305465
32.4933   0.77542   0.304698
33.5397   0.752327   0.339208
34.5616   0.829586   0.580565
35.425   0.868389   0.669093
36.0059   0.851138   0.668314
35.914   0.847155   0.399614
36.0709   0.835877   0.424795
36.5415   0.823651   0.287725
35.8208   0.844602   0.118875
34.8811   0.841006   0.112902
35.3684   0.852549   0.143724
34.914   0.841017   6.23565
34.8796   0.858921   6.25298
33.6453   0.932493   6.23369
33.5954   0.932421   0.210753
34.5162   0.927144   0.299264
33.4356   0.897588   0.261431
33.731   0.886145   0.164846
34.5283   0.840934   0.200625
34.1433   0.858526   0.029671
35.4955   0.854872   0.120247
34.777   0.870307   0.0409476
34.2501   0.892801   0.0145379
34.8585   0.9109   6.27731
36.3855   0.895373   6.23972
36.6236   0.894167   6.1149
36.9945   0.872813   6.17572
36.7996   0.877852   6.04763
37.0322   0.808751   6.22299
37.5759   0.771859   0.171306
37.6409   0.795748   0.210568
37.7952   0.76895   0.469288
37.0746   0.780207   0.549969
37.5681   0.774001   0.530863
37.2395   0.762897   0.525413
37.2858   0.771053   0.340039
37.529   0.802909   0.515868
37.7177   0.81043   0.324845
37.561   0.820348   6.26104
36.9849   0.848239   6.22375
36.505   0.844973   6.02949
36.6601   0.872865   6.18252
37.5145   0.846337   6.15924
39.2587   0.877028   6.1663
39.6513   0.81223   6.19473
40.2561   0.823996   0.105534
40.8649   0.834415   0.322151
40.3644   0.797176   0.193862
40.2138   0.837792   0.299004
40.7801   0.864484   0.343301
40.0191   0.880483   0.154351
40.5039   0.868887   0.459011
40.9683   0.863481   0.480053
41.9336   0.843025   0.70932
42.4659   0.84664   0.694032
41.9994   0.795461   0.63424
41.7672   0.800937   0.65295
41.8891   0.811094   0.639848
42.6962   0.765857   0.53816
42.7036   0.752046   1.00418
43.0611   0.760261   0.861351
43.1112   0.79131   0.971002
43.3483   0.827195   0.988736
44.1297   0.828755   1.1251
45.3572   0.850012   1.23928
45.6789   0.856645   1.22628
46.4916   0.903354   1.15216
46.763   0.890881   1.28859
47.7211   0.878001   1.27217
49.1216   0.870372   1.30005
49.8552   0.839302   0.991982
50.8687   0.816701   0.953171
50.5465   0.830502   1.04292
50.9466   0.854084   0.947832
50.5137   0.860902   1.00508
50.5962   0.859327   1.0124
50.7389   0.824213   0.87693
49.5741   0.79577   0.678893
49.3478   0.802106   0.49027
49.9979   0.822021   0.533261
49.0116   0.833777   0.641629
48.4528   0.832455   0.848009
47.9784   0.799288   0.838307
48.5825   0.825618   0.82525
48.4337   0.829736   0.661648
48.2798   0.820924   0.688925
48.1074   0.864689   0.92878
47.6119   0.879516   1.00353
47.2482   0.88522   0.893535
47.7366   0.851013   0.911274
47.4924   0.883264   0.776554
47.8913   0.871995   0.675009
48.6732   0.900373   0.623735
48.6195   0.897054   0.777632
48.4044   0.903527   1.05919
48.0363   0.893256   0.78754
49.6307   0.901176   1.02553
50.3754   0.884038   0.834235
49.5979   0.881667   0.964931
50.316   0.867889   0.921393
50.1381   0.847664   0.825171
50.0493   0.868766   1.09137
49.6066   0.873803   1.32671
49.9105   0.898902   1.14375
49.9516   0.928416   0.987332
49.7412   0.918228   0.832358
50.4195   0.923245   0.968899
50.4454   0.927663   0.973544
50.6029   0.904061   0.946594
50.3786   0.902908   0.886805
49.0297   0.922149   0.764309
48.9339   0.918812   0.810617
49.433   0.889736   0.801492
49.2345   0.867148   0.754455
48.7989   0.850087   0.605592
49.1402   0.839275   0.566734
49.1191   0.852891   0.584013
47.4525   0.867195   0.725753
47.3456   0.868205   0.736916
46.5789   0.837909   0.857731
46.644   0.850595   0.775876
46.5182   0.855685   0.885626
46.91   0.865646   0.754403
47.2924   0.870404   0.797576
47.8606   0.876893   0.831232
47.9555   0.853383   0.818548
48.2236   0.838635   0.754545
46.7916   0.862878   0.713474
46.1979   0.835881   0.635854
46.1398   0.840891   0.48457
45.9489   0.858808   0.317493
45.0582   0.85024   0.373012
44.6398   0.848409   0.422695
44.1488   0.877651   0.346676
43.7856   0.880838   0.24046
43.2621   0.863308   0.117373
42.6067   0.861915   0.157252
42.3224   0.838636   0.254256
43.2571   0.836224   0.263777
43.5217   0.837443   0.165312
43.5952   0.836279   6.19915
44.8195   0.848817   6.14336
44.8661   0.877773   6.1677
44.7161   0.860989   6.23348
44.2384   0.877419   0.0955469
45.5294   0.929957   6.21629
44.5739   0.915009   6.25495
45.0957   0.892311   6.19529
43.5081   0.906239   6.00469
43.6317   0.923338   5.86711
43.0816   0.906326   5.70448
42.857   0.921323   5.78199
42.7984   0.93125   5.92283
43.478   0.902997   5.89635
44.2675   0.893651   6.20644
44.6942   0.891582   6.15099
45.3322   0.867247   6.0262
46.5903   0.871564   5.96094
45.9028   0.839731   5.86355
46.813   0.834579   5.69673
46.2601   0.86018   5.73992
45.9937   0.826433   5.67293
46.5488   0.831898   5.61297
45.0793   0.830464   5.45728
45.0709   0.87686   5.31132
45.0838   0.878097   5.31325
45.1415   0.872353   5.27858
46.1269   0.889839   5.13511
45.9943   0.897673   5.21782
46.6486   0.898084   5.18493
47.0923   0.912188   4.85239
46.4453   0.926356   4.92813
47.193   0.931151   5.06789
47.3455   0.944536   5.01511
47.8859   0.914278   4.90081
47.4847   0.909592   5.01216
47.9917   0.893319   5.04444
47.0117   0.907997   5.02134
47.1695   0.872564   5.07943
47.2306   0.836909   5.22973
46.4423   0.807658   5.19225
46.8043   0.815567   5.17324
47.1971   0.847992   5.20821
46.3086   0.828411   5.24817
46.5629   0.854843   5.13775
46.6996   0.886916   5.1462
45.9171   0.905301   5.05172
46.0606   0.923837   4.93587
46.5438   0.905099   4.9755
46.023   0.890952   4.95822
46.1476   0.890378   4.98055
45.1878   0.890913   5.2117
45.6064   0.839254   5.00668
45.7047   0.839741   4.93612
45.7804   0.85173   4.75727
45.5794   0.857624   4.86138
46.3513   0.862543   4.86471
46.2491   0.865476   4.86707
47.2536   0.840459   4.86394
47.8765   0.8338   4.66049
47.8006   0.843651   4.71884
48.4217   0.888257   4.76501
48.476   0.880346   4.75412
48.0946   0.860961   4.79136
47.1411   0.851041   4.75844
47.8097   0.83872   4.61954
47.6141   0.845973   4.63995
47.917   0.879208   4.55518
46.0881   0.876795   4.52285
46.6649   0.87257   4.72206
47.578   0.838846   5.01692
47.0895   0.81523   4.98997
47.1697   0.806841   4.93352
46.9351   0.820688   5.06576
47.3134   0.837487   5.02257
47.6906   0.837201   5.13552
48.7831   0.813208   5.14962
48.2245   0.807685   5.09068
48.6631   0.828655   5.02641
47.9766   0.837806   4.96922
47.8821   0.863077   5.18386
48.1137   0.859057   5.29495
48.0349   0.862642   5.37397
47.3773   0.859679   5.32708
48.3569   0.87863   5.46701
48.532   0.860696   5.52904
48.6069   0.897302   5.34535
48.3416   0.893189   5.41154
49.0346   0.87913   5.57771
49.7244   0.89379   5.5823
49.1591   0.865101   5.67972
50.4412   0.861931   5.74826
49.2899   0.84032   5.64011
48.0821   0.827757   5.67364
48.7715   0.77729   5.87424
49.045   0.79972   6.10767
49.0649   0.819377   6.18137
48.174   0.849276   6.25976
49.2326   0.850751   6.05226
48.3801   0.887529   5.87723
48.4232   0.877258   5.94379
47.7584   0.901553   6.1043
48.1914   0.882786   5.98374
47.0959   0.897466   5.9495
46.7748   0.90218   6.00515
46.6519   0.895705   6.0233
45.4998   0.918639   6.28009
46.0817   0.882303   6.18713
46.0946   0.897725   6.08233
45.5484   0.881938   5.95338
45.7723   0.860589   5.83762
45.0533   0.863102   5.73409
44.3978   0.873555   5.74486
43.1714   0.907665   5.6581
42.9331   0.948991   5.69182
43.8847   0.930452   5.6558
43.1324   0.893601   5.42448
42.2791   0.868806   5.29862
42.016   0.835598   5.49051
42.6312   0.842887   5.23277
43.2382   0.837863   5.11349
44.0252   0.832851   5.15199
43.7912   0.840075   5.11633
44.0285   0.816964   5.13942
45.0921   0.827761   5.01812
44.5704   0.819069   5.11676
44.2339   0.817451   5.3312
43.779   0.798972   5.26649
42.6997   0.781594   5.09221
43.6698   0.778301   5.03009
44.4552   0.725639   4.9718
45.238   0.713   4.88037
44.8543   0.664822   5.20802
45.1854   0.665058   5.18683
45.7869   0.668966   5.11615
46.413   0.673406   4.80899
47.7063   0.643688   4.8595
46.2967   0.6786   4.40971
45.0104   0.668948   4.66399
44.1396   0.650149   4.32438
43.161   0.672472   4.43309
43.4535   0.642164   4.73538
43.9331   0.634968   4.7677
43.5499   0.603032   5.02072
44.5509   0.582078   4.7303
44.396   0.583914   4.91714
44.2764   0.605226   4.71453
42.4782   0.616337   4.53955
43.7901   0.591174   4.31274
44.1133   0.579591   4.46972
44.6496   0.639708   4.40396
44.2047   0.63583   4.53772
44.8513   0.612915   4.54713
45.5661   0.624194   4.2014
45.2511   0.628474   4.24511
46.0412   0.647925   4.32018
46.2721   0.670302   4.26069
47.2314   0.639861   3.93454
47.1878   0.668301   3.72847
47.8373   0.641699   3.48607
48.4456   0.658542   3.30581
48.4497   0.638488   3.44808
48.4923   0.572821   3.21965
49.6214   0.571332   3.47041
48.6146   0.529286   3.78636
48.4388   0.532166   4.04085
48.0649   0.554983   4.11854
47.7814   0.564517   4.04556
48.3994   0.541629   3.92243
48.3633   0.550864   4.1551
47.8071   0.552015   4.17643
47.9573   0.546498   4.25389
47.8492   0.552159   4.52798
47.2812   0.543659   4.60798
48.3605   0.585477   4.57862
47.8271   0.555987   4.53451
47.2186   0.557026   4.70208
47.4831   0.530185   4.5978
47.7667   0.535067   4.54059
47.19   0.593472   4.56648
48.0347   0.577624   4.61003
49.5234   0.573061   4.4675
49.3474   0.580429   4.23083
49.8125   0.616851   4.34428
49.5018   0.650085   4.26572
48.7077   0.667795   4.22783
48.6788   0.676888   4.22217
47.2347   0.676963   4.41648
47.5696   0.663476   4.42947
47.3303   0.714404   4.33037
47.4112   0.676841   4.2515
47.576   0.67622   4.31648
47.5148   0.671238   4.14161
47.791   0.662389   4.46584
48.5848   0.652753   4.49968
49.8482   0.67117   4.40422
50.0324   0.668391   4.50044
49.3562   0.634713   4.67976
50.4241   0.621853   4.72965
50.6279   0.584819   4.62881
49.3564   0.585489   4.34786
48.4154   0.609073   4.34503
48.3514   0.639305   4.55135
49.182   0.63207   4.63853
49.3724   0.608341   4.83427
49.8732   0.576884   4.91861
49.7645   0.555503   5.09795
49.2161   0.541185   5.21784
50.3264   0.570782   5.26446
51.218   0.587442   5.1554
52.1944   0.566768   5.30927
51.8002   0.584352   5.69671
51.5711   0.593012   5.2655
51.0496   0.580463   5.28092
51.4796   0.579493   5.18497
51.1245   0.608888   5.35521
50.5022   0.634778   5.38199
50.271   0.6593   5.23843
50.9332   0.648572   5.1175
50.8868   0.658636   5.15017
50.2489   0.676115   5.12739
50.802   0.668198   5.05211
51.7982   0.714849   5.03451
50.3969   0.710236   4.97908
49.9542   0.718209   5.12934
50.406   0.727504   5.15705
49.4453   0.717491   5.12894
51.4085   0.72547   5.04735
51.9222   0.751569   4.89157
51.1542   0.742356   4.74716
51.0429   0.761173   4.72817
51.3162   0.752206   4.49335
52.4419   0.742473   4.8181
53.3694   0.73054   4.87626
55.0198   0.766253   5.02946
53.523   0.758966   4.99339
53.7165   0.767857   5.11329
54.086   0.782351   5.36634
54.1442   0.781785   5.17138
52.909   0.754039   5.2177
52.8939   0.77079   5.10758
54.1396   0.803287   5.07568
54.8266   0.791532   5.0278
55.086   0.803652   4.98273
56.0231   0.810295   4.94009
56.1867   0.770276   4.7912
56.1738   0.762543   4.62847
54.8595   0.753067   4.54085
55.6364   0.74791   4.49911
54.2985   0.727278   4.32391
55.0262   0.729214   4.4067
55.13   0.777947   4.46174
55.5976   0.798695   4.35931
56.8458   0.827699   4.5643
56.9588   0.837186   4.60044
56.7988   0.821969   4.76123
55.9105   0.804715   4.75203
56.1633   0.841493   4.58592
56.8995   0.864313   4.5973
58.4748   0.855199   4.50767
57.7964   0.850337   4.56218
57.0821   0.834166   4.51274
56.0476   0.855645   4.39036
56.2783   0.849964   4.30928
56.4053   0.818946   4.14592
56.1658   0.826325   4.25141
56.5611   0.867052   4.04936
55.5624   0.873082   4.16387
54.1306   0.85386   4.12989
54.6358   0.846366   4.27114
54.5859   0.866436   4.16515
54.0645   0.868453   4.11745
55.9083   0.878567   4.26
55.1916   0.906356   4.25169
55.8852   0.898508   4.22959
55.9598   0.932119   4.1184
56.6046   0.945533   4.10086
56.7947   0.931138   4.01895
55.9323   0.92001   3.96002
55.5347   0.904917   3.70929
56.2775   0.893705   3.63384
55.5461   0.868413   3.5553
55.2434   0.881266   3.58444
55.4145   0.895747   3.62547
54.4935   0.933877   3.46623
54.0338   0.917226   3.1935
53.9843   0.926149   3.19753
52.8872   0.888732   3.31978
53.6869   0.848754   3.37221
52.9697   0.835905   3.26706
52.8431   0.830202   3.28964
53.093   0.83462   3.29343
53.3259   0.830177   3.34728
52.4054   0.833474   3.24866
52.1241   0.837737   3.25068
51.8041   0.830749   3.12461
51.3463   0.854526   3.03622
51.3198   0.853576   3.02018
51.0862   0.8539   3.3174
52.1848   0.843182   3.44096
52.317   0.881474   3.45443
52.1754   0.895513   3.49271
50.6915   0.910864   3.48404
49.3134   0.876569   3.52322
49.6181   0.899772   3.61073
50.6055   0.895003   3.78078
48.9832   0.894496   3.99166
49.1106   0.872761   4.0542
49.2498   0.904562   3.88495
48.7526   0.900658   3.81599
49.328   0.885717   3.78866
48.1155   0.857498   3.93891
47.2016   0.832196   3.94718
47.2413   0.824738   3.93847
47.4276   0.804896   3.89283
47.0879   0.81614   3.78722
46.6695   0.848713   3.69891
46.2834   0.883512   3.73757
47.0851   0.900557   3.63726
46.2967   0.934007   3.61897
47.2869   0.925521   3.62915
47.1477   0.96474   3.48226
47.48   0.950579   3.60359
46.2556   0.935069   3.67076
46.9801   0.914743   3.43512
46.6892   0.869909   3.2564
46.2622   0.835076   3.2065
45.6135   0.835678   3.26637
45.2372   0.816221   3.18506
45.5308   0.816247   3.26281
46.1176   0.801626   3.19494
46.3052   0.800509   2.86832
47.2947   0.785866   2.81836
47.5734   0.803485   2.69362
48.3282   0.798613   2.54794
47.9495   0.797526   2.39071
48.0646   0.781536   2.33519
47.9121   0.784936   2.47781
48.2528   0.76169   2.38054
48.3746   0.781438   2.67694
48.6645   0.766433   2.67875
49.602   0.737735   2.77268
49.8496   0.692415   3.02756
50.684   0.711746   2.93275
50.3791   0.704954   2.94454
50.2453   0.703555   3.04381
49.2722   0.690286   3.19542
48.9535   0.701349   3.38981
48.1592   0.7163   3.45922
47.3991   0.687323   3.51176
47.7397   0.71302   3.64485
46.8296   0.744279   3.59922
47.3023   0.768182   3.62223
46.7053   0.744737   3.83251
46.7869   0.794573   3.89786
46.7932   0.83125   3.74371
47.5501   0.825173   3.62291
47.1109   0.853036   3.53348
46.8686   0.885649   3.48086
47.9529   0.87339   3.57974
48.185   0.862293   3.7111
48.7578   0.829861   3.7017
48.677   0.82979   3.57113
48.7529   0.803402   3.48604
48.3824   0.774517   3.37416
48.8058   0.745565   3.42805
49.956   0.724252   3.39954
50.9897   0.7061   3.48837
51.0826   0.692936   3.42821
51.0502   0.687017   3.3026
51.2998   0.711745   3.30779
52.2689   0.687015   3.49035
51.2684   0.679082   3.26512
50.6376   0.675701   3.16419
49.8559   0.693961   3.07043
49.6771   0.697577   3.05815
49.6383   0.695954   2.83161
49.9919   0.700776   2.88493
51.3302   0.665277   2.76736
52.5308   0.635586   2.90103
52.7664   0.625347   2.97039
52.7176   0.662512   3.12985
53.6505   0.633042   3.04793
53.8277   0.659735   3.05536
54.2944   0.622631   3.01953
54.2673   0.598759   2.95626
53.7817   0.611979   3.12444
53.4999   0.61866   3.00821
53.6628   0.621422   2.73428
53.2999   0.653141   2.7557
54.1108   0.644002   2.88129
54.1761   0.670669   2.85226
54.2382   0.677999   2.84168
55.3425   0.708472   2.88216
55.4053   0.722444   2.69935
56.5052   0.693165   2.48005
56.2974   0.699694   2.36331
56.3513   0.759816   2.56875
57.1782   0.7535   2.39023
57.6442   0.771265   2.24939
57.552   0.787002   2.2771
57.6446   0.773927   2.03751
57.6837   0.771228   1.96225
55.9583   0.804334   1.94284
55.0785   0.812704   2.0603
54.8045   0.838586   1.83461
54.9432   0.855707   1.81106
54.711   0.835073   1.86453
55.1836   0.872335   1.76197
55.0566   0.872572   1.68162
55.2032   0.897903   1.61714
55.4705   0.917973   1.55314
55.6921   0.937415   1.39709
55.7099   0.904317   1.35428
54.9772   0.922445   1.31744
54.6286   0.911453   1.22472
55.4797   0.893193   1.00613
55.1376   0.863986   0.9385
54.6279   0.874637   0.83305
53.2259   0.879309   0.776938
52.0777   0.861358   0.877819
51.6409   0.876781   0.617992
52.1183   0.869454   0.948859
52.952   0.88492   0.930183
52.2106   0.889511   0.723096
51.6676   0.910053   0.663489
51.8557   0.890058   0.849232
52.6259   0.885925   0.841065
53.3574   0.909722   0.812813
54.2505   0.930353   0.789633
53.8875   0.903348   0.709969
53.9962   0.919471   0.760063
54.3562   0.939949   0.710286
54.334   0.947892   0.652715
54.0056   0.935216   0.724417
53.8156   0.940103   0.713767
53.4947   0.930531   0.741051
54.1004   0.906932   0.648463
55.1628   0.870356   0.459936
53.9849   0.870146   0.403605
53.2436   0.889262   0.295508
53.5521   0.900792   0.407658
53.2968   0.877314   0.279614
53.705   0.895102   0.173151
53.5757   0.872786   0.132918
53.8758   0.878983   0.040567
52.7713   0.894496   0.13019
52.1864   0.904729   0.0723816
52.2794   0.88292   0.0871565
53.2097   0.857945   0.0365188
53.3484   0.880835   0.0816136
53.1126   0.862971   0.0614463
52.9817   0.831146   6.26706
53.1099   0.828189   6.08407
52.8343   0.853839   5.84695
53.7639   0.812656   5.76987
53.9297   0.784335   5.81862
53.9859   0.819111   5.73888
54.1583   0.84793   5.80537
55.1648   0.863128   5.78226
54.3863   0.828672   5.70359
53.9568   0.811449   5.66454
53.5002   0.831195   5.5875
53.0111   0.879634   5.70499
52.3025   0.910279   5.63636
51.9605   0.890514   5.74156
52.3954   0.861778   5.88902
52.9834   0.887287   5.85101
52.0679   0.876476   5.73943
51.5677   0.884015   5.79185
51.759   0.869699   5.85949
53.2285   0.878491   5.83842
53.1154   0.869626   5.94662
52.8538   0.87072   5.959
53.4007   0.878319   5.92894
54.518   0.86918   5.97224
53.7879   0.878266   5.93045
53.5232   0.880193   6.18043
54.3166   0.875394   5.99041
54.7434   0.890405   6.01703
54.2849   0.871597   5.7446
53.4773   0.863928   5.75668
53.7601   0.848869   5.72647
52.4585   0.87785   5.56222
52.0247   0.908596   5.69252
51.3517   0.907655   5.75853
51.5457   0.913313   5.83046
51.5498   0.890468   5.71925
51.6458   0.908776   5.84073
52.3652   0.87009   5.8363
52.0632   0.841862   5.84509
51.6929   0.844859   5.91443
51.2769   0.835883   6.08958
52.1705   0.819771   6.11421
52.1748   0.809752   6.00049
52.0654   0.831047   5.97443
52.9119   0.829715   6.11028
52.7317   0.881809   6.16475
52.9627   0.909753   6.25736
53.0102   0.928158   0.0132836
53.5201   0.94292   6.24784
52.8841   0.951812   0.140087
52.4479   0.937064   0.160248
52.2304   0.94359   0.324086
51.4891   0.943164   0.405276
51.0439   0.908331   0.274679
51.3396   0.920132   0.301588
51.0651   0.893837   0.206019
52.6858   0.917097   0.376339
52.3963   0.901481   0.483179
52.5837   0.892869   0.414566
51.7867   0.885695   0.305522
52.8565   0.859537   0.298558
52.5901   0.841426   0.355971
53.2635   0.800892   0.505258
53.1399   0.829672   0.47895
53.2614   0.83763   0.561799
52.9594   0.847729   0.43055
51.5996   0.891267   0.46112
52.2244   0.901583   0.480853
52.734   0.9497   0.471965
52.6544   0.961738   0.680036
52.8911   0.98095   0.545403
53.176   0.990859   0.556915
53.5602   0.992018   0.533711
53.3817   0.98591   0.595988
52.8603   0.966432   0.528514
53.0424   0.954792   0.676908
52.8414   0.940318   0.764189
52.5677   0.909713   0.82602
53.5755   0.906121   0.818866
53.7725   0.90748   0.698984
52.694   0.891824   0.594431
52.7362   0.875506   0.617532
51.7836   0.855048   0.69455
51.3793   0.866851   0.660751
50.7973   0.868177   0.718933
50.8027   0.835287   0.958945
51.0471   0.80378   0.841037
51.9181   0.807479   0.831394
52.0756   0.783762   0.790511
51.7749   0.798081   0.753654
51.1155   0.80203   0.829311
51.4251   0.785839   0.877835
50.9844   0.76873   0.898149
50.562   0.767168   1.02836
51.216   0.780994   0.839451
51.8979   0.807213   0.716212
50.8491   0.780798   0.644397
50.5198   0.764623   0.609777
50.3325   0.770715   0.537902
51.0876   0.760172   0.45767
52.079   0.734323   0.269842
52.6616   0.741065   0.384867
52.7089   0.753313   0.241135
52.4987   0.763339   6.27608
51.7635   0.806078   6.23887
51.9236   0.781777   6.22554
51.6922   0.752793   6.18683
50.9136   0.763764   6.21609
50.4322   0.780401   6.27296
50.9928   0.809617   0.0633459
52.3312   0.862256   0.11435
52.5432   0.84546   0.0683501
53.405   0.818845   6.27511
53.3749   0.808688   0.07491
54.4869   0.855684   0.0117333
54.56   0.857155   6.23256
55.007   0.850715   6.27254
54.1752   0.838672   6.2673
54.1806   0.848096   0.0778732
53.5064   0.858376   0.124813
53.9121   0.853133   0.0163779
54.1981   0.824739   0.0942072
53.7435   0.855521   0.0728061
55.5917   0.857136   0.0603633
55.0113   0.844527   6.14535
54.408   0.837409   5.95811
54.1759   0.823458   6.04291
53.7089   0.816444   5.87198
54.3987   0.819159   5.79819
54.6545   0.82339   5.64721
55.0225   0.860428   5.56014
55.3575   0.881988   5.85384
55.2394   0.885343   5.86178
54.8853   0.894197   5.77593
55.3165   0.908016   5.64591
55.0395   0.89366   5.43571
54.715   0.890444   5.45978
54.903   0.8786   5.56048
54.6632   0.915701   5.49564
54.0162   0.882826   5.51096
53.8832   0.878486   5.62718
53.2048   0.895001   5.71701
53.7026   0.937411   5.62189
53.7061   0.935329   5.71972
53.3346   0.936648   5.7332
53.3162   0.933717   5.62386
52.2877   0.906387   5.5522
51.3193   0.887126   5.66129
50.8829   0.893251   5.60718
52.1081   0.892502   5.63487
52.0081   0.880092   5.75027
53.3159   0.858924   5.68096
53.2829   0.874618   5.58823
53.8544   0.855738   5.50032
53.8339   0.86953   5.5456
54.3877   0.877202   5.72263
53.9068   0.874918   5.70986
53.5163   0.874171   5.80944
53.438   0.890463   5.86451
54.1548   0.910305   5.83665
53.8477   0.871877   5.80576
53.7062   0.899095   5.90882
53.286   0.868696   6.17127
54.5855   0.84659   6.24165
54.0839   0.843649   0.041741
53.452   0.870153   6.27051
53.577   0.856269   6.18244
52.8351   0.869715   6.26675
52.4736   0.850509   0.152895
51.4894   0.794627   0.0894562
51.0626   0.798774   0.163641
50.0957   0.814336   0.130281
49.5433   0.787174   0.10208
48.0258   0.788808   0.0841088
48.0919   0.753628   0.206404
48.0918   0.75209   0.0133682
47.9448   0.750567   0.234951
48.6396   0.730048   0.447836
49.1737   0.718547   0.680559
48.4077   0.721361   0.82099
47.9023   0.734715   0.848539
48.5364   0.707063   0.795242
48.3476   0.699195   0.395955
48.0945   0.6814   0.357019
46.8706   0.690887   0.343892
46.7286   0.637728   0.277519
47.0984   0.660644   0.322296
48.0327   0.67002   6.27501
47.2394   0.659133   6.20951
46.2646   0.685599   5.96097
46.7368   0.706536   5.68411
46.3307   0.750968   5.467
45.8581   0.750411   5.13834
46.1878   0.801318   5.30515
46.1672   0.78604   5.25762
47.2985   0.767269   4.87299
47.8206   0.738923   4.85865
46.9338   0.753544   4.99683
46.4327   0.749414   5.10693
46.187   0.799295   5.04225
46.5013   0.766484   5.01546
45.9277   0.774842   4.8505
46.1194   0.797527   4.82425
45.2254   0.79952   4.63987
44.0704   0.801378   4.81437
44.7158   0.849999   4.88967
44.0802   0.840918   4.96187
43.8747   0.86598   4.99042
44.0189   0.852629   4.90158
43.0932   0.900337   4.75791
43.6018   0.908955   4.92113
43.9743   0.865852   5.01593
44.0069   0.853227   5.16687
42.971   0.881463   5.38496
43.0185   0.89025   5.48625
44.2069   0.865374   5.5434
44.1563   0.868856   5.39259
44.4557   0.84216   5.49576
44.4871   0.829426   5.51124
44.262   0.803756   5.36171
44.2231   0.803961   5.5257
44.1409   0.797733   5.41545
44.9099   0.75868   5.53097
46.4747   0.797049   5.79043
46.6764   0.784213   5.84117
47.0918   0.791425   6.14232
46.6161   0.800504   6.20907
45.5649   0.832905   6.10847
46.1357   0.774683   0.0481332
46.3544   0.797068   6.27121
47.7378   0.76249   6.17061
46.8813   0.770661   6.19259
46.1222   0.783036   6.21375
47.0491   0.742049   5.94755
48.8   0.728532   5.86051
48.6638   0.70316   5.8726
49.0919   0.720734   6.0351
48.8735   0.707469   5.842
49.5745   0.682006   5.9406
49.2955   0.664654   6.12065
49.6846   0.687402   5.88757
51.0388   0.711   5.85492
51.6062   0.710629   5.78837
51.202   0.702863   5.75678
50.7913   0.710841   5.8165
50.048   0.748551   6.04244
49.8119   0.742767   6.24069
50.3899   0.742163   0.0620326
49.6845   0.746547   0.0572023
51.3088   0.730466   0.239261
52.0612   0.711601   0.299829
52.0721   0.718989   0.205259
52.374   0.723526   0.212581
51.375   0.741979   0.302759
51.8385   0.758037   0.206451
50.9448   0.76993   0.0632803
51.8134   0.747715   6.21806
50.8565   0.762867   5.91819
51.2947   0.758058   5.79236
50.5657   0.748906   5.9104
51.292   0.745359   5.60336
52.2518   0.747824   5.48441
51.2074   0.715808   5.42169
50.043   0.732317   5.48676
51.2966   0.703851   5.4079
51.1203   0.753925   5.31383
50.463   0.762732   5.42539
50.1625   0.723855   5.00802
51.2907   0.744618   4.94034
51.1248   0.773773   5.15426
50.5508   0.752757   5.32379
48.8248   0.722684   5.46159
48.5694   0.737938   5.51258
48.679   0.7683   5.50354
48.734   0.768919   5.57269
49.675   0.771571   5.8088
49.915   0.787139   5.88349
49.9858   0.849789   5.86897
49.0341   0.851115   5.95148
49.4545   0.880008   5.99982
48.7744   0.835692   6.13666
49.4914   0.83471   6.15741
49.8241   0.836544   6.16218
48.9887   0.823377   6.19572
48.4289   0.865486   6.15294
50.1393   0.841349   6.04798
49.7036   0.854237   6.17989
49.5011   0.853603   6.23182
48.9133   0.887921   6.01612
49.124   0.910633   5.98362
49.4809   0.93982   5.8211
50.5139   0.914403   5.84449
50.2733   0.923169   6.00793
50.5973   0.907945   5.89234
49.8065   0.91312   5.63959
48.5792   0.875192   5.42728
48.7747   0.853143   5.48441
47.26   0.857483   5.55179
47.724   0.843546   5.41232
47.9672   0.853077   5.37373
48.2932   0.815815   5.58996
47.942   0.850198   5.56272
46.8072   0.800797   5.62977
46.977   0.776603   5.64379
48.5907   0.782069   5.65508
47.8615   0.839299   5.48184
47.9576   0.833549   5.5304
47.9893   0.848252   5.51403
48.5601   0.839901   5.37049
49.0971   0.85575   5.34868
49.0304   0.864896   5.40381
49.0443   0.840374   5.27927
48.9154   0.866315   5.21825
48.5264   0.839681   5.13412
49.4949   0.836566   4.99911
49.7936   0.868987   5.17482
51.2239   0.837481   5.03264
52.0001   0.807318   4.94415
52.4287   0.791348   4.83256
52.7872   0.767514   4.75461
52.7701   0.772807   4.75234
52.8278   0.746934   4.69524
52.4173   0.770683   4.55383
52.2671   0.75985   4.59747
51.7094   0.780433   4.54975
51.8985   0.815558   4.47104
52.3346   0.831756   4.46548
53.1014   0.856474   4.54837
53.8121   0.864939   4.37778
54.8236   0.839318   4.45273
55.0008   0.839651   4.41191
55.8137   0.812364   4.51829
56.167   0.801072   4.44739
54.8451   0.792597   4.38719
54.9781   0.832305   4.50988
55.2749   0.814769   4.75762
55.7305   0.786473   4.65895
55.2683   0.767574   4.57328
54.7399   0.754159   4.4984
56.364   0.768116   4.54621
57.5371   0.792912   4.6648
58.2658   0.807268   4.71781
58.4973   0.814262   4.71946
58.5013   0.824609   4.58769
59.3366   0.824115   4.66184
59.8407   0.821562   4.68764
59.0945   0.821825   4.83924
58.1488   0.853912   4.78148
58.3932   0.861015   4.76019
58.5675   0.869261   4.92939
58.8362   0.828607   4.97857
57.8031   0.845868   4.7874
57.8197   0.834303   4.82552
58.0642   0.855512   4.72585
58.9979   0.857047   4.62283
58.1656   0.851451   4.50853
58.015   0.842818   4.56417
58.1609   0.807951   4.4152
58.4915   0.823765   4.20282
59.8667   0.841649   4.19692
59.6587   0.839536   4.25515
60.2137   0.857911   4.30471
60.867   0.841964   4.13713
61.9839   0.882638   4.17837
61.1482   0.875727   4.10573
61.3523   0.878533   4.00904
61.1458   0.873655   3.99318
60.6624   0.858058   3.90852
60.565   0.873466   4.00068
60.1036   0.903236   3.84926
60.7322   0.890819   4.00467
60.0147   0.899941   4.01233
61.0677   0.862944   3.92796
60.7658   0.871337   3.93973
61.0492   0.88698   4.10812
60.5867   0.89317   4.06758
59.0587   0.878846   4.08218
59.7767   0.886189   4.06973
59.1161   0.870544   3.94496
59.9738   0.834425   4.01852
60.1883   0.827593   4.11407
59.3191   0.835687   4.09691
59.7821   0.81852   4.11633
59.4358   0.835088   4.06813
58.3821   0.846384   4.04908
58.7483   0.838243   4.07102
58.4535   0.825162   4.01634
58.5979   0.816428   3.8804
58.9916   0.804312   3.88609
59.028   0.781231   3.92046
58.6567   0.797275   3.73402
56.89   0.766817   3.59324
56.4718   0.780449   3.52987
55.8168   0.780108   3.51536
56.865   0.772125   3.33315
57.1262   0.787638   3.24379
55.957   0.815396   3.21453
55.0193   0.79069   3.10512
54.377   0.8047   3.34471
54.6829   0.797743   3.44026
54.954   0.805367   3.28964
54.586   0.807843   3.32217
54.8942   0.805545   3.3728
54.6602   0.804373   3.38631
55.2475   0.823238   3.41566
55.5911   0.82184   3.53819
56.4818   0.833234   3.4483
56.1108   0.825747   3.46091
56.4007   0.817481   3.39639
56.1631   0.827756   3.2497
57.0661   0.826699   3.15231
57.1488   0.807155   3.1468
56.4625   0.779127   3.2422
54.9498   0.795169   3.33828
54.1785   0.834391   3.24638
54.5692   0.841281   3.32425
53.85   0.846432   3.27053
52.1579   0.829067   3.24878
53.7389   0.827069   3.01042
53.7155   0.836364   3.07773
54.7221   0.856178   3.0183
55.712   0.873847   2.96883
57.1581   0.897562   3.09024
56.1524   0.917218   2.93922
55.5033   0.88584   3.0077
56.0407   0.873031   2.91877
56.245   0.899091   2.79667
55.9842   0.892485   2.81274
55.782   0.873564   2.86325
55.6114   0.842751   2.711
55.2741   0.903905   2.56689
54.5256   0.920341   2.70769
53.7526   0.912031   2.69206
55.0651   0.927662   2.76816
55.4061   0.923063   2.77971
56.3208   0.909043   2.84617
56.2348   0.900606   2.83311
57.1005   0.909667   2.81105
57.6092   0.894086   2.92014
58.4529   0.88861   3.07428
57.8881   0.895142   3.14842
57.5602   0.868246   3.30504
57.9851   0.844932   3.10921
57.8006   0.852369   3.13505
57.4652   0.84181   3.18117
57.3722   0.870395   2.96935
56.949   0.85377   2.95612
56.5179   0.863117   2.87129
56.6146   0.838154   3.07269
57.1825   0.851528   3.11225
56.6441   0.858833   3.2019
56.4067   0.83642   3.1928
55.6946   0.82772   3.34856
55.4809   0.830023   3.43538
54.6384   0.835177   3.53005
53.9393   0.853794   3.6975
53.7692   0.869318   3.69578
53.7673   0.929273   3.41861
52.6742   0.945517   3.36503
52.0623   0.940789   3.40115
52.0629   0.964455   3.19323
51.087   0.958282   3.24237
51.2343   0.956292   3.10102
51.2652   0.965593   3.32347
51.8772   0.955257   3.37367
51.1438   0.910251   3.35016
50.784   0.934584   3.33699
51.4579   0.914053   3.14495
52.6   0.90455   3.11703
51.2858   0.869128   3.4062
50.9934   0.854105   3.61262
50.7047   0.861752   3.30209
50.6594   0.834987   3.22626
49.2862   0.810632   3.1627
49.508   0.7793   3.14901
50.0892   0.78884   3.05593
49.6275   0.794538   2.95613
49.8309   0.770246   2.98379
50.6191   0.833865   3.03555
51.4447   0.850372   2.89827
50.7019   0.85786   2.75137
52.054   0.83098   2.8274
51.3605   0.84004   2.88557
51.6912   0.824263   2.80414
51.812   0.809932   2.68722
51.7025   0.799629   2.6236
50.9946   0.830479   2.72118
50.6278   0.831836   2.56014
49.9824   0.817197   2.44084
50.0827   0.809434   2.39882
49.4335   0.778858   2.40906
49.8745   0.772194   2.57347
50.1475   0.762105   2.77917
51.2063   0.771319   2.73626
50.8943   0.795787   2.47779
50.5153   0.803904   2.42579
50.3872   0.823715   2.46941
51.5762   0.834246   2.60581
52.8233   0.856288   2.8087
53.307   0.843947   2.95426
53.407   0.844209   2.95806
53.1809   0.83182   3.17194
52.1509   0.830632   3.29932
51.652   0.832899   3.65778
51.6361   0.852002   3.70773
51.2435   0.878434   3.64601
51.5038   0.906423   3.72054
51.8607   0.87695   3.61235
52.1549   0.866527   3.55783
52.1804   0.851438   3.45206
51.46   0.894046   3.59959
50.7885   0.902138   3.46968
50.4611   0.926386   3.55233
50.7661   0.930729   3.74134
51.3576   0.90131   3.92998
51.8141   0.891602   3.7308
51.6328   0.917179   3.69413
50.98   0.922025   3.66765
50.179   0.898383   3.8223
50.5659   0.92029   3.85608
50.0418   0.912552   3.9828
50.231   0.875078   4.05577
49.8522   0.896295   4.04832
50.4399   0.901306   3.83849
49.8479   0.921967   3.82178
50.0082   0.950389   3.60182
50.1611   0.913344   3.42134
49.6007   0.890906   3.29081
49.5501   0.875958   3.20805
48.9973   0.895957   3.37444
48.8864   0.877227   3.25898
48.4026   0.859035   3.38241
48.2719   0.863679   3.35661
48.3447   0.880871   3.28952
47.5464   0.903166   3.1318
47.7433   0.895269   3.30466
48.0946   0.912296   3.32444
48.0189   0.897815   3.45177
47.4117   0.888695   3.17608
47.6752   0.839174   3.15119
47.2426   0.83988   3.01038
48.1177   0.839428   3.0054
48.8201   0.849332   3.19276
48.6313   0.830167   3.04634
48.567   0.800631   3.18307
49.0673   0.780529   3.15548
49.3739   0.743039   3.13988
48.2674   0.758766   2.89469
47.7899   0.757381   3.00396
47.3461   0.745434   2.8732
48.2026   0.801984   2.94155
49.7097   0.799199   2.88831
49.9065   0.790446   2.87577
50.2732   0.8059   2.91998
49.0358   0.833424   2.82522
50.0842   0.794091   3.01264
50.5713   0.802589   3.09301
49.8702   0.803004   2.99104
50.2002   0.799837   3.13428
50.7268   0.798243   2.92499
52.0654   0.824657   2.84244
52.4239   0.812018   3.04553
53.3668   0.79337   3.26069
53.1236   0.795013   3.13846
52.7543   0.772849   3.01098
51.9934   0.76439   2.8353
51.2594   0.740592   3.00469
52.15   0.744643   3.10104
51.2317   0.715149   3.08724
51.2556   0.724833   2.99974
51.2523   0.736382   2.89172
50.6005   0.718626   2.84702
50.4673   0.747183   2.80624
48.728   0.77222   2.90446
49.0374   0.81571   2.88165
49.211   0.850227   2.72676
50.6505   0.850106   2.76943
50.8869   0.855742   2.93799
52.273   0.861756   2.9676
51.8624   0.879219   3.03153
50.9821   0.865981   2.99077
51.2487   0.862597   2.79361
50.6216   0.883842   2.85131
50.38   0.878907   2.75435
49.8699   0.831666   2.65859
50.9159   0.824856   2.71974
50.9038   0.842561   2.61624
50.5811   0.840101   2.60103
51.8557   0.819411   2.64112
51.5199   0.783012   2.6516
51.2721   0.820471   2.67926
50.3755   0.836501   2.89245
51.1197   0.813645   3.01067
51.976   0.772616   3.38933
52.3845   0.790606   3.54796
53.8798   0.808374   3.62663
52.8936   0.842959   3.72281
52.5773   0.813903   3.7047
53.2194   0.768744   3.82484
52.9883   0.769936   3.63795
52.8948   0.726955   3.66033
52.7977   0.771333   3.60647
52.8487   0.735384   3.53706
52.1364   0.716207   3.40165
52.2824   0.716635   3.33169
51.0731   0.713713   3.51966
51.3268   0.726871   3.88641
51.3534   0.708263   3.73698
53.1046   0.741807   3.91577
52.482   0.760793   3.88573
52.1904   0.770928   3.70564
53.4223   0.795144   3.80953
52.6486   0.789304   3.82387
51.7838   0.809842   3.73639
50.7573   0.773349   3.39868
51.2728   0.761634   3.40994
51.1792   0.778128   3.33442
51.2034   0.775484   3.40759
51.7999   0.813233   3.53491
51.6805   0.769764   3.74178
51.6215   0.827116   3.63136
51.3737   0.835663   3.563
50.8304   0.811361   3.57851
50.5391   0.791911   3.72537
50.6881   0.804154   3.7571
50.904   0.795562   3.59169
50.9273   0.804527   3.68303
51.7746   0.795046   3.66227
52.754   0.777979   3.8763
52.5628   0.799801   3.93615
52.57   0.820762   3.69063
52.7788   0.804711   3.76063
53.8845   0.797611   3.64316
53.6576   0.782288   3.6271
53.3506   0.814611   3.58511
53.6314   0.819349   3.51542
53.6695   0.834152   3.49354
52.2903   0.86067   3.38079
54.116   0.85372   3.26663
54.9226   0.847886   3.1744
54.7567   0.852775   3.18158
54.6155   0.829381   3.19914
55.8519   0.784665   3.35894
55.6034   0.829771   3.23248
55.8371   0.821207   3.20223
57.01   0.835284   3.33833
56.62   0.80874   3.44196
57.4599   0.783472   3.27365
56.9223   0.768549   3.35137
57.6811   0.785356   3.29759
56.7611   0.79718   3.25578
57.1545   0.779867   3.40211
57.1144   0.787779   3.25767
56.1395   0.820313   3.26791
55.1891   0.83214   3.25566
55.1196   0.849036   3.18314
56.2361   0.860573   3.16805
57.6649   0.86636   3.20681
57.3409   0.864977   3.07835
58.0795   0.861274   3.21068
58.4854   0.828645   3.06923
58.655   0.851202   3.18298
57.6399   0.866437   3.30666
58.5918   0.859356   3.27373
59.2628   0.82167   3.23111
60.2957   0.876633   3.18853
59.8087   0.880801   3.11133
58.0767   0.864169   2.96506
58.6352   0.864953   3.04696
58.3517   0.895402   3.25982
59.7018   0.862863   3.30577
59.6103   0.833912   3.24368
58.5946   0.825252   3.31959
58.603   0.799708   3.26445
58.5048   0.829745   3.23202
58.3495   0.845486   3.32345
57.9376   0.844176   3.25814
57.9224   0.868698   3.29428
58.3741   0.881791   3.40111
58.0254   0.895227   3.42277
57.8478   0.896546   3.5116
58.1399   0.893844   3.59334
58.5813   0.893834   3.55441
58.5445   0.915506   3.56254
58.5285   0.90415   3.5972
58.7994   0.864703   3.66454
58.2002   0.84266   3.69993
57.3614   0.817128   3.46901
57.3583   0.855201   3.49755
56.9479   0.85298   3.26021
57.0881   0.848212   3.22752
57.1722   0.870899   3.32483
57.0232   0.879733   3.53048
57.5592   0.890925   3.51829
57.1247   0.881664   3.49953
56.7809   0.88457   3.44985
56.5408   0.852053   3.3713
56.2981   0.873252   3.39363
56.543   0.872145   3.39265
56.3749   0.876975   3.4516
55.9431   0.91906   3.5153
55.024   0.934386   3.44658
54.8898   0.937923   3.34568
54.3554   0.935279   3.42068
53.6541   0.934999   3.39049
55.5612   0.945791   3.30805
55.9113   0.930648   3.25834
57.4091   0.930509   3.31454
58.795   0.912762   3.43156
59.5164   0.933796   3.4162
60.0492   0.931315   3.49093
58.8842   0.928677   3.38981
59.7746   0.915375   3.45192
60.2184   0.891402   3.42884
59.7918   0.908627   3.39303
60.8324   0.893335   3.27478
61.0178   0.895701   3.21042
60.8974   0.869964   3.29818
61.4978   0.86194   3.30526
62.3704   0.867193   3.22214
62.4543   0.876707   3.17013
63.065   0.911778   3.29763
63.3168   0.893136   3.23706
63.0696   0.902576   3.09555
63.1311   0.898583   3.1992
63.647   0.896166   3.15976
64.0101   0.897978   3.34893
63.6826   0.891306   3.31591
64.3575   0.921298   3.23666
63.8955   0.952514   3.29551
63.8865   0.936348   3.27588
63.9003   0.956963   3.34472
64.1918   0.932828   3.35025
63.9198   0.932471   3.46798
63.1697   0.910811   3.44977
62.7218   0.886309   3.45659
62.89   0.865173   3.54887
62.337   0.8626   3.58354
62.1149   0.85983   3.61192
62.7524   0.853198   3.4846
61.7959   0.843107   3.57305
61.6277   0.831485   3.66051
61.2731   0.826377   3.52406
61.1541   0.835802   3.38066
60.7557   0.831767   3.41959
61.5232   0.857819   3.3829
61.3655   0.852178   3.43324
60.8972   0.856962   3.41663
60.4746   0.873369   3.29791
61.041   0.852218   3.34923
61.0831   0.85289   3.47163
61.1574   0.878306   3.62298
61.9398   0.868248   3.7543
62.1211   0.86871   3.79927
61.7596   0.853667   3.78857
61.9071   0.832742   3.76574
62.0994   0.798389   3.7839
62.2328   0.813551   3.93169
61.7819   0.828689   4.11037
61.4569   0.85967   4.14246
60.6024   0.859222   4.22213
60.8394   0.828349   4.15051
60.7165   0.821853   4.34297
60.4682   0.803019   4.17313
60.4757   0.786441   4.05252
60.5877   0.795474   4.14924
60.772   0.813414   4.069
60.5154   0.797235   3.99164
60.0874   0.770411   4.04433
59.643   0.770208   4.00485
60.5802   0.746174   3.78944
59.4995   0.715013   3.83515
59.3908   0.731909   3.87043
59.047   0.717016   3.89723
59.0492   0.703034   3.9781
59.9739   0.749073   4.00467
60.2166   0.762843   4.06808
59.5484   0.774802   4.02443
59.1785   0.758143   3.98371
58.0057   0.783371   3.99727
58.5349   0.778603   4.11408
57.8603   0.794348   4.01285
58.0301   0.820004   3.99742
57.6962   0.827863   3.88573
57.8918   0.84706   3.9277
56.7898   0.856864   3.94692
55.9637   0.841178   3.90781
56.9487   0.857629   3.94816
56.9775   0.851732   3.81036
58.4004   0.845998   3.89196
59.0612   0.837919   3.92615
58.9406   0.868827   3.93182
58.6076   0.820359   3.94055
60.5136   0.807409   3.94795
60.4575   0.808729   4.04395
60.5476   0.81829   3.90515
60.8734   0.808995   4.0482
60.734   0.789015   4.12321
60.6687   0.776175   3.83434
60.0866   0.766683   3.74615
58.7158   0.760611   3.75345
58.402   0.765923   3.81218
58.192   0.770237   3.8828
57.9616   0.762705   4.06423
58.8964   0.792312   3.88013
58.7121   0.779455   3.96854
58.3002   0.778311   3.79899
58.8402   0.801155   3.88466
57.4309   0.769316   4.01892
57.4432   0.754511   4.03368
57.7182   0.732744   4.08446
57.273   0.759942   4.27447
56.0665   0.758284   4.25413
55.6842   0.758431   3.96224
55.663   0.771308   3.96573
54.4432   0.8111   3.9322
55.6279   0.754315   4.14597
55.0282   0.743553   4.25705
56.6247   0.77802   4.12681
58.1021   0.778346   4.00873
57.9489   0.799285   3.89272
58.3025   0.80277   3.84229
59.4418   0.794459   3.80965
60.0586   0.796882   3.76613
59.4002   0.804206   3.88585
59.8173   0.785726   3.82442
59.9067   0.785877   3.71278
58.994   0.766536   3.65024
59.7634   0.77714   3.58042
60.6133   0.77543   3.54612
60.3335   0.773219   3.63628
59.954   0.750736   3.62129
60.1207   0.758429   3.53938
59.6669   0.753377   3.519
59.9475   0.763869   3.17149
59.2857   0.756437   3.19793
59.2952   0.766062   3.31509
58.676   0.776595   3.4663
58.8558   0.777529   3.32071
59.5302   0.757622   3.55262
59.031   0.76564   3.56133
58.2747   0.764545   3.61705
58.149   0.785121   3.69669
58.3263   0.741024   3.78953
57.7518   0.722344   3.98436
58.1363   0.72066   4.04853
58.9337   0.758299   4.12877
59   0.741991   4.21172
58.3725   0.715629   4.09589
57.7773   0.739785   4.04751
57.474   0.74364   3.99345
57.4448   0.779063   4.06206
56.7692   0.803873   3.7938
57.3635   0.787829   3.79298
56.4794   0.77324   3.7111
57.0041   0.766845   3.65078
55.8717   0.789612   3.49075
56.409   0.790632   3.39043
57.2207   0.777231   3.50534
57.1209   0.738607   3.57873
55.7859   0.745592   3.61394
55.7373   0.778222   3.53375
55.52   0.794683   3.51394
56.0358   0.797561   3.46738
55.7243   0.798188   3.55365
55.5389   0.81726   3.35219
56.4366   0.789057   3.24288
55.6163   0.7864   3.09006
56.1606   0.778871   2.84332
54.8378   0.792743   2.85623
55.3367   0.805978   2.81993
55.363   0.827328   2.69063
56.1238   0.828635   2.81815
56.1893   0.808326   2.80589
56.8944   0.829729   2.59032
56.335   0.84578   2.47774
56.0448   0.817607   2.38642
55.2372   0.834271   2.49044
55.7994   0.844047   2.45524
56.8384   0.866597   2.41083
56.6389   0.878427   2.4135
57.8862   0.87832   2.25989
56.8945   0.887528   2.31209
57.1413   0.910436   2.24275
56.9294   0.919574   2.27053
57.0455   0.92844   2.11334
56.2771   0.921746   1.93181
56.3076   0.915967   2.00816
56.497   0.909819   1.8868
57.1089   0.927852   2.00022
56.8398   0.896703   2.082
56.1518   0.901322   2.17044
55.5676   0.893369   2.24606
55.8614   0.89612   2.13931
55.496   0.878687   2.00336
54.7908   0.908261   1.99277
54.579   0.890542   2.13902
53.2754   0.913316   2.41616
53.3704   0.912589   2.65037
51.9257   0.893619   2.68443
52.1979   0.8863   2.74932
52.9294   0.873631   2.68524
53.4043   0.857565   2.46332
52.8275   0.871367   2.3522
53.2947   0.86461   2.16328
52.1763   0.867039   2.16463
51.5556   0.863608   2.07852
52.1002   0.867868   1.86097
51.1458   0.882537   2.03226
50.1912   0.848985   1.91016
50.0088   0.807148   1.99153
50.064   0.785646   2.09456
48.3369   0.76598   2.18298
47.3875   0.779323   2.12792
47.6921   0.800711   2.3107
48.4518   0.781937   2.50387
49.5146   0.785854   2.6546
49.1192   0.796339   2.61562
50.7769   0.822367   2.50615
51.9775   0.846991   2.52616
52.0681   0.789207   2.61785
50.8694   0.780529   2.60233
49.7906   0.781626   2.6703
49.9071   0.788807   2.46436
50.3198   0.75013   2.24423
49.4956   0.760094   2.39056
49.1349   0.743664   2.36546
50.3335   0.743823   2.43734
50.8078   0.732519   2.20587
50.7675   0.704498   2.41644
50.67   0.735611   2.5578
51.0528   0.744355   2.42209
50.9423   0.740078   2.2706
51.2151   0.701521   2.51495
51.8258   0.713256   2.29984
51.5813   0.684697   2.21804
50.3393   0.687172   2.30887
51.1666   0.698193   2.06761
51.9157   0.699394   2.23737
51.1076   0.658241   2.13506
49.1539   0.636006   2.47157
49.4039   0.615667   2.34166
48.6011   0.626404   2.42936
47.862   0.659997   2.15501
48.7264   0.642128   2.12503
48.6098   0.638277   2.34201
48.5366   0.637215   2.44202
48.3464   0.641857   2.46386
47.6321   0.683978   2.66599
48.9147   0.687391   2.68357
47.4435   0.69185   2.53478
48.8084   0.660506   2.62254
48.7996   0.67761   2.77602
47.4886   0.646033   2.65971
47.1821   0.641347   2.4451
48.47   0.683995   2.43446
49.0975   0.701603   2.76106
48.7815   0.6671   2.84156
48.7982   0.655128   2.76135
48.2435   0.631077   2.87091
48.3124   0.597341   2.83036
48.009   0.554843   2.73755
48.3839   0.567236   2.59841
48.3593   0.592842   2.36899
47.6113   0.597712   2.57502
47.5556   0.582212   2.55609
47.477   0.605341   2.63506
47.6827   0.593062   2.5099
48.5532   0.59847   2.47347
47.9838   0.6138   2.53164
47.5631   0.604786   2.45257
47.4686   0.614646   2.43084
47.6717   0.57722   2.5504
47.748   0.576727   2.65554
47.9488   0.56541   2.38964
48.4369   0.517265   2.33896
50.1094   0.474539   2.57387
51.4221   0.469586   2.16548
52.6694   0.460694   2.1531
53.4145   0.47886   2.33222
54.6379   0.469689   2.38505
54.9181   0.441061   2.43386
54.3566   0.449721   2.06527
53.7437   0.464168   2.23595
54.3234   0.440617   2.41263
54.6317   0.472529   2.29645
55.0944   0.443441   2.47061
55.4813   0.44551   2.65493
56.2045   0.451393   2.23801
56.3656   0.509939   2.20018
55.304   0.509126   1.98657
56.0863   0.476568   2.07468
56.4429   0.511779   2.21762
55.7673   0.496   1.98233
56.4401   0.505927   1.79561
56.8245   0.513959   1.67512
57.9678   0.498253   1.85884
56.5949   0.468312   1.81103
57.3135   0.466221   1.9538
57.7684   0.454934   1.855
58.6639   0.480264   2.01871
60.4661   0.466769   1.7435
60.4752   0.488327   1.51015
60.5747   0.49418   1.4769
61.8411   0.488465   1.28328
61.3938   0.468656   1.51271
61.9133   0.477986   1.50635
62.6605   0.46931   1.28111
61.2859   0.475111   1.25417
61.7763   0.500873   1.02836
61.7687   0.462998   0.815009
61.5791   0.487875   0.674201
60.9859   0.483358   0.669327
60.0639   0.459996   0.859588
59.0042   0.461256   0.909408
57.6364   0.459754   0.636415
56.8602   0.465003   0.258328
57.0781   0.48906   0.385671
56.7096   0.489887   0.467355
56.3838   0.500221   0.328629
56.0717   0.486826   0.132264
56.0482   0.486174   6.1949
54.427   0.474588   6.24637
54.8028   0.502372   6.23966
54.5071   0.541202   6.19214
53.9924   0.527669   6.23669
54.273   0.499798   6.02869
53.6948   0.488626   6.15806
53.3698   0.450249   6.18941
54.1515   0.438846   6.20367
53.4301   0.434638   6.24129
53.9283   0.468598   0.191004
53.485   0.485724   0.407577
52.7774   0.465386   0.384431
52.1455   0.468213   0.395198
52.1255   0.49524   0.413847
51.7814   0.489457   0.21021
52.1078   0.480111   0.312584
54.3879   0.514269   0.267567
54.8946   0.505804   0.315683
54.6761   0.461191   0.257041
54.3855   0.48853   0.589415
53.9551   0.489621   0.618274
53.8987   0.481589   0.470961
53.2691   0.499754   0.356636
53.8301   0.525634   0.307191
53.524   0.485969   0.453592
53.4238   0.47483   0.664229
52.3784   0.492333   1.02287
52.4185   0.526402   1.01865
52.6059   0.556013   1.02941
52.462   0.530749   1.0346
52.146   0.539377   0.816039
51.925   0.537297   0.665033
51.9663   0.547278   0.900783
51.8091   0.50824   1.24112
52.2824   0.512236   1.15954
52.5813   0.543217   1.21021
52.7876   0.49832   0.966153
52.3462   0.490443   1.13397
52.6606   0.511922   1.01439
52.3656   0.503754   1.03611
52.4337   0.473433   1.06444
53.284   0.474989   0.536011
53.5343   0.489773   0.546986
53.718   0.511864   0.521423
53.4697   0.530346   0.604358
53.0972   0.537984   0.720189
53.6427   0.571283   1.00503
53.0215   0.607502   1.15125
52.4771   0.620581   1.16684
52.8302   0.634585   1.3147
52.7644   0.628976   1.35648
53.3992   0.639451   1.42176
52.6994   0.613671   1.30767
50.9888   0.626399   1.26154
50.8124   0.644085   1.00423
50.7186   0.640434   1.08074
50.7891   0.63224   1.09866
50.5252   0.613818   0.83871
50.8193   0.637763   0.835373
49.6755   0.608091   0.856922
49.6489   0.58734   0.940538
49.2423   0.557032   0.776993
49.2482   0.581661   0.797767
49.5301   0.565465   0.471266
48.9824   0.54921   0.423869
48.4385   0.585807   0.354069
48.9278   0.611651   0.464799
48.5229   0.663531   0.559023
46.7619   0.658893   0.406545
45.784   0.665877   0.356205
46.8016   0.633288   0.500225
47.089   0.666045   0.435182
47.9616   0.670275   0.354485
48.6197   0.674357   0.353049
49.5021   0.660304   0.486421
49.8785   0.685517   0.268776
51.5534   0.703497   0.360108
51.9386   0.672277   0.206537
52.7616   0.674139   0.170605
52.6647   0.682711   0.0597408
53.4059   0.696944   0.211928
53.6714   0.687882   0.278477
52.715   0.697441   0.162716
51.7954   0.694061   0.0347072
52.2024   0.679899   0.0522213
53.1627   0.64341   0.137296
51.732   0.622813   0.136372
50.8252   0.633498   0.234328
51.8437   0.658888   0.172873
51.2931   0.633109   0.413909
51.6867   0.662624   0.464019
52.1176   0.676713   0.41067
50.8794   0.70823   0.502221
50.977   0.719886   0.139948
51.874   0.703305   0.0289834
52.0927   0.671328   0.159545
52.7853   0.667257   0.410387
52.9495   0.654989   0.424378
53.0255   0.657706   0.573196
53.5543   0.688436   0.663412
53.7262   0.66296   0.685952
51.9291   0.690392   0.880921
52.5623   0.715541   0.692382
52.6947   0.733426   0.57879
51.6575   0.730592   0.555826
50.3832   0.739158   0.418186
50.8415   0.721489   0.481698
50.1085   0.788582   0.499748
49.316   0.778439   0.649881
49.9297   0.800125   0.721735
51.8692   0.786597   0.730837
51.5628   0.826235   0.682466
51.5483   0.864203   0.875632
52.2061   0.844476   1.0089
51.3727   0.869349   0.982927
51.5641   0.869192   0.904859
52.0244   0.855336   0.750631
52.4529   0.880438   0.503485
52.3283   0.890855   0.525504
52.974   0.883374   0.352255
54.1625   0.860582   0.0310541
54.7168   0.849378   0.115268
52.7857   0.852808   0.0736353
54.0569   0.853578   0.312067
55.0748   0.849205   6.25868
54.94   0.881243   6.26678
53.8375   0.866985   6.2501
54.9277   0.880099   6.2286
55.7182   0.870423   6.16767
55.3036   0.858389   6.07177
54.8037   0.861639   0.00121582
54.7806   0.867004   6.14931
54.832   0.864347   6.26067
55.3013   0.846618   6.22382
55.8444   0.83578   6.2745
54.899   0.809037   0.0900823
54.6607   0.810906   0.0279493
54.6588   0.786694   6.13969
54.9358   0.809596   6.20257
54.9159   0.83408   5.97023
55.3526   0.857605   5.88577
55.4035   0.838642   5.95821
54.6918   0.800412   5.93921
54.8929   0.821747   5.99677
53.916   0.811076   6.19111
53.6485   0.780271   6.24959
53.8061   0.759909   6.17074
52.0926   0.771132   6.22274
51.1335   0.779417   6.12366
50.9144   0.79244   6.02301
51.2247   0.798811   5.97002
50.7404   0.763701   5.95886
52.0857   0.759568   6.06217
53.2053   0.767799   6.23793
54.5405   0.779989   6.12349
54.2933   0.79656   6.08532
55.6017   0.807607   0.170727
54.3839   0.812164   0.128687
54.2249   0.784871   6.17406
54.8573   0.782192   6.05378
55.3822   0.804028   6.23338
55.1432   0.81906   5.97479
53.8166   0.807934   6.12073
53.4398   0.837084   5.95679
53.686   0.851675   5.93133
54.1607   0.845775   5.96166
54.2211   0.839439   5.8914
54.3636   0.857387   5.83511
54.8993   0.881285   5.84217
55.1451   0.903994   5.86963
55.9375   0.876113   5.74289
55.909   0.878782   5.57691
55.2416   0.882246   5.53221
54.6591   0.892641   5.58739
55.0476   0.894735   5.48581
54.5374   0.899103   5.32094
54.2191   0.883172   5.24426
54.3683   0.882519   5.19015
52.9733   0.885248   5.12408
53.8312   0.899093   5.14587
53.864   0.892813   5.34951
53.8667   0.866247   5.51328
54.1692   0.883284   5.36869
54.4662   0.879721   5.50293
54.4887   0.872433   5.50505
54.4159   0.834056   5.38643
54.0953   0.831568   5.1515
52.9943   0.843639   5.1343
53.9737   0.804817   5.21486
53.3221   0.831546   5.01651
51.9851   0.794764   5.05641
51.3798   0.811181   5.12702
52.2625   0.821112   5.13267
53.6725   0.793551   5.07316
52.9557   0.775055   5.15546
52.6459   0.765739   5.10779
52.4439   0.782186   5.04284
52.0911   0.788923   5.15722
52.5634   0.803151   4.99148
53.4233   0.84966   5.00731
53.4147   0.841575   5.08579
52.9337   0.878299   5.14888
51.6235   0.859397   5.34181
50.971   0.922281   5.43949
51.1436   0.932846   5.32063
51.5313   0.925697   5.25149
51.9716   0.920932   5.4812
52.057   0.921106   5.25541
52.5926   0.92968   5.23953
51.37   0.922228   5.32923
51.5455   0.897162   5.33266
50.1463   0.882932   5.13327
50.1263   0.922029   5.1522
49.3095   0.898619   5.16044
49.4521   0.891816   5.23942
49.8018   0.889914   5.19283
51.0727   0.885001   5.1722
51.523   0.900257   5.29291
52.0882   0.891154   5.27587
50.8206   0.885932   5.3264
50.383   0.921865   5.30885
50.3888   0.952127   5.22138
50.3158   0.978681   5.32159
50.2174   0.978732   5.37693
50.7653   0.961507   5.38158
51.0447   0.942886   5.26932
50.5759   0.936399   5.05749
49.1234   0.940291   5.15305
48.5606   0.94572   5.26397
49.7805   0.942766   5.13121
50.0697   0.931255   5.14937
49.9299   0.922981   5.08056
49.5809   0.900069   5.22624
49.9003   0.90556   5.09996
50.1707   0.928316   5.08717
51.0501   0.918925   4.9858
51.9057   0.944448   4.95417
51.6806   0.91397   5.00199
50.9009   0.910984   5.15221
49.8014   0.882031   5.19524
49.3243   0.86356   5.17408
48.7178   0.845869   5.21045
49.1411   0.852068   5.10649
48.6699   0.860397   5.13486
48.602   0.868983   5.34246
48.9312   0.887278   5.46124
50.134   0.889826   5.54243
49.6445   0.930863   5.37448
48.1598   0.905609   5.35748
48.9335   0.907078   5.62109
48.6143   0.926911   5.79673
48.3496   0.889412   6.00179
48.5143   0.843221   5.99626
48.6824   0.80494   6.11011
48.4436   0.837659   6.25075
49.4083   0.80222   6.12845
49.3838   0.797565   6.22271
49.4029   0.81076   6.24582
49.7888   0.812443   6.26809
51.4186   0.784698   0.386051
51.5541   0.823371   0.305878
51.2212   0.779574   0.498689
50.8182   0.782477   0.37466
50.0473   0.821767   0.374699
47.9831   0.845707   0.507263
47.7978   0.81683   0.559726
47.1739   0.827794   0.450185
48.5409   0.856066   0.610946
48.427   0.805153   0.727203
48.4118   0.807267   0.536096
49.0634   0.812414   0.351496
48.3705   0.803075   0.376817
48.5195   0.776446   0.169495
49.3988   0.762383   0.223679
50.4758   0.772893   0.101881
51.1012   0.78915   0.324626
51.2305   0.785983   0.493854
51.914   0.767895   0.480777
52.1206   0.759775   0.588829
54.2755   0.790453   0.567171
53.7466   0.785977   0.693371
54.3878   0.799762   0.739082
54.4981   0.840451   0.911032
53.8202   0.863082   0.973122
54.1444   0.872097   0.939416
53.4628   0.88133   1.02197
53.5796   0.897529   1.07709
52.48   0.904406   0.930848
52.8193   0.887142   1.02112
53.2256   0.832774   1.21882
53.2816   0.849399   1.27168
52.0272   0.848814   1.1028
50.653   0.849723   0.878059
50.1547   0.851719   0.796888
49.7761   0.829514   0.607643
50.0189   0.77329   0.532323
49.9425   0.768157   0.275577
50.4635   0.781133   0.212912
50.4213   0.795181   0.0599367
51.1385   0.823286   0.0235584
49.8738   0.804708   0.306181
49.9111   0.757806   0.193157
49.0961   0.755344   0.233146
49.5112   0.782522   0.246476
49.7501   0.815815   0.031499
49.8849   0.790972   0.308306
50.365   0.786877   0.599337
50.5148   0.792079   0.706479
50.1545   0.850995   0.701334
50.8445   0.83537   0.538199
50.1291   0.812744   0.743284
49.5148   0.824162   0.928646
50.697   0.83338   0.620494
52.2101   0.823073   0.437842
52.5967   0.825249   0.247844
53.1824   0.820531   0.163702
52.8118   0.836111   0.184886
52.6805   0.901734   0.00290641
52.6118   0.896896   6.28255
52.7444   0.903772   0.0535872
53.6185   0.875464   0.0602635
52.8869   0.881518   0.263834
52.8868   0.8645   0.499098
52.4034   0.893017   0.360688
52.6606   0.895939   0.628665
53.3039   0.877601   0.714737
53.4178   0.858813   0.967392
53.6875   0.85555   0.946309
53.0085   0.852483   0.840875
53.5049   0.854245   0.739524
52.7701   0.852013   0.770009
52.7084   0.827677   1.07334
52.1668   0.823306   0.9133
51.1415   0.827045   0.93859
51.779   0.844045   1.03334
50.8595   0.794206   1.03453
50.9344   0.795111   1.04763
50.6462   0.807713   0.923241
50.8764   0.828523   0.970358
50.7632   0.864155   0.934312
51.8116   0.870119   1.00307
51.1838   0.867924   0.765321
52.8667   0.872958   0.939488
53.5834   0.879291   0.685345
54.447   0.856689   0.697712
54.3578   0.858658   0.646467
54.4741   0.851274   0.793837
55.631   0.865416   0.815967
55.0721   0.838309   0.925293
54.4155   0.82343   0.980846
55.5235   0.855992   1.22087
55.7742   0.856095   1.01804
55.8303   0.868132   1.04604
56.4558   0.885097   1.12039
56.2384   0.874909   1.21515
56.8274   0.864319   0.997316
57.28   0.86805   0.973894
56.7774   0.888982   0.855282
57.4369   0.913078   0.938321
56.6615   0.893924   0.830924
56.9159   0.840786   0.928303
56.2608   0.869965   0.908321
56.6949   0.926747   0.936398
56.4404   0.908259   0.845216
57.1173   0.896628   1.00491
56.1544   0.87276   0.997657
55.8636   0.878486   0.990505
56.1562   0.877259   1.08425
56.4574   0.888299   1.25221
55.6518   0.879059   1.20288
56.3152   0.859234   1.16366
55.4508   0.880383   1.29604
54.6243   0.864603   0.988235
53.2841   0.904117   0.938967
54.6235   0.883065   0.876477
54.0775   0.89399   1.08643
53.7387   0.874469   1.01196
53.6941   0.853978   1.20506
53.2315   0.844211   1.29393
53.1452   0.86685   1.20027
52.0714   0.850606   1.34712
53.0218   0.889999   1.32278
52.5562   0.921987   1.21424
52.6853   0.903365   1.05968
53.7339   0.934763   1.05627
52.3783   0.937572   1.13208
52.7715   0.90064   1.27787
52.4925   0.878239   1.44173
53.4183   0.84919   1.28317
53.304   0.87464   1.19473
53.6302   0.844709   1.31226
53.2314   0.820958   1.28536
54.4975   0.846753   1.24053
54.1663   0.835973   1.21935
54.8235   0.845362   1.19429
55.331   0.879324   1.25564
56.3771   0.876052   1.1925
56.037   0.86149   1.23216
55.1091   0.868906   1.18621
53.7501   0.858078   1.28824
52.9546   0.875864   1.10078
53.0119   0.870158   1.13222
52.8565   0.880497   0.99631
53.4353   0.92493   1.11882
53.6283   0.893159   1.28489
53.5407   0.912367   1.28865
53.6265   0.894928   1.41973
52.5264   0.920371   1.57539
51.6438   0.926999   1.72607
51.3548   0.915001   1.58101
50.4977   0.927685   1.43864
52.4068   0.932359   1.53664
52.274   0.908148   1.72925
51.9852   0.882973   1.88607
52.2269   0.885518   1.81041
51.9566   0.923259   1.69342
51.4558   0.924884   1.81411
52.2913   0.937849   1.70189
52.6623   0.94981   1.81896
51.7842   0.957222   1.76384
50.9239   0.933153   1.93699
51.3737   0.930094   1.88985
51.3633   0.908885   1.74583
51.4353   0.942089   2.00408
50.6357   0.923858   1.94333
51.095   0.913788   2.07318
50.7455   0.943601   1.9966
48.9228   0.93852   1.85086
49.0183   0.893961   1.90891
48.7704   0.901546   2.08677
48.5893   0.876489   1.90791
48.3842   0.860764   1.95183
48.621   0.872711   1.85702
48.9758   0.841063   1.80651
49.2007   0.823984   1.65127
49.6902   0.80519   1.73508
49.9532   0.796952   1.56444
49.7294   0.776582   1.51908
49.6997   0.791935   1.4186
49.5698   0.845365   1.48269
49.5009   0.866878   1.35287
49.8372   0.891808   1.43517
49.7946   0.913994   1.57836
51.0042   0.927845   1.56133
50.3668   0.950491   1.77219
49.3677   0.929708   1.88022
49.2253   0.906614   1.76244
49.3923   0.925215   1.82675
49.9938   0.90417   2.0018
49.975   0.902704   2.05012
49.1816   0.902013   2.0238
49.1224   0.89349   1.83764
48.4495   0.87618   1.78687
48.5392   0.909248   1.61013
49.0514   0.892434   1.68842
48.5255   0.933615   1.9545
48.2656   0.913062   2.05039
49.1344   0.869954   2.09441
48.4403   0.88424   2.06535
49.1894   0.882136   1.87452
49.9832   0.873707   2.06054
49.2022   0.864386   1.92042
49.1325   0.895614   1.59114
48.9016   0.874832   1.76424
49.8038   0.917312   1.57205
49.7083   0.923532   1.40532
49.6646   0.925213   1.44345
50.2548   0.924805   1.39112
50.6618   0.906631   1.43487
50.8058   0.851524   1.35664
51.4818   0.829162   1.41568
51.4287   0.841873   1.57308
51.3913   0.838835   1.44793
51.6876   0.832572   1.45082
51.5774   0.839484   1.5352
51.8907   0.819231   1.42075
51.6997   0.811028   1.65343
51.514   0.852105   1.57866
52.2043   0.824136   1.82019
52.2837   0.817946   1.73159
51.7727   0.841054   1.82629
52.1236   0.862206   1.79595
50.4574   0.909208   1.63847
50.4224   0.933368   1.33422
50.758   0.916654   1.30236
50.9276   0.893181   1.24137
49.6487   0.887002   1.24085
49.3692   0.905458   1.272
50.0273   0.942823   1.34509
50.4665   0.89203   1.41754
49.9225   0.899311   1.389
48.1723   0.871506   1.40305
47.9451   0.853101   1.30273
48.074   0.829683   1.48431
49.2329   0.811288   1.43319
48.2077   0.80519   1.54303
48.7903   0.790595   1.66023
49.2407   0.782987   1.53309
50.5689   0.798883   1.70814
49.7678   0.802093   1.44623
49.3076   0.7861   1.3133
49.7105   0.76195   1.31707
48.0891   0.731665   1.17976
48.3017   0.748922   1.36936
49.2787   0.79499   1.39491
48.7077   0.80537   1.60083
49.9017   0.759208   1.69457
50.1421   0.760901   1.77794
49.7556   0.756328   2.11792
50.2141   0.793531   1.97131
48.5966   0.794521   2.07806
48.1477   0.788533   2.04809
46.8922   0.78678   2.25512
46.1357   0.784311   2.30835
45.4133   0.742196   2.24204
44.8929   0.71134   2.3936
45.6461   0.709661   2.50273
45.7628   0.700518   2.65224
44.699   0.721103   2.62228
44.4764   0.755036   2.78553
45.7089   0.729524   2.69685
45.0598   0.716528   2.3618
45.2559   0.672062   2.42494
45.5517   0.688518   2.10031
46.7163   0.696812   2.30507
47.315   0.702112   2.31962
47.7776   0.706644   2.23321
47.1972   0.701728   1.91602
47.3901   0.706455   1.84949
47.1371   0.700769   1.9571
46.3539   0.735688   1.77376
47.3141   0.754798   1.65651
46.805   0.761375   1.80294
47.0259   0.749534   2.04288
47.1585   0.774118   1.88795
47.4862   0.747153   1.78649
47.664   0.779938   1.76994
47.7349   0.822583   1.74737
47.4126   0.778112   1.81118
48.0825   0.813071   1.76788
49.549   0.817395   1.67285
48.8026   0.807153   1.67759
48.0924   0.777384   1.59959
46.8405   0.823663   1.62506
46.1062   0.842848   1.73441
45.0542   0.882904   1.67696
45.8402   0.918413   1.44925
45.8271   0.909926   1.283
45.7236   0.928716   1.14573
44.9578   0.908914   1.35925
45.1557   0.921874   1.27326
45.3602   0.929874   1.10109
44.8992   0.899557   1.22624
44.4022   0.919351   1.34438
44.1524   0.891962   1.42215
44.5884   0.887785   1.32661
43.8384   0.883119   1.22116
43.9432   0.922943   1.07844
44.5948   0.908007   1.36675
43.1852   0.913641   1.7593
42.7905   0.905669   1.62706
41.8216   0.877568   1.76796
41.4151   0.892882   1.83577
41.8843   0.910291   1.67458
41.9437   0.865116   1.48078
41.7171   0.871507   1.38064
41.576   0.798089   1.30045
39.8403   0.789061   1.52323
39.8566   0.789252   1.71367
40.1869   0.793394   1.46019
40.6692   0.763254   1.19348
40.0015   0.750091   1.49076
41.2474   0.669633   1.61104
42.7331   0.731134   1.52761
41.2332   0.681734   1.60926
41.187   0.659396   1.56637
40.8677   0.653291   1.47809
40.692   0.605778   1.4133
41.0298   0.654791   1.20849
42.8697   0.694531   1.25733
43.1785   0.726937   1.2602
44.0753   0.77621   1.04738
43.2818   0.791762   1.39194
43.9591   0.785826   1.58977
43.9926   0.768125   1.44143
44.5   0.763066   0.957582
45.618   0.74072   1.12279
46.4457   0.776462   1.17412
46.3447   0.729065   1.20409
45.8126   0.694174   0.931103
46.3923   0.692869   1.08588
46.14   0.679201   1.05775
46.8385   0.647924   1.19949
46.2736   0.702304   0.932757
46.8995   0.70001   0.971123
47.6017   0.746048   0.980292
49.5466   0.76465   0.785945
50.3004   0.771313   0.732759
50.0136   0.774478   0.980745
50.9241   0.813717   0.979478
50.9905   0.796839   0.986215
50.8214   0.743335   1.01761
52.2998   0.731305   1.10197
52.9223   0.688027   1.18825
52.6707   0.698282   1.14637
51.3598   0.687027   0.989206
50.3782   0.689073   1.17733
50.9008   0.673579   1.17431
51.3919   0.725201   1.39811
50.9842   0.732235   1.19243
50.9048   0.76391   1.05276
50.6682   0.783833   1.10102
49.2458   0.7566   1.17189
49.3215   0.773506   1.32113
48.7881   0.760985   1.25001
49.3441   0.787558   1.11992
48.625   0.805408   1.13468
48.0374   0.80081   1.02273
47.8756   0.826196   1.11644
49.0052   0.883197   1.10927
48.8981   0.837746   1.12383
48.8397   0.851178   0.896563
49.3234   0.851267   1.15144
49.0433   0.838093   1.09921
49.6944   0.868068   0.997848
49.9218   0.882142   0.89677
49.1623   0.922038   0.883404
48.6867   0.946449   0.8258
46.7367   0.926452   0.691301
46.3545   0.936825   0.641608
45.8617   0.932557   0.746823
46.552   0.915809   1.05067
46.507   0.88947   1.18128
45.9236   0.867587   1.27025
45.8892   0.865016   1.21912
46.4939   0.901434   0.862218
46.2144   0.897145   0.779202
47.3927   0.900911   0.697952
46.8587   0.892039   0.919622
47.3122   0.91256   1.1406
47.5275   0.932816   0.921696
47.0916   0.919719   0.777988
48.6805   0.90415   0.91126
48.5626   0.908989   1.15668
47.5904   0.893582   1.14437
47.8984   0.863075   1.25296
48.851   0.853343   1.36982
50.7118   0.888992   1.35246
50.3739   0.866977   1.34738
50.1239   0.890475   1.41512
50.1741   0.879158   1.29769
50.1204   0.83273   1.22716
49.4295   0.857698   1.29816
47.7341   0.847827   1.13869
47.3519   0.868916   1.30299
47.6944   0.880765   1.16183
47.9361   0.897925   0.965622
48.0082   0.862364   0.757558
47.2273   0.862963   0.766717
46.3709   0.843186   0.96073
47.4688   0.826747   1.1408
47.2079   0.79012   1.11638
46.8685   0.779252   1.07331
46.453   0.775919   1.19776
46.0489   0.77968   1.21841
45.9554   0.750698   1.18105
45.1405   0.740352   1.10836
45.0267   0.745539   1.12205
44.6388   0.700053   1.28536
44.4128   0.72313   1.18279
44.3425   0.733617   1.01869
44.8283   0.757344   1.1346
44.3997   0.745175   0.95581
44.5728   0.803551   0.840874
46.6762   0.825028   0.7485
47.3895   0.854843   0.857484
48.0352   0.841417   0.92033
48.7566   0.823446   1.1819
49.4174   0.800059   1.23095
50.8161   0.800657   1.18528
50.5965   0.76277   1.43875
51.1578   0.781452   1.54157
51.8275   0.818705   1.43257
51.1097   0.809476   1.11171
52.717   0.839011   1.12387
54.212   0.841904   1.16255
54.5113   0.822179   1.09912
53.9402   0.821501   1.26048
52.4754   0.831388   1.15361
52.4708   0.835944   1.28224
54.0892   0.854715   1.4495
55.5714   0.896277   1.6151
55.9302   0.890377   1.61288
56.0682   0.89403   1.44317
55.5218   0.870948   1.50618
55.0054   0.870238   1.28586
56.1772   0.874595   1.15264
57.6377   0.837328   1.21274
56.9724   0.830795   1.19847
57.5762   0.813578   1.13736
56.5726   0.863274   1.20674
56.7401   0.854183   1.21211
57.4858   0.82563   1.06888
57.0081   0.812413   1.1138
56.4501   0.794949   1.04241
55.3787   0.761899   1.10536
54.6222   0.811204   0.919473
54.2845   0.864898   0.91725
52.3104   0.813834   0.767339
50.7251   0.806676   0.597813
50.713   0.792959   0.613321
50.5834   0.793132   0.531597
49.3917   0.788478   0.688002
50.8249   0.792663   0.842255
51.174   0.789324   0.78832
50.8083   0.783833   0.648657
50.2537   0.83039   0.631126
50.292   0.805542   0.683896
51.5327   0.818592   0.716625
51.1439   0.806611   0.588966
50.8269   0.82343   0.593208
51.9208   0.839225   0.492413
51.9551   0.832723   0.508782
51.7199   0.815758   0.522719
51.6291   0.817413   0.31833
51.3228   0.806248   0.366336
51.3214   0.855285   0.31658
50.6765   0.841421   0.139825
52.759   0.824626   0.00151247
51.1018   0.838392   6.00186
50.154   0.78925   6.01334
49.231   0.777727   5.8044
50.7513   0.752968   5.98733
50.7641   0.738855   5.80743
51.2808   0.798817   5.915
52.744   0.829621   5.90079
52.8592   0.854569   5.89457
53.023   0.876179   5.8617
53.1682   0.91235   5.76617
53.5813   0.92834   5.99023
53.836   0.904948   5.91806
53.3793   0.887249   5.95182
53.7664   0.862948   6.11594
54.1451   0.899371   6.02464
54.406   0.916918   5.98979
53.5848   0.929283   5.89837
53.6943   0.92181   5.88116
53.0573   0.956605   5.65331
52.4966   0.960666   5.79751
53.1735   0.955795   6.12064
52.1519   0.97026   6.0314
52.7096   0.926445   5.98184
52.1417   0.930029   5.99625
52.2802   0.903582   6.15515
51.5349   0.900538   6.00262
52.309   0.892984   6.08977
52.4721   0.878245   5.92079
52.1265   0.897684   5.9527
51.5197   0.89456   6.09094
51.4492   0.90487   6.14352
52.6463   0.876652   0.0430504
52.4135   0.853628   6.13396
52.1486   0.884795   6.12384
51.8952   0.924643   6.03046
51.128   0.919796   6.09345
51.5996   0.893504   6.10253
51.998   0.88788   6.17609
51.4465   0.877647   6.11251
51.5623   0.85834   5.78374
52.0344   0.851571   5.83498
52.6232   0.83853   5.81393
53.1216   0.83601   5.92572
52.42   0.816688   6.08981
53.6134   0.816929   6.12501
54.1748   0.79826   6.25729
53.7698   0.811729   6.13138
52.9405   0.810684   0.0454592
51.9891   0.803855   0.0929649
53.3814   0.852405   6.22586
52.2117   0.832306   6.13163
52.159   0.832359   6.07981
52.2067   0.836996   5.92238
51.3168   0.829245   6.10242
52.2377   0.845889   6.08261
51.4439   0.848026   6.21347
51.554   0.878238   0.114138
51.3122   0.870476   0.204647
51.5386   0.900184   0.195691
51.957   0.903213   0.109321
51.0908   0.867467   0.0285383
51.9394   0.909658   6.05514
51.7162   0.935517   6.04472
51.5685   0.937314   6.12502
50.1539   0.898549   0.00322147
52.0497   0.891764   0.0132267
52.7671   0.888264   6.27057
53.6786   0.901341   6.13985
54.1619   0.903896   0.0844746
54.2783   0.862555   0.0845989
55.0028   0.884667   6.16953
53.9924   0.896807   6.16961
53.0211   0.898744   6.06813
54.2285   0.904608   6.06877
54.5893   0.879547   5.96305
55.8266   0.8473   5.72413
56.0826   0.79947   5.5723
56.3612   0.832099   5.30869
55.9443   0.820015   5.29551
55.7398   0.838708   5.24652
55.203   0.827902   5.38505
55.7395   0.853502   5.36838
54.7961   0.884595   5.33469
54.5454   0.851529   5.33794
53.6803   0.856649   5.25231
55.5151   0.887917   5.37036
56.0723   0.863232   5.32252
56.1562   0.886058   5.21732
56.2312   0.903548   5.32043
55.5849   0.891024   5.47483
55.9438   0.884915   5.35439
56.016   0.909374   5.44192
57.2175   0.916334   5.36451
57.4656   0.934555   5.52837
57.4427   0.942099   5.57941
58.7771   0.915704   5.55655
59.0217   0.960143   5.39324
58.4928   0.950845   5.4629
57.3933   0.96282   5.50423
57.2401   0.9417   5.3946
57.5332   0.947706   5.29127
56.455   0.934312   5.10816
56.7803   0.885109   4.94212
56.8798   0.877839   4.84327
56.7278   0.904346   4.8718
56.4797   0.931693   4.67754
57.6237   0.934718   4.85735
56.993   0.935443   4.85205
56.4482   0.952955   4.75561
56.5731   0.978943   4.62312
56.2314   0.970686   4.7514
55.1342   0.973231   4.77282
56.9464   0.982177   4.86173
57.2571   0.943323   4.77496
57.3755   0.927748   4.75937
57.3474   0.947602   4.77666
55.959   0.949809   4.86231
55.1986   0.909138   4.83175
55.6152   0.909865   4.79654
56.5118   0.91918   4.88411
57.0203   0.939371   4.92543
57.8343   0.942285   4.94919
57.406   0.917317   5.11845
57.6184   0.891778   5.1467
57.0606   0.834197   5.2698
56.6166   0.823871   5.34078
56.545   0.808458   5.23402
57.4008   0.805879   5.08455
58.3277   0.787308   5.10782
59.2186   0.742342   5.07932
57.7517   0.74684   4.94157
56.9504   0.781747   5.0867
57.0784   0.762169   5.05618
56.5557   0.711803   5.07295
56.5448   0.725775   5.02658
56.6616   0.742736   5.05649
56.4944   0.77099   4.84542
55.938   0.774901   4.9872
55.0667   0.745463   5.02521
55.1395   0.731589   5.15258
55.206   0.727326   5.07141
54.3838   0.740222   5.24892
53.604   0.730181   5.03171
53.5729   0.692257   4.96281
53.6661   0.702736   4.82201
51.7066   0.721984   4.63984
52.148   0.713786   4.85985
51.825   0.709452   4.68222
52.8705   0.686872   4.52459
52.867   0.693111   4.56074
52.8466   0.741877   4.65361
52.8798   0.701198   4.99437
52.8371   0.706786   5.04592
53.0867   0.712724   5.03556
53.9668   0.683272   4.91692
54.4543   0.657718   4.79097
54.0264   0.700559   4.66281
52.7583   0.71393   4.51856
52.4396   0.737663   4.704
53.3116   0.757234   4.56727
52.4149   0.723871   4.52627
52.37   0.760607   4.34496
53.0976   0.774526   4.17329
53.7626   0.737488   4.24061
53.2661   0.758102   4.29169
54.3749   0.711672   3.96828
54.7706   0.695631   3.62507
53.1882   0.673843   3.69272
52.5451   0.681593   3.41391
52.2853   0.703955   3.58991
50.7718   0.690195   4.01521
50.3483   0.694578   3.95307
48.9193   0.714797   3.94836
47.7081   0.716669   3.76016
48.4721   0.740357   3.95655
48.3112   0.766085   3.84647
48.8495   0.759131   3.79085
48.5402   0.722305   3.6013
50.1068   0.736957   3.27133
50.2984   0.745308   3.04279
49.3073   0.70571   3.18719
48.8624   0.671027   3.25982
48.2491   0.66629   3.21871
50.2201   0.694391   3.45728
50.5284   0.661054   3.44246
52.2556   0.64582   3.55376
51.5879   0.645777   3.29465
50.8333   0.710728   3.21641
51.0895   0.731702   3.2769
52.3869   0.725008   3.27988
52.8681   0.719187   3.30275
51.607   0.709987   2.87239
52.0598   0.673771   2.83465
51.7477   0.666011   3.05408
49.9882   0.651896   2.97581
49.8596   0.665039   2.99969
49.7094   0.659823   3.17848
50.1134   0.66607   3.18049
50.0566   0.654887   3.03457
49.7834   0.660653   3.24296
51.2212   0.640604   2.99493
51.2921   0.636693   2.99894
51.2491   0.616939   3.23676
49.957   0.628883   3.36987
49.6292   0.646672   3.48058
49.1346   0.627019   3.50948
50.7237   0.645096   3.31204
51.1972   0.665238   3.09631
52.0948   0.66232   3.47605
51.7525   0.688371   3.61166
52.7734   0.676128   3.87193
52.2506   0.687718   4.1927
51.7715   0.66306   4.67337
52.5462   0.719239   4.76706
52.6205   0.697525   4.74498
52.6112   0.704579   4.66216
51.053   0.687656   4.80999
52.2749   0.674065   4.89497
52.6937   0.655581   5.05067
52.4205   0.682898   5.12207
51.9182   0.670879   5.36006
52.7534   0.676349   5.3512
52.2067   0.656186   5.30777
51.6796   0.627117   5.59882
50.6978   0.591313   5.68723
50.1066   0.596538   5.50365
51.7159   0.58435   5.73256
51.8815   0.635492   5.67376
52.0705   0.656988   5.65251
52.8825   0.661909   5.46364
51.9433   0.651703   5.40891
51.9978   0.682178   5.42334
53.6879   0.750253   5.52825
53.1545   0.776152   5.55199
52.6806   0.778512   5.62098
53.3848   0.783159   5.71963
53.9224   0.805348   5.72362
53.4209   0.796301   5.38169
53.1327   0.848021   5.25014
52.1862   0.85584   5.17071
51.8176   0.838608   5.20695
52.3775   0.838855   5.21332
53.0358   0.831782   5.39338
53.9882   0.84697   5.24354
54.7585   0.853259   5.16912
55.4896   0.855505   5.21858
55.1165   0.869731   5.23919
54.0345   0.875768   5.52138
54.9459   0.865929   5.48503
55.0151   0.88169   5.56839
55.3495   0.89188   5.54648
55.3633   0.889731   5.56943
55.8166   0.888713   5.60812
56.3949   0.875846   5.605
56.6985   0.870223   5.48783
56.2251   0.834569   5.5964
56.0992   0.834794   5.53454
55.6816   0.809825   5.56977
55.6072   0.8159   5.47401
55.6637   0.808524   5.4188
56.4852   0.795261   5.41721
55.959   0.806084   5.23211
56.4745   0.810856   5.06971
55.6896   0.799097   5.05874
55.9237   0.790545   4.90639
56.2556   0.794257   5.15298
56.6058   0.777822   5.08365
57.4758   0.779646   4.9901
57.7078   0.79879   5.07373
56.2357   0.833643   4.82705
55.5384   0.812772   4.99157
56.6876   0.811744   5.02368
55.8721   0.825369   5.2791
57.1959   0.783535   5.40057
57.4143   0.765655   5.45357
59.1913   0.764154   5.56745
59.4807   0.770145   5.52784
60.1785   0.792068   5.54134
61.015   0.774249   5.60956
61.2723   0.763762   5.57696
61.3654   0.733824   5.59295
60.9114   0.774434   5.41112
61.0018   0.741773   5.33972
61.1475   0.73876   5.27418
61.9105   0.745027   5.33374
62.385   0.765822   5.30562
62.2502   0.760395   5.45113
63.7793   0.782311   5.48189
63.8195   0.781172   5.42844
63.1186   0.79117   5.45097
63.0262   0.786629   5.37644
63.2011   0.757722   5.53328
65.0727   0.785946   5.41721
63.897   0.7987   5.42342
63.1348   0.802199   5.50681
62.6971   0.799492   5.50396
63.91   0.805536   5.65208
64.7594   0.794025   5.60611
64.3157   0.801891   5.52959
65.4621   0.785795   5.52027
65.4181   0.775546   5.72122
64.5461   0.794789   5.67792
65.0742   0.808271   5.70254
64.4926   0.795141   5.84751
64.2872   0.809916   5.86746
64.1626   0.832523   5.85042
64.8785   0.840024   6.07176
63.5061   0.816947   5.95284
65.2724   0.807728   5.99762
66.7832   0.82543   6.03741
66.6964   0.804474   6.11063
67.0827   0.814288   6.00554
66.5104   0.834992   5.8161
66.2367   0.837405   5.79744
66.0308   0.848422   5.91897
66.8558   0.868381   6.01151
67.0015   0.868877   6.06244
67.6189   0.858623   5.96057
69.2792   0.864689   5.91396
70.371   0.90092   5.99035
71.1823   0.904165   6.05001
71.3488   0.882231   5.91913
73.0968   0.868602   5.95405
73.4654   0.854897   5.75166
73.0347   0.825338   5.89339
72.6798   0.798468   6.01881
73.2111   0.820678   6.07886
73.2274   0.809837   6.11988
72.4183   0.821394   6.22738
72.6127   0.832717   6.12838
72.2932   0.819467   6.12975
73.1146   0.798421   6.10348
73.9293   0.786381   5.93737
74.0784   0.792484   5.73081
74.3116   0.800132   5.65938
74.4778   0.779097   5.61241
75.6108   0.761472   5.61645
76.0357   0.754803   5.63712
75.6024   0.739942   5.64322
76.3687   0.730348   5.59027
75.068   0.717582   5.54984
75.1744   0.687616   5.57415
75.7809   0.702589   5.53594
74.9061   0.697864   5.47437
73.6453   0.693823   5.56285
74.1759   0.704072   5.43998
73.4542   0.71669   5.41223
74.4406   0.728905   5.42055
72.935   0.722057   5.45777
73.3727   0.702992   5.41395
72.137   0.707326   5.62658
71.4518   0.727909   5.60992
70.286   0.709208   5.65703
71.5304   0.730586   5.61387
71.9546   0.76073   5.57541
72.4573   0.748453   5.66484
72.0306   0.752461   5.63502
72.1863   0.729091   5.57061
71.8892   0.736028   5.64749
72.4847   0.748971   5.67806
73.081   0.73876   5.70108
71.8781   0.732611   5.67485
72.1995   0.747387   5.75604
72.0075   0.763994   5.60441
73.4403   0.758189   5.52146
73.5675   0.781777   5.55762
72.5622   0.776767   5.47066
73.9569   0.752824   5.33162
75.2696   0.761406   5.41569
74.9742   0.763941   5.57979
74.1227   0.806287   5.68614
73.3612   0.820073   5.70351
73.6231   0.815425   5.56412
74.6782   0.816481   5.58001
75.3713   0.796461   5.61302
76.0194   0.81174   5.55743
75.627   0.827922   5.63841
76.4143   0.8154   5.61908
76.3117   0.814694   5.57405
76.3005   0.836215   5.45292
77.8965   0.822772   5.38833
77.7238   0.824211   5.30648
77.0433   0.837038   5.33611
77.7621   0.827625   5.31656
76.9797   0.827616   5.32165
76.6505   0.819116   5.31673
75.9099   0.814651   5.2871
76.7429   0.798241   5.07655
75.701   0.809205   5.06473
76.2531   0.797586   4.92408
75.0801   0.787061   4.90791
74.9532   0.787622   4.84734
75.2939   0.796589   4.85808
75.6829   0.774719   4.80729
75.0062   0.73595   4.78838
76.0115   0.729631   4.67924
76.1832   0.714026   4.48181
75.4571   0.716796   4.41639
74.1648   0.73267   4.22378
74.9905   0.724764   4.10555
75.2543   0.71744   3.99624
75.0772   0.737835   4.12114
74.4895   0.72665   4.16832
73.8492   0.729663   4.11281
73.2333   0.726331   4.03167
72.545   0.75928   4.26226
72.946   0.770857   4.32521
71.2125   0.803233   4.3983
71.1866   0.815201   4.3886
71.0347   0.814766   4.48004
71.8413   0.808052   4.48717
72.51   0.830946   4.46655
72.6961   0.80701   4.51252
73.1423   0.804824   4.45552
73.3048   0.789444   4.47359
74.3216   0.814061   4.44978
74.5684   0.826199   4.3904
74.5464   0.835996   4.4157
74.6475   0.853144   4.58796
74.9515   0.861742   4.41773
74.8338   0.86623   4.44128
74.9771   0.88678   4.4793
74.8947   0.880818   4.43228
74.794   0.917908   4.55695
75.0947   0.891984   4.65943
75.3783   0.877001   4.62365
75.8152   0.894584   4.63072
76.2413   0.908774   4.67859
76.7138   0.92261   4.57923
75.5409   0.907307   4.59078
75.8826   0.887065   4.6708
74.7545   0.88249   4.57703
73.7696   0.883529   4.77416
73.675   0.885434   4.71491
72.7742   0.888108   4.64218
73.8541   0.874232   4.65831
75.0101   0.875757   4.72247
75.05   0.86897   4.68409
74.8201   0.872432   4.66611
74.1422   0.834071   4.53912
73.5875   0.82368   4.49063
73.7528   0.806483   4.48945
74.0023   0.804739   4.46197
74.718   0.835144   4.42046
75.8901   0.815957   4.49264
76.0195   0.827843   4.59197
76.0854   0.795478   4.44659
74.7231   0.792248   4.69261
73.1494   0.786643   4.64828
72.9726   0.787035   4.76499
73.1149   0.791947   4.89053
74.3109   0.81503   4.92778
73.4495   0.837187   4.6732
74.2832   0.832791   4.63266
73.2517   0.839719   4.70375
72.152   0.841249   4.7202
72.4356   0.817654   4.73777
72.8501   0.846247   4.74136
73.1371   0.852315   4.82544
73.4402   0.86524   5.05723
73.237   0.872094   4.91207
74.0668   0.913547   4.85644
74.2273   0.887895   4.86544
74.2749   0.883826   4.91998
75.3318   0.878013   4.85689
74.561   0.887903   4.92349
74.4358   0.909175   5.01124
74.9246   0.933523   5.22213
74.6372   0.931313   5.2035
74.2929   0.910716   5.21149
74.3961   0.928321   5.18017
73.9157   0.92439   5.02989
76.1005   0.899076   5.0669
76.6763   0.895922   5.09668
76.5929   0.87426   5.09942
77.0165   0.87556   5.10858
76.0376   0.884561   5.05238
75.4483   0.873107   5.04453
74.9464   0.86602   4.99396
73.5445   0.863658   4.92101
71.5428   0.908138   4.85681
71.7183   0.896402   4.79536
71.8836   0.88004   4.87283
72.0923   0.864662   4.83243
72.5778   0.857604   4.82261
71.9075   0.865252   5.02638
72.4891   0.844956   4.91077
73.3792   0.835798   5.01575
73.2344   0.818712   5.11365
72.6221   0.806876   5.17194
73.7203   0.804029   5.23188
73.4315   0.834084   5.13689
73.4284   0.834419   5.09286
72.8665   0.816796   5.28835
73.5415   0.810049   5.22504
73.1032   0.822552   5.09558
72.7018   0.822175   5.32581
73.4129   0.839024   5.33125
73.8222   0.825158   5.37732
74.4972   0.803701   5.24161
74.5103   0.826514   5.09273
74.0904   0.854515   5.08908
73.5312   0.861315   4.99632
73.2446   0.863062   4.85901
74.0729   0.853228   4.86364
74.8362   0.867042   4.73881
75.2978   0.882628   4.73986
74.8752   0.890376   4.78972
74.1757   0.889242   4.8952
75.0319   0.924579   4.86257
75.1388   0.899445   4.88956
74.5742   0.889935   4.80918
74.6342   0.893295   4.78487
74.4355   0.882784   4.79686
75.1995   0.914346   4.81641
75.83   0.901869   4.72967
75.468   0.874524   4.60292
76.0025   0.873143   4.47269
75.8692   0.849875   4.43284
76.0803   0.866525   4.55621
75.6834   0.865576   4.31488
75.9936   0.854145   4.25202
74.8208   0.839908   4.36042
75.6287   0.847767   4.32351
75.0572   0.81343   4.30168
74.7019   0.808009   4.3721
73.8913   0.839599   4.17621
74.0494   0.829556   4.18041
73.6887   0.826919   4.329
72.9787   0.848134   4.26036
73.4151   0.859306   4.3707
75.1238   0.844155   4.42785
76.2346   0.848658   4.44034
76.0585   0.835601   4.54042
76.4852   0.801468   4.54053
76.0781   0.779472   4.34094
75.966   0.752986   4.29807
76.0534   0.750875   4.40311
76.6136   0.733957   4.4278
77.5708   0.69908   4.41966
77.4014   0.691132   4.35224
76.9842   0.675919   4.37698
76.0381   0.691262   4.42381
76.36   0.684554   4.44318
76.3585   0.681058   4.67262
75.0103   0.698586   4.73857
74.4945   0.68126   4.66404
74.5392   0.667168   4.60584
75.5807   0.690866   4.65377
75.5489   0.692299   4.59882
76.4146   0.695905   4.42689
77.7957   0.675042   4.36621
76.7215   0.670743   4.24591
76.1181   0.663549   4.36599
76.2719   0.676176   4.32927
75.9354   0.677082   4.25509
77.3518   0.64835   4.10312
78.6139   0.664178   4.26173
78.0231   0.682096   4.45219
78.5329   0.690739   4.41784
77.727   0.693801   4.50504
77.0845   0.731446   4.45714
78.1375   0.727949   4.39096
79.5964   0.729076   4.31428
79.663   0.734366   4.36541
79.305   0.743726   4.48658
78.6656   0.736943   4.59076
77.5976   0.745622   4.63645
78.3368   0.757633   4.60987
78.3558   0.763855   4.67994
78.3126   0.761777   4.54481
78.9782   0.76541   4.43249
79.1333   0.768942   4.54183
77.8698   0.757659   4.54506
76.9543   0.767478   4.73534
76.5971   0.785096   4.66595
78.0707   0.765358   4.56791
77.08   0.77357   4.43105
77.5332   0.777455   4.45557
77.3465   0.753752   4.44894
78.3628   0.745501   4.33353
79.2727   0.760199   4.30896
78.9454   0.75224   4.31961
80.1254   0.791782   4.41296
79.8998   0.779678   4.5777
79.8201   0.781838   4.51224
80.8433   0.793077   4.39897
78.8095   0.78645   4.52813
77.7226   0.780301   4.41967
77.8021   0.769038   4.43418
78.1019   0.767286   4.47693
78.3624   0.751356   4.4268
78.0936   0.736683   4.37922
79.4483   0.756067   4.38165
78.8165   0.746844   4.3993
77.7927   0.746742   4.41982
78.2609   0.741339   4.2537
76.958   0.751033   4.16769
78.4303   0.759339   4.27691
78.8626   0.733442   4.29033
78.7391   0.724931   4.19941
77.8254   0.707945   4.24415
77.4098   0.71034   4.31086
78.6628   0.676259   4.51851
80.0528   0.659803   4.40765
79.9749   0.661499   4.52763
79.56   0.680908   4.5471
78.7211   0.685259   4.57047
79.1682   0.673877   4.41659
78.9405   0.661726   4.56299
78.2721   0.647521   4.45471
77.0899   0.648027   4.64493
78.1423   0.656792   4.52993
77.872   0.665726   4.45372
77.5918   0.664022   4.38494
76.4041   0.668633   4.55161
76.0726   0.635402   4.58593
76.379   0.62353   4.59065
76.3846   0.632518   4.57846
76.3391   0.657466   4.67441
76.9512   0.643688   4.74999
76.8265   0.649521   4.8256
77.1389   0.669729   4.87937
77.5044   0.638045   4.64484
77.8004   0.646719   4.76549
78.1904   0.643028   4.83302
78.633   0.642067   4.93101
78.9439   0.637564   4.96167
79.4934   0.641275   4.79849
77.9223   0.657431   4.87267
77.0674   0.66361   4.90501
77.2848   0.670752   4.93021
77.6261   0.68954   4.96694
78.1809   0.684218   4.8035
78.5321   0.684278   4.80146
76.9765   0.695084   4.818
76.7507   0.716342   4.87848
77.0832   0.712037   4.89297
77.9089   0.720756   4.91054
77.6669   0.723649   5.00373
77.725   0.739062   4.91994
77.8562   0.737888   4.94445
78.4181   0.726898   4.95589
78.7296   0.710332   4.98349
77.9272   0.71347   4.85183
77.2743   0.702081   4.87137
76.6622   0.667932   4.92681
75.5794   0.660346   4.96613
74.51   0.668179   4.94558
74.945   0.631916   5.07118
73.9437   0.62829   5.14987
73.7217   0.633899   5.15887
73.687   0.622237   5.03437
73.5172   0.625283   5.03833
73.5082   0.628702   5.1304
73.1375   0.640969   5.22646
72.1563   0.638343   5.18918
72.3131   0.617357   5.25632
72.1289   0.612982   5.1009
72.8301   0.593994   5.1877
73.7745   0.602221   5.22507
75.0239   0.618139   5.21315
74.4595   0.623467   5.3441
73.8241   0.641821   5.47494
73.765   0.687495   5.29514
73.4965   0.696614   5.34945
73.7018   0.706071   5.31645
73.2751   0.704993   5.34059
73.6792   0.681496   5.37255
75.154   0.677744   5.27985
74.313   0.669612   5.19687
73.4463   0.660785   5.03356
74.3972   0.668077   5.01256
75.5949   0.680894   4.97978
76.4263   0.703493   4.92794
76.8655   0.693069   4.97498
77.4831   0.705853   4.91836
78.1355   0.731104   4.90738
78.2278   0.739117   4.83713
78.8983   0.72051   4.78376
78.6816   0.732308   4.81781
78.9999   0.748522   4.71234
78.8792   0.747144   4.69174
79.2505   0.764431   4.6373
78.6232   0.768576   4.76236
78.9102   0.775719   4.8955
78.5173   0.796137   4.96315
79.0534   0.802658   5.02408
78.631   0.798019   5.09988
79.147   0.809596   5.28353
78.7427   0.799705   5.33509
80.3324   0.787919   5.38449
80.2503   0.777099   5.65683
80.9959   0.773825   5.75695
82.8917   0.772437   5.68641
83.0531   0.777564   5.79974
82.3545   0.801567   5.84352
82.472   0.81493   5.70575
82.478   0.820613   5.76871
82.4359   0.856446   5.72162
81.5598   0.86162   5.84565
81.6316   0.858042   6.08626
81.6172   0.848053   5.99907
80.2673   0.847492   5.9369
80.4   0.828733   5.93763
81.0581   0.807731   5.93279
81.2219   0.804895   5.89804
81.1073   0.821314   5.95455
81.4644   0.783465   5.92545
81.1707   0.802982   5.97458
80.9626   0.811763   6.06601
80.9107   0.80597   6.10334
79.0375   0.80885   5.90375
80.137   0.772657   5.91134
80.5656   0.776656   5.70199
80.7953   0.785131   5.73841
79.9253   0.775889   5.6605
79.7558   0.762082   5.6315
80.1184   0.781022   5.78917
79.8051   0.792191   5.80541
79.1157   0.779292   5.77786
78.7788   0.777236   5.74503
78.6301   0.78451   5.71507
79.06   0.783573   5.63562
79.2184   0.763679   5.84156
79.3571   0.749822   5.88278
78.7269   0.752419   5.81616
79.4185   0.753538   5.76444
79.7593   0.774781   5.76783
79.3494   0.779155   5.74732
79.9262   0.77111   5.87617
79.8792   0.761864   6.00066
79.2623   0.767179   6.06244
79.7066   0.769426   6.05562
79.5713   0.759686   6.10354
79.4302   0.780569   6.20787
78.6104   0.799741   6.06238
79.0157   0.815236   5.88456
78.8531   0.814729   5.89001
78.0129   0.837128   5.93492
77.9981   0.830025   5.96862
78.9654   0.819093   6.1054
78.7496   0.814568   6.02399
78.2296   0.816302   5.98496
77.1455   0.833999   6.03571
78.2657   0.84086   6.01986
77.7745   0.857712   5.9853
78.1274   0.886149   6.04717
78.0668   0.891298   6.00222
78.4631   0.906059   5.9753
79.9305   0.911783   5.77981
79.3883   0.89342   5.84644
79.046   0.893587   5.80935
79.8246   0.910152   5.60363
79.6399   0.915823   5.35541
78.3285   0.920435   5.29591
78.0505   0.899665   5.33452
79.6368   0.91501   5.19768
79.7827   0.911069   5.2619
80.8703   0.897519   5.26471
81.3561   0.894044   5.2796
79.9286   0.901777   5.48719
80.1913   0.87216   5.51775
79.6097   0.877491   5.52841
78.9349   0.849182   5.52691
78.186   0.872093   5.56557
78.5981   0.860871   5.50159
77.1868   0.884663   5.50637
77.7857   0.886565   5.67064
77.4634   0.850508   5.80481
76.7496   0.867044   5.78295
77.4401   0.872516   5.67469
77.3989   0.869201   5.65462
76.7268   0.863167   5.61516
76.2175   0.844448   5.43332
77.0924   0.842639   5.61607
78.055   0.850622   5.71121
77.5974   0.857842   5.66033
76.2595   0.880336   5.6256
76.42   0.874799   5.64229
77.394   0.868013   5.5058
77.9253   0.858225   5.52515
78.4113   0.862095   5.45618
78.8497   0.855831   5.47269
79.0035   0.841571   5.40211
78.2054   0.826527   5.4366
77.6011   0.818331   5.48619
77.9353   0.831569   5.40489
77.3006   0.856779   5.40276
77.1788   0.837038   5.48166
76.5696   0.839677   5.4735
77.3616   0.804027   5.56724
78.4664   0.795124   5.66293
78.3701   0.808369   5.44246
78.3565   0.792305   5.47057
79.0626   0.79094   5.53684
79.3448   0.80995   5.50488
79.5358   0.818688   5.57144
79.3831   0.823713   5.51162
79.2976   0.820454   5.61863
78.6118   0.8388   5.66363
79.1694   0.86762   5.70197
78.4675   0.867543   5.61017
79.0302   0.870178   5.72781
78.7291   0.842421   5.55026
79.4699   0.829777   5.64685
78.6422   0.82271   5.59112
79.0483   0.806818   5.695
80.3549   0.81934   5.80668
78.4247   0.818533   5.64481
78.7821   0.795911   5.71984
78.845   0.810516   5.81927
77.9194   0.823366   5.78779
79.0308   0.818043   5.70048
78.7426   0.815966   5.56077
77.8347   0.829113   5.68024
78.1767   0.822438   5.59987
77.2761   0.83268   5.53509
78.9849   0.829847   5.55722
78.3569   0.820724   5.56097
78.1839   0.808415   5.54357
78.6036   0.800771   5.52052
78.5124   0.803986   5.53971
79.9484   0.838   5.51045
80.0274   0.831062   5.46711
81.587   0.841532   5.55572
80.7463   0.852136   5.55551
81.836   0.847405   5.45883
80.8151   0.850538   5.52106
81.2883   0.852305   5.48039
80.4881   0.851057   5.35656
80.4971   0.843242   5.25618
79.0946   0.85463   5.26053
77.6414   0.863838   5.27928
77.4336   0.859941   5.11439
78.4392   0.861186   5.18095
76.9257   0.848469   5.1824
76.0519   0.85263   5.11454
76.0828   0.859998   5.28556
75.9699   0.846746   5.2768
77.0756   0.824417   5.28447
77.5605   0.833988   5.31093
78.6156   0.829197   5.41485
79.1891   0.830991   5.36361
80.2003   0.852073   5.31344
79.8338   0.858159   5.2993
80.9408   0.84538   5.25426
81.9274   0.824396   5.36619
81.8685   0.824906   5.35055
81.085   0.820299   5.30874
80.5525   0.83082   5.2188
79.8258   0.851028   5.10318
79.1792   0.841197   5.10597
79.6723   0.855794   5.10823
80.801   0.865159   5.1158
80.6981   0.835688   5.21545
79.682   0.808251   5.11977
79.9055   0.811733   5.13853
78.7629   0.829466   5.15059
79.6949   0.831549   5.18251
79.2047   0.837064   5.28074
80.1363   0.84849   5.23804
78.9601   0.847986   5.17063
78.8937   0.856969   5.22298
78.6637   0.85808   5.19909
78.5224   0.857448   5.14337
77.0652   0.869599   5.22198
77.3594   0.867321   5.24255
78.1276   0.848114   5.05562
78.2796   0.864097   5.02425
78.4147   0.864122   5.17551
78.9956   0.880568   5.24493
78.8022   0.873536   5.17488
79.5743   0.859459   5.1865
78.7703   0.856972   5.08923
78.1833   0.865711   5.11587
77.9532   0.84893   5.10358
79.1189   0.849559   5.14525
79.1829   0.855769   5.17649
79.5278   0.85758   5.16195
78.9307   0.867663   5.19202
76.9746   0.868315   5.22527
77.1841   0.854607   5.15098
76.1647   0.833883   5.08393
75.9895   0.832527   5.21074
76.851   0.840582   5.13459
75.9381   0.833834   5.09365
75.9764   0.835266   5.19316
74.7754   0.825968   5.01529
75.1174   0.813454   4.97155
74.1575   0.86303   5.0893
74.4259   0.867056   5.09199
74.6144   0.876411   5.18549
74.8504   0.870205   5.17625
73.8824   0.859145   5.27554
74.5765   0.822055   5.29394
75.1327   0.829392   5.28799
75.0524   0.826232   5.23779
74.6771   0.824906   5.09334
73.5183   0.827533   5.06981
73.7826   0.830644   4.84331
73.7882   0.83781   4.8755
73.8228   0.83755   4.69644
73.2129   0.827675   4.71057
73.5237   0.835939   4.72096
73.2933   0.832894   4.82098
73.1911   0.844602   4.88779
73.6437   0.825178   4.71915
73.4642   0.83687   4.73225
73.5429   0.846465   4.54347
73.7022   0.826178   4.2794
72.8467   0.845961   4.35809
72.4649   0.851386   4.25795
73.3862   0.842879   4.19016
72.8981   0.854011   4.09486
74.6144   0.858905   3.90387
73.6782   0.851297   3.96658
73.054   0.84719   3.89327
71.6948   0.863723   3.95902
71.4645   0.857734   4.16414
70.1973   0.889827   4.23868
70.4504   0.857837   4.14905
71.7927   0.893511   4.35331
72.7257   0.881174   4.32893
72.3469   0.891923   4.26665
71.1114   0.888981   4.25742
71.6473   0.847614   4.35393
71.2813   0.841537   4.34921
71.8   0.876375   4.17443
70.8115   0.895526   4.26509
72.0894   0.887171   4.31838
72.2349   0.88525   4.38443
71.6305   0.877899   4.44754
72.2921   0.885508   4.48059
73.3508   0.893544   4.56927
73.3044   0.864082   4.6544
73.0187   0.843155   4.60762
72.5568   0.805076   4.43812
74.5851   0.798591   4.42265
73.9682   0.831314   4.37394
74.0122   0.811938   4.30627
74.1402   0.792284   4.4094
73.0046   0.771337   4.18831
72.9783   0.732333   4.05835
71.6421   0.730172   4.05558
71.7073   0.743157   3.88355
71.7016   0.740418   4.05976
71.1207   0.727203   3.85721
70.9022   0.726177   3.86602
71.7495   0.711714   3.86322
72.3333   0.751078   3.77339
73.5065   0.754459   3.96889
74.0317   0.777057   4.06786
73.4712   0.784982   3.96209
73.2606   0.797845   3.96796
72.1935   0.799737   3.92265
70.2155   0.819889   3.78114
69.3262   0.835904   3.87335
68.8548   0.83242   3.78785
67.6768   0.842161   3.80793
66.726   0.86308   3.74518
67.605   0.852536   3.70085
66.345   0.857123   3.66539
66.6618   0.853245   3.81997
65.9294   0.855116   3.62087
66.9986   0.873935   3.43843
66.6802   0.870619   3.33615
66.7541   0.8942   3.49037
67.0256   0.902681   3.57717
65.5676   0.897916   3.65553
64.6226   0.881184   3.82222
65.6194   0.892667   3.74702
64.9879   0.864402   3.66027
64.8456   0.854778   3.67932
64.9559   0.83531   3.70868
64.8625   0.814015   3.73988
65.6693   0.828086   3.6077
64.8623   0.826531   3.6089
65.6401   0.843175   3.64405
65.1444   0.839441   3.70658
65.7235   0.834378   3.64777
65.608   0.826919   3.42603
66.0435   0.80385   3.52153
66.8711   0.804537   3.42587
67.1217   0.829919   3.35219
69.1651   0.833261   3.27535
67.0099   0.86741   3.2549
66.1097   0.874327   3.19201
67.3717   0.889839   3.24193
67.1167   0.91207   3.47156
66.8823   0.920828   3.67525
65.8972   0.929196   3.67504
65.624   0.940214   3.57814
65.2656   0.943114   3.70482
64.0136   0.904344   3.94777
64.2931   0.877812   3.9292
64.4631   0.874911   3.96062
65.1818   0.905809   3.93812
64.0533   0.865782   3.94701
63.9517   0.836699   3.74418
62.2194   0.800607   3.42525
61.9477   0.797127   3.27696
61.6601   0.816231   3.42513
61.0048   0.832103   3.45735
61.1155   0.812413   3.4821
61.0072   0.813911   3.36221
62.2549   0.8271   3.21843
63.3047   0.831881   3.33099
62.1116   0.858132   3.34344
61.683   0.872223   3.47837
60.4497   0.85976   3.20706
60.8765   0.870927   3.12325
61.6583   0.854215   3.0337
62.9692   0.811866   3.17667
63.0892   0.800721   3.15618
62.6439   0.78982   3.11675
63.379   0.7774   3.17764
64.2862   0.794365   3.37951
63.663   0.748684   3.51448
63.918   0.766851   3.49184
63.1694   0.743607   3.36319
64.3025   0.773173   3.4054
63.1878   0.769894   3.11655
65.3749   0.760455   3.21422
66.2328   0.771067   3.21253
66.2455   0.787718   3.35511
66.7174   0.785933   3.29585
67.6311   0.765396   3.30581
68.0095   0.759067   3.17511
67.6116   0.782727   3.00912
66.889   0.797531   3.07928
66.9969   0.787052   3.04275
65.9745   0.78465   2.93173
66.3885   0.772063   2.90416
66.4951   0.771527   3.03606
66.2561   0.751925   2.92677
66.6383   0.753507   2.81744
67.2519   0.76961   2.90426
67.0312   0.775477   2.9288
65.4476   0.782183   3.06523
64.0124   0.789446   3.13716
63.8452   0.804414   3.18715
63.8213   0.807313   3.25463
64.0764   0.824357   3.25907
64.6276   0.81416   3.26237
64.0818   0.830374   3.16764
64.2271   0.847982   3.29299
65.2893   0.860728   3.27752
64.8204   0.88496   3.31672
64.6679   0.892214   3.34117
64.7879   0.891953   3.40401
66.7129   0.895754   3.42051
65.9426   0.894347   3.4014
66.6957   0.91283   3.53821
65.6481   0.895576   3.6075
65.7837   0.886768   3.64458
65.5052   0.857327   3.56993
65.5829   0.868756   3.61632
65.3884   0.892428   3.78959
66.4486   0.877849   3.77384
65.6369   0.85673   3.49765
65.3075   0.866992   3.35155
64.6309   0.848477   3.46597
64.528   0.90532   3.46384
64.3352   0.896162   3.39635
63.5803   0.897152   3.55255
63.1469   0.875896   3.5975
63.0925   0.877263   3.57824
64.2252   0.889783   3.55183
64.8378   0.889624   3.54662
63.4722   0.90424   3.55374
62.9991   0.91061   3.32516
62.8742   0.877751   3.17637
62.5811   0.846758   3.36799
61.6151   0.846932   3.32162
63.4678   0.848624   3.39395
64.8769   0.820752   3.51119
65.4153   0.815205   3.52987
65.5163   0.80075   3.61175
65.5801   0.77148   3.48681
65.5734   0.77526   3.48529
65.8778   0.746622   3.38377
67.2407   0.749504   3.2405
66.8916   0.771601   3.25132
66.7683   0.791499   3.10891
66.2217   0.815397   3.06488
66.0694   0.827294   2.97709
65.8018   0.810692   2.9879
66.1648   0.826633   2.80058
65.8316   0.802363   2.64884
64.8968   0.770376   2.51316
65.85   0.775747   2.20637
66.5282   0.780528   2.16069
67.9503   0.794009   2.02431
68.2553   0.824944   1.89234
68.3125   0.858214   2.10151
68.489   0.874936   2.13862
69.1188   0.88916   2.25668
68.2606   0.882175   2.31441
67.0938   0.870753   2.25555
68.0029   0.858287   2.23981
69.0991   0.851809   2.22213
68.4393   0.860941   2.0151
67.6476   0.867447   2.27738
67.0051   0.887204   2.07752
67.0608   0.878613   2.00984
66.1993   0.886991   1.94021
64.9743   0.909991   1.73659
64.6816   0.927802   1.81774
64.1737   0.900751   1.72568
64.671   0.931179   1.82824
64.741   0.948329   1.81266
64.1864   0.951351   1.70259
62.9362   0.937863   1.63694
62.73   0.93812   1.67613
62.9633   0.95824   1.70945
63.5905   0.974175   1.53344
63.9407   0.993699   1.76268
63.3807   0.97086   1.70165
62.4298   0.949154   1.76124
61.4532   0.955313   1.82199
61.7941   0.927037   1.6356
62.4157   0.919004   1.52918
60.711   0.918811   1.5416
60.6221   0.879383   1.55571
59.9044   0.860777   1.70252
59.0297   0.851207   1.56315
59.7378   0.870765   1.73569
59.822   0.876605   1.4938
59.62   0.847645   1.59055
59.2971   0.845974   1.42122
58.8372   0.855698   1.54578
59.3639   0.866406   1.58915
58.3137   0.869704   1.58149
57.2748   0.884533   1.61819
56.9791   0.882529   1.60996
56.8768   0.843039   1.85189
58.7505   0.902576   1.91767
57.9848   0.899694   1.99774
57.6344   0.848049   2.07939
57.6326   0.853075   2.03865
58.7204   0.880429   1.90371
57.2927   0.890675   1.92628
58.0655   0.883796   2.12211
57.7465   0.887093   2.0375
57.9417   0.872897   2.08535
58.3321   0.924286   2.24495
59.4762   0.927619   2.37305
60.8746   0.927965   2.50156
59.9858   0.90477   2.52667
59.8518   0.924423   2.68947
59.7211   0.937535   2.7451
58.9262   0.896181   2.69922
58.2697   0.912794   2.73026
57.14   0.916605   2.66528
58.8818   0.94968   2.82898
58.2749   0.954403   2.88667
57.4491   0.983782   3.12045
57.3877   0.947172   3.14418
56.8218   0.955086   3.14702
56.8094   0.962877   3.26523
57.0213   0.975085   3.42843
56.8468   0.959523   3.42775
57.0103   0.979982   3.47461
56.7467   0.978431   3.54528
58.1208   0.961006   3.37918
59.9996   0.936127   3.20668
59.2967   0.918686   3.22065
59.2145   0.901392   3.29622
59.0284   0.882623   3.27467
58.9891   0.890305   3.355
58.7004   0.892191   3.32223
57.8757   0.891357   3.20031
56.5029   0.897245   2.98097
58.0344   0.931974   3.08072
59.6586   0.963109   2.8477
60.7015   0.9436   2.84736
60.9537   0.930461   3.07449
61.0286   0.946722   3.19699
60.6987   0.945888   3.21555
60.8079   0.928316   3.51769
60.6562   0.909077   3.3536
61.2855   0.920171   3.18321
60.7541   0.901871   3.39788
59.7944   0.889471   3.53616
58.541   0.868551   3.50279
59.8012   0.866457   3.58158
58.4374   0.852385   3.59476
59.1531   0.850084   3.57173
60.3304   0.831058   3.49635
59.5618   0.812198   3.43182
58.7441   0.83043   3.44891
58.8416   0.8708   3.40459
60.1205   0.84456   3.57489
60.0796   0.836484   3.5668
59.8565   0.851643   3.47765
60.9418   0.875366   3.56241
61.7563   0.878951   3.48914
61.8151   0.90145   3.45333
61.292   0.912414   3.32649
61.1626   0.898538   3.33103
58.9824   0.913431   3.25135
57.6503   0.934858   3.37254
57.7466   0.917862   3.26152
59.2513   0.898048   3.17163
58.262   0.909561   3.08976
57.5894   0.884126   3.17092
57.7497   0.907119   3.17048
58.6628   0.934703   3.21628
58.5003   0.942852   3.1857
60.482   0.914518   3.17276
59.9587   0.897752   3.35252
59.6119   0.886404   3.14432
59.5816   0.831186   3.20337
58.5867   0.821565   2.97969
58.6727   0.841883   2.90088
58.1904   0.854159   3.04743
58.5708   0.863537   3.12751
60.1418   0.881586   3.22075
59.978   0.890297   3.18353
59.304   0.849971   3.19102
59.8593   0.84156   3.36858
60.5985   0.8035   3.38316
60.8842   0.817861   3.32318
59.8646   0.792933   3.15528
58.1236   0.816833   3.25377
57.5391   0.81891   2.97927
58.5797   0.850565   2.91459
58.9413   0.831913   2.79684
59.3698   0.803672   2.8523
58.577   0.828366   2.80259
59.1932   0.830053   2.942
58.3765   0.794581   2.90894
57.5927   0.78706   2.85226
57.9731   0.831025   2.74146
58.1972   0.804673   2.64845
59.054   0.800906   2.59954
59.6762   0.824436   2.75084
58.3823   0.822707   2.89831
58.3518   0.833103   2.90834
56.4386   0.885193   2.76208
56.9559   0.881742   2.62229
57.86   0.88595   2.62359
57.3113   0.898137   2.84669
57.4841   0.890662   2.76426
56.9112   0.947396   2.8948
56.4459   0.941239   2.89958
55.8367   0.925193   2.88228
55.127   0.908068   2.75836
54.5956   0.89117   2.8471
54.1407   0.905274   2.80212
53.867   0.886499   2.63808
54.2558   0.864028   2.7831
53.6062   0.879086   2.87052
54.0685   0.889439   3.01243
52.9825   0.896497   2.98188
53.074   0.88208   3.00978
51.5916   0.918247   2.97237
51.3858   0.922605   2.86427
51.4324   0.934697   2.87659
50.1037   0.905761   2.90505
50.6642   0.925902   2.81723
51.2573   0.914153   2.70444
50.8105   0.864817   2.66083
50.1762   0.863996   2.70999
50.5939   0.85426   2.68996
49.6601   0.844999   2.54227
50.4011   0.855879   2.32904
48.903   0.892744   2.2748
49.3362   0.872642   2.128
50.5793   0.911121   2.20112
51.2652   0.893357   2.29222
51.4438   0.888969   2.41975
52.5807   0.887936   2.52984
52.6442   0.878487   2.48495
51.974   0.903391   2.43988
51.9903   0.878916   2.43071
51.6038   0.872505   2.26013
51.5814   0.883058   2.09904
52.0007   0.878719   2.14375
51.8003   0.880472   2.21663
51.2428   0.897136   2.3238
51.7851   0.916571   2.22059
51.8062   0.90736   2.0562
52.2126   0.922977   2.23298
51.1102   0.916613   2.09766
52.097   0.949154   2.18246
51.5938   0.926955   1.9218
51.2641   0.972881   1.90881
50.2084   0.951739   1.75067
52.3181   0.970978   1.54896
51.4445   0.993816   1.79663
52.2902   0.966653   1.58665
51.6118   0.979802   1.51841
51.7048   0.978334   1.54287
51.6752   0.944572   1.45381
51.4438   0.896298   1.55995
51.1677   0.90587   1.63324
49.9492   0.934038   1.84595
50.8529   0.935803   1.8107
50.9669   0.936634   1.76772
50.1378   0.86857   1.74127
50.5144   0.835451   1.73655
51.3237   0.828915   2.00083
51.6541   0.812048   2.2009
52.6472   0.828239   2.37688
51.7885   0.828876   2.391
52.2967   0.869073   2.60324
50.7864   0.861408   2.62044
51.298   0.887711   2.61331
51.2994   0.867382   2.7734
51.9923   0.848566   2.97115
52.2326   0.862168   2.90019
53.1268   0.877427   2.91552
53.7086   0.890309   2.99355
54.5197   0.903525   3.16588
54.0431   0.905686   3.06446
56.0922   0.866408   2.92413
55.7372   0.903081   2.98376
54.8126   0.899371   3.09812
53.4633   0.901266   2.98301
53.8276   0.890511   2.78282
53.7383   0.893431   2.86325
53.5461   0.899306   3.03998
52.3917   0.87772   3.01828
52.7532   0.861155   2.99288
53.1702   0.872019   2.81115
52.8141   0.86838   2.80344
52.7332   0.843026   2.6387
53.2238   0.837631   2.39232
51.8154   0.812668   2.52536
50.8153   0.781944   2.55259
51.1861   0.763179   2.64088
51.3577   0.783303   2.41009
52.3661   0.774829   2.52991
53.4357   0.775512   2.43257
52.2632   0.770602   2.34332
51.9875   0.759012   2.15405
52.537   0.76679   2.18536
53.7536   0.711659   2.4401
52.919   0.762569   2.60601
54.5235   0.777595   2.6208
56.1976   0.762936   2.73361
57.0177   0.79197   2.68644
57.3505   0.79974   2.80687
57.4418   0.813968   2.68973
57.3551   0.802649   2.73849
56.6659   0.77359   2.85987
56.5647   0.792385   2.98828
56.9432   0.811607   2.83982
56.7208   0.844797   2.98657
56.7882   0.83531   3.07876
56.926   0.865181   2.93313
56.8352   0.886633   2.93119
57.3278   0.868254   3.05041
56.7853   0.859379   2.8193
56.8884   0.851338   2.8265
57.3396   0.817314   2.71125
58.268   0.82311   2.60907
57.9183   0.84202   2.50989
57.6892   0.820666   2.48826
58.2125   0.797495   2.56068
57.9475   0.779022   2.58363
58.2677   0.766325   2.45961
56.902   0.734325   2.53825
56.3639   0.733568   2.54051
57.7066   0.711858   2.43088
57.5933   0.700532   2.4189
58.5244   0.743987   2.27008
59.0678   0.790774   2.12913
58.4264   0.822023   2.28844
59.4616   0.849409   2.26298
59.3025   0.866661   2.37558
60.5164   0.862497   2.162
60.7394   0.830695   2.03784
60.2887   0.823979   2.14223
60.7071   0.80042   2.19089
62.5412   0.820152   2.24406
63.0388   0.786313   2.31393
60.9196   0.780974   2.45893
61.2681   0.755928   2.41398
60.8113   0.742299   2.35346
61.3752   0.73444   2.34163
60.9291   0.724696   2.09794
60.2186   0.720313   2.0974
61.3366   0.688185   2.01506
60.9866   0.739902   1.93493
60.9723   0.753892   1.80793
60.0921   0.743418   1.92547
60.3045   0.743524   1.90664
59.7116   0.717663   1.82776
59.5585   0.724761   1.65095
59.2282   0.741634   1.56115
58.6079   0.764222   1.53654
60.2231   0.778342   1.63377
60.5675   0.802155   1.59173
60.3115   0.823959   1.5581
60.3395   0.805952   1.52037
60.7151   0.827598   1.45128
60.3622   0.819026   1.43449
58.9182   0.803064   1.45804
57.8848   0.816083   1.19656
56.9936   0.813688   1.19224
56.9309   0.820599   1.10587
55.8728   0.872707   1.15793
55.2801   0.896527   1.15551
55.5534   0.889489   1.26087
56.2727   0.913017   1.18408
54.9256   0.886574   1.19665
54.6772   0.918788   1.11
54.7294   0.914343   1.20667
53.8344   0.941943   1.40954
54.0567   0.917578   1.49485
54.4242   0.89349   1.57733
54.5029   0.899831   1.53935
54.284   0.918047   1.35077
55.0648   0.862917   1.30837
56.7981   0.851481   1.16451
55.2845   0.828379   1.16666
55.6445   0.811716   1.0232
56.0483   0.805815   1.04343
55.6645   0.824664   1.04204
56.0269   0.787625   0.9316
56.1854   0.814163   0.893498
56.5529   0.824323   0.806227
55.9078   0.821226   0.914488
55.0002   0.842182   0.925297
55.4411   0.84262   0.992729
55.4102   0.824171   0.963087
55.3219   0.838946   0.882837
55.6196   0.846924   0.861135
54.1771   0.832571   0.578048
53.2041   0.803457   0.524039
53.2791   0.816062   0.41104
53.415   0.81781   0.343789
53.6667   0.797709   0.306845
53.2111   0.843769   0.226843
51.7672   0.806809   0.286514
51.1347   0.787601   0.35931
49.9717   0.767874   0.33542
50.0729   0.768012   0.303127
51.8838   0.748409   0.57023
51.2781   0.737787   0.57958
52.5124   0.739572   0.459749
52.8529   0.720783   0.37333
53.8956   0.667381   0.341034
54.1479   0.611869   0.681408
54.6689   0.660687   0.791403
54.6699   0.657846   0.665663
54.2716   0.63361   0.195144
55.4166   0.59682   6.22626
56.6344   0.590831   6.27108
57.7674   0.578271   6.00722
56.9867   0.614046   5.9375
56.7876   0.586602   5.89981
57.2333   0.603602   6.25148
56.7158   0.610571   6.22959
57.9479   0.60999   6.1958
58.9955   0.598199   6.12357
58.7698   0.578368   6.20772
58.4352   0.565515   0.0364157
59.3357   0.564294   0.20165
59.0512   0.59547   0.0183734
59.1714   0.597106   0.103889
60.1067   0.624852   0.285896
60.2253   0.602191   0.355628
59.9433   0.591609   0.23295
60.5641   0.598519   0.287668
59.7058   0.606338   0.173461
57.5909   0.629756   6.22484
57.5907   0.644993   6.27333
57.5218   0.646419   0.0472835
56.5002   0.620892   0.0241476
57.0238   0.639   0.409405
57.3716   0.664897   0.262983
57.8128   0.675593   0.443857
58.2331   0.637389   0.567403
59.5648   0.675867   0.395342
60.2391   0.665124   0.380696
61.3343   0.653999   0.339723
60.14   0.650268   0.230687
60.752   0.615977   0.236771
60.6792   0.619379   0.0241987
60.3639   0.609569   6.27914
61.0075   0.605565   0.00499834
60.5453   0.590804   5.91906
60.2866   0.619474   5.93982
59.9074   0.659719   5.96479
61.7856   0.667096   6.04913
60.3219   0.657588   6.1105
60.4442   0.644486   0.0429167
60.507   0.643281   0.284217
60.0245   0.633138   0.246619
59.6684   0.670382   0.260442
59.6068   0.680391   0.25001
60.2859   0.721763   6.22316
59.128   0.684482   6.24079
61.1854   0.677679   6.02032
61.247   0.695947   6.05245
61.0503   0.709229   6.12507
60.714   0.68406   5.983
61.0713   0.658937   5.88397
60.3583   0.671369   6.10603
60.7598   0.62871   5.83153
59.5249   0.618774   5.99915
59.0867   0.631407   6.05948
58.6029   0.668988   0.0383417
60.1638   0.671299   6.0142
59.7878   0.657547   6.11174
60.1343   0.652047   6.21616
58.8108   0.655714   6.24018
59.402   0.660426   6.23226
57.8769   0.702497   6.07207
58.3957   0.694425   6.06397
58.7665   0.696655   6.23437
57.8045   0.717009   6.03856
58.744   0.764479   5.92246
58.3137   0.769268   5.68096
57.6159   0.739136   5.72443
56.5361   0.742809   5.70497
56.5765   0.730943   5.46543
57.7089   0.732648   5.33333
56.8486   0.769928   5.4419
56.5195   0.766797   5.26136
54.9648   0.785145   5.2183
55.4499   0.759763   5.20791
54.4155   0.740013   5.17901
53.3727   0.715092   5.18012
52.8986   0.712388   5.03075
51.3993   0.725848   5.18296
52.2783   0.715767   5.10483
51.7938   0.762324   5.13878
50.326   0.71476   5.17744
49.5244   0.70485   5.0239
49.5275   0.675786   4.8584
49.9309   0.699637   4.84937
50.8132   0.660195   5.07405
49.7794   0.66689   4.98078
49.5202   0.689804   5.2046
50.1103   0.734776   5.32681
50.0591   0.722918   5.24636
51.0045   0.708138   5.08569
51.3884   0.760048   5.22802
52.4926   0.752112   5.40382
52.9503   0.756997   5.31995
52.2948   0.742677   5.49713
51.4649   0.756589   5.33729
50.979   0.704144   5.52532
50.0801   0.737883   5.65873
49.6514   0.731084   5.71765
49.0197   0.743902   5.62199
49.2237   0.743242   5.3433
50.2139   0.787515   5.35457
49.9759   0.754926   5.27134
50.6176   0.730595   5.30099
50.0769   0.729117   5.10209
50.5132   0.793436   4.97528
50.6522   0.756394   4.72416
50.668   0.792838   4.69202
52.3595   0.786587   4.85452
53.3868   0.827214   4.6689
54.1506   0.869   4.53685
54.4593   0.864625   4.36846
52.9522   0.894327   4.38808
51.5592   0.922306   4.51737
51.7595   0.923752   4.55125
52.5534   0.921403   4.49173
51.2497   0.888821   4.49276
50.5026   0.855723   4.57062
50.1713   0.864448   4.64812
50.0437   0.904224   4.68332
50.4317   0.920038   4.87967
50.4712   0.881907   4.5983
50.8048   0.833008   4.69282
51.7945   0.850837   4.94007
53.2471   0.879455   4.89922
54.1054   0.890398   4.91538
55.3594   0.866589   4.91992
57.1193   0.858088   4.82615
56.0513   0.871765   4.88148
55.7601   0.848086   5.00727
56.2611   0.831192   5.07822
56.3015   0.869931   5.09992
54.8041   0.822727   5.01894
54.9271   0.807802   5.11865
55.1629   0.778807   5.03063
53.3999   0.805701   4.73165
52.3248   0.833077   4.89774
53.366   0.87844   4.75452
53.721   0.853321   4.66059
53.0221   0.84304   4.67517
53.0175   0.818974   4.59513
52.3129   0.800229   4.20235
51.9313   0.785933   4.39468
52.2627   0.768577   4.52923
52.6802   0.807726   4.64322
50.8956   0.782002   4.31845
50.4374   0.7748   4.48418
50.7889   0.788199   4.64212
50.5981   0.821458   4.76933
50.2203   0.786971   4.78903
49.7073   0.766139   4.54931
49.8639   0.749868   4.51987
50.6842   0.761055   4.26661
50.0104   0.805508   4.26008
48.8845   0.800911   4.35042
50.3827   0.789088   4.09994
50.0932   0.79289   4.18165
49.8789   0.799136   4.13293
50.7487   0.800665   4.09492
51.3567   0.79113   3.80512
51.48   0.767823   3.78729
51.7528   0.775254   3.85574
50.4643   0.78236   3.80898
51.4352   0.745078   3.76673
49.6985   0.77471   3.77121
49.9669   0.791847   4.00389
49.7753   0.796306   3.95901
50.3629   0.810699   4.09549
50.069   0.851169   4.01154
49.2677   0.814812   3.90367
49.2788   0.822438   4.12244
50.0587   0.848642   4.29548
49.524   0.799902   4.06247
50.4575   0.81485   4.17846
49.789   0.844488   4.26231
50.8745   0.820042   4.2307
50.4325   0.78475   4.21837
50.4195   0.759524   4.42598
49.8624   0.753128   4.22121
49.8416   0.75104   4.16129
50.8251   0.762257   4.30484
49.5516   0.760012   4.34457
48.8738   0.759985   4.07059
48.9943   0.751171   4.03898
50.3442   0.714426   4.3087
50.3593   0.748579   4.26334
49.7258   0.688813   4.48948
50.673   0.701261   4.57123
49.866   0.726458   4.43976
50.3234   0.73595   4.05977
51.831   0.721337   4.07292
51.9594   0.735584   4.04374
52.4837   0.764618   4.20762
53.758   0.78221   4.23809
53.6628   0.791382   4.33046
55.86   0.841987   4.40537
55.8509   0.833195   4.35138
54.9709   0.767168   4.6315
56.6186   0.78479   4.55356
56.251   0.783395   4.45814
55.4226   0.774851   4.37232
54.4171   0.785534   4.26587
54.1185   0.833591   4.07124
52.6941   0.869869   4.02371
52.5396   0.858757   4.19073
53.1961   0.80183   4.25482
54.3551   0.799206   4.44398
55.6404   0.798116   4.38492
55.5643   0.810444   4.45173
57.8284   0.805354   4.32024
57.6051   0.829578   4.5012
57.8221   0.843068   4.66854
58.4019   0.859259   4.7348
56.5708   0.878559   4.64426
56.5047   0.887336   4.73897
58.1148   0.879259   4.8737
57.9082   0.931209   4.94544
57.8568   0.916249   4.84429
56.3701   0.955412   4.70608
55.0911   0.943107   4.59138
56.0106   0.898928   4.62199
56.9832   0.905633   4.83427
56.2253   0.929943   4.95643
56.2753   0.949272   4.9389
56.4084   0.916718   4.93227
55.935   0.916788   4.7877
55.2751   0.895876   4.62266
54.7509   0.896746   4.77491
55.322   0.898412   4.53356
55.1761   0.90943   4.70724
54.5926   0.884331   4.61429
53.8413   0.877982   4.57069
54.2721   0.883736   4.52942
53.3907   0.916014   4.35681
53.2491   0.932746   4.09439
52.2913   0.908546   3.98958
53.4157   0.937591   4.00469
53.5204   0.938673   3.92925
54.2664   0.890636   3.98335
53.8752   0.907276   4.13304
55.3787   0.870678   3.86757
54.7487   0.839756   3.66612
54.022   0.89353   3.67324
53.7407   0.845355   3.72208
54.2631   0.831801   3.69428
54.5149   0.853458   3.60018
53.4961   0.842674   3.65197
53.8508   0.839768   3.77266
54.1761   0.860633   3.81876
54.0678   0.85927   4.01582
54.3784   0.867478   3.95531
54.281   0.85262   3.85215
54.3366   0.869535   3.83659
54.1857   0.877444   3.72412
54.2815   0.897443   3.802
54.4932   0.878592   3.72812
55.308   0.849396   3.68593
55.8478   0.838691   3.58536
55.2058   0.824452   3.43782
55.2262   0.831153   3.42997
56.1905   0.807957   3.54321
56.0947   0.781366   3.43846
57.8853   0.805501   3.3224
57.2294   0.830845   3.2487
57.9825   0.788657   3.20217
57.3466   0.765494   3.2166
57.6728   0.756976   3.15915
56.4635   0.771804   3.03622
57.1133   0.806275   3.08717
55.426   0.825914   3.12269
56.5956   0.812943   3.10678
56.3578   0.776446   2.87961
56.9407   0.736845   2.89113
57.308   0.698616   2.82493
57.1095   0.700315   2.6483
57.7783   0.712892   2.36068
58.9903   0.705446   2.34178
57.7231   0.713807   2.29945
58.6059   0.75513   2.1846
59.9833   0.748564   2.11327
60.3877   0.713231   1.87187
59.5384   0.732999   1.79792
61.1744   0.718898   1.89966
61.9677   0.694246   1.85412
61.7744   0.727058   1.75724
62.292   0.767374   1.69097
62.3468   0.798498   1.65785
63.1041   0.81033   1.83376
63.0842   0.830756   1.93926
62.8576   0.819669   2.0341
63.1128   0.815194   1.97966
61.8631   0.805916   1.94873
60.832   0.827258   1.58535
60.816   0.822676   1.56303
61.5625   0.806741   1.60021
61.76   0.779211   1.5959
60.6968   0.746397   1.83111
59.3584   0.787447   1.67099
58.9507   0.783704   2.03536
57.831   0.751782   2.28541
56.2742   0.784903   2.19862
56.6785   0.81721   2.24623
57.1819   0.796081   2.13789
57.1305   0.769473   2.32587
56.9071   0.785051   2.27123
57.8618   0.775796   2.03402
58.1564   0.779525   1.92903
58.1264   0.798051   1.89702
58.7384   0.778031   1.9253
59.9668   0.793104   1.81568
58.7249   0.794903   1.58016
59.9431   0.751126   1.66806
59.8134   0.767975   1.75916
59.9478   0.770976   1.66649
59.1025   0.786345   1.72867
58.6008   0.785363   1.68827
58.7889   0.77484   1.42484
59.608   0.793716   1.35852
59.3243   0.83866   1.19172
59.8181   0.855792   1.34487
60.1359   0.858797   1.3312
61.022   0.86966   1.36117
61.0945   0.896314   1.19651
61.2729   0.924528   1.40426
61.1344   0.893697   1.13618
60.8493   0.893571   1.1068
59.9157   0.864689   1.06069
58.6672   0.805987   1.101
58.6636   0.78586   1.24457
58.8925   0.778831   1.25738
58.2397   0.774456   0.94357
58.0767   0.795654   0.857655
57.3199   0.787856   0.837039
58.4824   0.773314   0.909054
59.1368   0.805091   1.14503
59.6182   0.838438   0.977503
59.5697   0.846592   1.05178
60.028   0.796817   1.00746
61.3432   0.794618   1.04624
60.9566   0.809783   1.03164
61.8011   0.832494   1.099
62.2011   0.83035   1.22624
61.432   0.789004   1.39845
61.0082   0.767671   1.2866
60.7034   0.785214   1.27614
60.3586   0.777129   1.19861
62.0593   0.78797   1.25793
61.5092   0.768756   1.13647
61.2401   0.759463   1.27519
60.853   0.771114   1.41206
61.7744   0.758331   1.49396
60.9346   0.758368   1.41377
61.8543   0.788435   1.46981
60.3193   0.817099   1.41364
61.6268   0.81117   1.29366
61.7192   0.852785   1.14106
60.5605   0.877408   1.3108
60.4067   0.899103   1.23532
60.6594   0.894196   1.1801
60.9297   0.880955   1.25982
61.5005   0.871499   1.2197
61.389   0.87265   1.22252
61.8361   0.858898   1.40597
60.5954   0.873625   1.33582
60.5119   0.845908   1.28573
61.3519   0.812458   1.44899
60.1862   0.829135   1.4275
60.8382   0.88335   1.57191
60.9666   0.874762   1.52368
61.2935   0.901234   1.71114
61.5638   0.904346   1.93066
62.4018   0.928085   2.07454
63.1737   0.920792   1.94212
62.9279   0.930318   1.87462
62.4768   0.908029   1.90795
61.4186   0.910067   1.73478
60.9812   0.88731   1.75008
60.3695   0.933448   1.90091
59.7914   0.927223   1.69708
59.6929   0.948789   1.6109
60.6856   0.926099   1.71451
60.3341   0.893789   1.55382
60.8933   0.907076   1.75533
60.1802   0.842538   2.04726
60.2844   0.823322   2.04747
59.2903   0.828156   2.12836
58.551   0.857971   2.04322
58.7112   0.874261   1.94028
57.9285   0.85867   1.9676
59.3699   0.860927   1.80375
59.9951   0.871207   1.70102
58.6189   0.843416   1.57151
59.4274   0.859049   1.587
59.9348   0.863661   1.46696
59.9335   0.853027   1.35214
59.9255   0.842796   1.29909
59.2486   0.828947   1.3289
59.3986   0.817205   1.34573
58.9711   0.832097   1.43697
57.8715   0.806471   1.249
57.5358   0.83466   1.20185
58.0708   0.851581   1.13222
59.0296   0.859584   0.911777
58.0436   0.870938   0.740759
57.1064   0.934717   0.683613
58.7313   0.929968   0.416135
58.7426   0.973467   0.519132
59.2793   0.943098   0.530504
59.7398   0.937479   0.578694
59.5692   0.938956   0.519847
57.683   0.921938   0.65062
59.1537   0.902617   0.525373
59.9468   0.915804   0.522393
60.1333   0.90272   0.496354
59.2325   0.890326   0.595475
58.9906   0.90505   0.728784
58.914   0.919224   0.841818
60.0709   0.920862   0.9492
60.8914   0.911348   0.901121
59.5482   0.90151   0.83488
58.9468   0.937245   0.857449
59.5972   0.905073   1.04996
59.9963   0.901971   0.977654
58.8781   0.902751   1.04147
59.0153   0.893669   1.27147
59.0104   0.893321   1.24123
59.5219   0.906828   1.38012
58.2602   0.857612   1.27493
58.0672   0.880205   1.25822
58.941   0.910077   1.33632
59.0323   0.879969   1.44797
58.399   0.87122   1.33333
57.5289   0.869185   1.39721
58.409   0.875618   1.30642
58.8576   0.916353   1.33315
58.8379   0.919934   1.14952
57.3411   0.932499   1.17869
57.9641   0.955803   1.06025
58.4424   0.991755   1.19033
58.5025   1.01148   0.980019
58.317   1.01117   1.00459
59.4224   1.00006   0.98853
57.7694   1.00136   1.07136
57.7465   1.01372   1.13773
57.6081   1.02877   1.32456
58.3002   1.01889   1.39476
56.8042   1.01486   1.26651
55.8459   0.978137   1.27883
55.0886   1.00249   1.42933
55.5058   0.965674   1.42112
55.5997   0.944717   1.55583
55.5651   0.943676   1.66031
55.2652   0.914078   1.53292
54.6494   0.945937   1.44696
54.3407   0.934599   1.62779
54.2894   0.89168   1.34602
54.4895   0.893485   1.46106
55.2549   0.90483   1.57707
55.6266   0.893188   1.36674
53.7509   0.894401   1.37805
54.286   0.900938   1.39213
52.9911   0.89779   1.34248
52.3139   0.870388   1.51323
50.162   0.855932   1.1753
50.3886   0.812065   1.14926
50.3485   0.762678   1.07727
50.1921   0.766128   1.4076
49.6943   0.742868   1.24831
49.0793   0.739399   1.20518
47.982   0.724764   1.43383
47.8833   0.768581   1.08606
47.7855   0.775292   1.13162
46.7301   0.796256   1.37038
45.0358   0.810133   1.37299
45.8163   0.815829   1.3241
45.6217   0.798025   1.06083
46.2518   0.768385   0.928143
46.071   0.771914   0.898808
46.7682   0.77857   0.876058
47.509   0.798367   0.76397
46.86   0.748487   0.772722
46.8437   0.735319   0.561706
46.0957   0.742618   0.429677
46.2205   0.737965   0.132831
47.2916   0.705182   0.0158823
47.7085   0.743022   6.21816
48.3956   0.740129   6.2087
48.593   0.738665   0.269807
49.2268   0.740018   0.0752843
48.1057   0.74782   0.0609739
49.3337   0.768869   6.10506
48.4758   0.750695   6.10165
48.0289   0.707545   6.04003
47.7764   0.721012   0.144077
45.9509   0.724615   6.1722
45.0824   0.783033   6.0469
44.128   0.780633   5.92527
43.89   0.788422   5.76313
45.3089   0.801863   5.53971
44.5873   0.797214   5.50191
44.2486   0.795749   5.38015
44.673   0.825903   5.40469
43.4273   0.80799   5.50976
44.3474   0.777032   5.66882
44.6538   0.827727   5.52686
43.2576   0.8515   5.71137
43.2466   0.836301   5.98495
43.7256   0.83466   5.75899
43.5531   0.827364   5.93921
43.0884   0.836308   5.98126
41.5767   0.863239   6.02286
40.1839   0.8497   5.71384
40.9473   0.8292   5.70014
40.5684   0.873185   5.47179
39.6422   0.834356   5.48322
40.2675   0.830269   5.17206
38.9268   0.801746   5.34274
38.4667   0.840366   5.33808
39.1546   0.881941   5.16591
40.2948   0.858178   4.95904
39.3554   0.918515   4.96706
38.955   0.922278   5.26099
39.6191   0.933158   5.31375
39.9924   0.939973   5.45707
41.4994   0.945564   5.50301
40.5111   0.948205   5.55732
40.9048   0.979246   5.32858
40.699   0.939953   5.15079
41.4632   0.942   5.27653
41.8022   0.915302   5.09464
42.9692   0.911606   5.29079
41.8019   0.917421   5.30097
42.4986   0.965883   5.47505
42.2358   0.960828   5.47644
43.1121   0.876711   5.14406
43.4579   0.813826   5.40124
43.3184   0.833376   5.48526
43.0302   0.779431   5.4947
43.2669   0.734965   5.68611
41.9377   0.723334   5.80547
43.3224   0.767155   5.69478
44.524   0.849142   5.36607
44.5378   0.878997   5.47987
44.1685   0.866725   5.47099
44.4357   0.833521   5.4732
43.7199   0.788767   5.45219
44.6857   0.767504   5.59483
44.6891   0.755991   5.66413
44.5216   0.718792   5.95242
45.1165   0.725396   6.02283
44.9754   0.71064   6.25104
46.2244   0.738179   0.0208649
45.9204   0.740724   0.209033
46.1037   0.721985   0.233853
45.1086   0.759252   0.300939
45.2102   0.77801   0.083352
45.5225   0.748977   0.0232156
46.9277   0.764272   0.175681
48.3144   0.821158   0.286623
48.0118   0.789088   0.414855
47.5898   0.823567   0.500742
47.4662   0.821742   0.505215
48.8575   0.820853   0.476619
49.502   0.837452   0.4084
49.2571   0.878709   0.482482
48.8067   0.855702   0.700298
46.9073   0.868959   0.88334
46.0678   0.868224   0.939913
46.6644   0.856872   0.869514
46.096   0.854614   0.694149
43.7771   0.801149   0.799013
44.873   0.805693   0.809152
44.7667   0.795864   0.922795
44.9294   0.821661   0.781512
44.7097   0.822206   1.08737
45.309   0.848629   0.956638
45.4768   0.811384   0.988157
44.8533   0.794907   0.585279
46.3838   0.809248   0.667934
47.5317   0.812026   0.704014
48.4255   0.827067   0.986176
47.7403   0.863907   1.05443
49.3744   0.864738   1.21148
49.2911   0.896906   1.3053
48.5187   0.88052   1.28523
49.2664   0.873207   1.38178
49.8535   0.887988   1.42232
49.5087   0.828793   1.50258
48.791   0.838312   1.43434
49.7463   0.885926   1.29514
50.8957   0.912523   1.26312
50.4664   0.898489   1.20846
49.9881   0.878135   1.47784
49.6902   0.904018   1.66269
50.8183   0.923732   1.80405
51.43   0.928988   1.76527
50.6473   0.948528   1.90098
49.6938   0.927468   1.70526
49.7851   0.907779   1.79723
48.8283   0.925974   1.74591
49.565   0.938274   1.71413
49.4294   0.987448   1.78205
48.6208   1.02268   1.784
48.3851   1.03115   1.69451
48.4027   1.04238   1.6182
48.6785   1.04708   1.7861
48.7334   1.02669   1.972
48.6351   1.05587   2.10271
48.6985   1.02492   2.14405
48.7393   1.05561   2.04118
48.5969   1.0232   2.00667
49.3184   0.973053   2.00313
49.4403   0.911394   1.70769
50.03   0.914583   1.90514
51.0181   0.873175   1.68936
51.1766   0.861849   1.71326
50.8237   0.900031   1.58612
50.612   0.881666   1.41264
51.3543   0.895929   1.35149
50.5422   0.931746   1.62115
50.1972   0.938827   1.44439
50.9798   0.95401   1.28422
49.4195   0.986227   1.21189
48.3476   0.967358   1.1509
48.1964   0.936223   1.10321
48.6042   0.883865   1.2948
48.5479   0.870101   1.34925
50.2362   0.868324   1.22529
49.4653   0.858262   1.33076
49.7138   0.821404   1.56314
49.3633   0.86192   1.62484
50.3487   0.833332   1.36099
49.8077   0.792078   1.24482
50.6406   0.770725   1.27353
50.6096   0.776896   1.17303
50.8279   0.789408   1.10767
51.8125   0.835635   1.09273
51.7093   0.819483   1.10739
52.4731   0.796718   1.26726
51.9932   0.764967   1.05109
51.9302   0.727383   0.792049
49.9053   0.714953   0.705158
50.2978   0.744857   0.668654
50.8833   0.742817   0.628025
51.2743   0.740829   0.424013
50.4732   0.769076   0.416224
50.7268   0.782458   0.238573
51.7257   0.721601   0.249799
52.4547   0.727387   0.265996
51.2845   0.719104   0.193906
51.2118   0.721885   0.334342
51.472   0.741701   0.269511
50.908   0.713238   6.15801
50.1594   0.757973   6.10041
51.7404   0.768076   6.04277
52.9921   0.781743   6.13777
52.6516   0.759363   6.00035
53.6557   0.766038   6.04332
53.1364   0.77954   6.07333
53.9048   0.781861   6.13337
55.593   0.733426   6.11434
54.8289   0.77038   6.06258
54.1304   0.763387   6.08749
54.8465   0.76259   5.98464
55.129   0.767005   6.05543
54.8133   0.761995   6.0323
55.5254   0.744401   6.11384
55.7075   0.776909   6.10355
55.6518   0.804325   5.95471
54.6791   0.856791   5.90942
55.1644   0.858433   5.82542
55.3368   0.869682   5.94862
55.7267   0.88975   5.90114
54.0414   0.890262   5.99604
55.3546   0.888808   5.9214
54.4994   0.846933   5.80966
53.1626   0.874399   5.72884
51.8182   0.875473   5.73713
52.5944   0.86602   5.79135
53.0213   0.861583   5.68566
52.5148   0.901265   5.69646
51.6003   0.86164   5.65061
50.8894   0.868348   5.7391
50.6424   0.864053   5.61308
51.0372   0.839831   5.53689
51.2621   0.863444   5.54087
51.426   0.854864   5.54605
51.5156   0.86999   5.34311
51.307   0.871974   5.57956
51.855   0.937412   5.47064
52.6037   0.927611   5.52874
52.8955   0.900263   5.64094
52.7494   0.885227   5.66145
54.0878   0.868276   5.7171
54.5797   0.86211   5.92854
55.8476   0.853522   5.89241
55.2079   0.852404   6.04825
54.4164   0.837641   6.12897
53.1932   0.856116   6.01262
53.1862   0.881619   5.86212
54.1911   0.931876   6.10426
54.2351   0.931207   6.03254
53.4625   0.909348   5.84313
52.4157   0.965085   5.9651
51.8672   0.955063   6.11764
52.534   0.964862   6.20507
52.1897   0.951342   0.0984039
52.6707   0.921643   0.123742
51.8274   0.937681   0.0765907
51.5548   0.929085   6.27387
51.6806   0.889562   5.99283
51.9117   0.89444   6.05446
50.9246   0.930207   0.0263667
50.7247   0.928682   0.248643
50.0879   0.960578   0.166925
50.8587   0.940393   0.129662
49.6047   0.927263   0.0287687
49.1975   0.943103   6.09054
47.6789   0.934478   5.8968
47.1524   0.942503   6.18876
46.8124   0.943827   0.126158
45.7984   0.959926   0.199997
45.6445   0.915391   0.222724
46.2138   0.912716   0.430865
44.4026   0.945622   0.580541
44.576   0.938736   0.527049
46.7022   0.947289   0.825184
46.391   0.969456   0.813774
46.6642   0.949291   0.698219
46.6186   0.955749   0.779138
47.4736   0.930856   0.902759
47.6969   0.896396   0.971677
48.7317   0.90871   0.76796
48.3289   0.956169   0.822341
47.7078   0.948708   0.893983
47.4756   0.930048   0.966734
47.6951   0.966233   0.998242
47.4489   0.909862   0.99831
46.8177   0.897091   0.87964
46.945   0.87247   0.789949
47.2831   0.881695   0.685491
47.143   0.880509   0.777475
48.403   0.878   0.794091
48.4145   0.897169   0.711439
48.6843   0.919055   0.767287
49.1169   0.920544   0.544774
49.0469   0.895128   0.472463
50.0052   0.84534   0.665356
48.2553   0.826435   0.909853
48.8266   0.833334   0.756658
47.7727   0.790472   0.86915
47.6891   0.797359   0.658176
48.9449   0.827597   0.681983
47.9033   0.803048   0.825811
48.2657   0.813483   0.618677
47.7735   0.815415   0.465114
48.058   0.782966   0.306493
48.1228   0.769721   0.327821
47.3225   0.749686   0.362972
46.7581   0.74687   0.467639
47.4578   0.78772   0.761483
47.1993   0.812771   0.641152
48.255   0.791333   0.734226
48.353   0.745137   0.4511
46.8502   0.752772   0.357205
47.0582   0.773702   0.367619
48.0783   0.779972   0.627605
47.8359   0.816372   0.694727
47.7785   0.816026   0.433701
48.1065   0.840464   0.787363
49.4763   0.821466   0.830929
49.6512   0.826025   0.755645
50.2311   0.811136   0.743494
50.668   0.832125   0.904785
50.5626   0.84475   1.03147
50.2614   0.822141   1.04253
49.3575   0.787307   0.862917
49.9621   0.81017   0.90076
50.1608   0.797838   1.21467
50.7684   0.794939   1.08202
50.5453   0.829934   1.00937
49.8365   0.868153   0.88314
50.3976   0.888815   1.10816
50.7749   0.858391   1.07953
49.0566   0.917137   0.706638
50.4326   0.879037   0.788308
51.1444   0.874607   0.627313
50.4209   0.856841   0.845787
50.1729   0.914623   0.842654
50.6837   0.879095   0.842082
49.62   0.871258   0.801477
50.6633   0.882178   0.917255
49.1566   0.940966   0.917834
50.3846   0.945934   0.93413
50.7639   0.957145   0.869613
50.1573   0.94124   0.851884
51.1965   0.909255   0.891468
50.2929   0.938801   0.860946
49.9967   0.92093   0.834291
48.9557   0.884307   1.13872
49.3434   0.917439   1.3195
48.6368   0.908489   1.10828
48.4529   0.892977   1.20448
49.4815   0.919053   1.36118
50.1075   0.948704   1.48758
49.489   0.910212   1.52945
50.2956   0.899809   1.65654
48.9925   0.908144   1.50463
48.7502   0.887003   1.63203
49.4527   0.846561   1.6242
49.7325   0.824482   1.73256
48.547   0.847494   1.92649
49.3013   0.826419   1.81953
48.8551   0.846062   1.87709
49.2424   0.84383   2.06074
49.2046   0.84594   2.09578
49.8613   0.821535   2.01361
50.9339   0.800762   2.1124
51.2953   0.812921   1.93849
51.5104   0.829508   1.92111
50.3442   0.881129   1.83631
51.4497   0.847178   2.1138
51.4032   0.829773   2.2152
52.0296   0.858803   2.17621
51.5894   0.856783   2.14724
52.0065   0.821088   2.26008
52.2163   0.842917   2.15099
53.0614   0.848172   1.85051
51.7957   0.868131   1.68591
51.6254   0.868161   1.6242
53.1903   0.82368   1.84986
53.5639   0.858964   2.00094
54.9673   0.887334   2.00885
55.836   0.858014   2.07965
56.4956   0.894216   2.1742
56.9576   0.874885   2.01312
57.4943   0.884991   1.96698
56.7818   0.853946   2.04289
56.6282   0.852425   1.76677
57.228   0.870077   1.7071
57.3324   0.821832   1.63266
57.7449   0.811264   1.53238
55.7586   0.82558   1.61097
56.6948   0.833718   1.82046
56.7494   0.830395   1.90804
57.7914   0.834851   1.77862
58.4024   0.82918   1.93962
57.6328   0.860097   2.04886
56.5625   0.872696   2.3024
56.1657   0.908577   2.29508
55.4805   0.891808   2.3686
53.9414   0.859664   2.50102
52.8172   0.862401   2.53544
55.1234   0.857541   2.69233
55.6069   0.875357   2.63914
54.0846   0.875205   2.56616
54.4085   0.861137   2.6405
54.1279   0.8984   2.46191
54.8468   0.872048   2.42386
54.6061   0.896978   2.47694
54.4412   0.904038   2.58395
54.7394   0.882273   2.61671
53.3277   0.850231   2.65322
54.324   0.847018   2.55433
53.3703   0.881912   2.49814
53.1537   0.888374   2.36959
53.3818   0.950601   2.43605
53.5566   0.942949   2.28952
53.2834   0.924276   2.65028
52.265   0.928977   2.78228
53.3285   0.940192   2.7893
51.3305   0.904427   2.8175
51.9239   0.903135   2.79361
53.0749   0.925279   3.00392
51.9742   0.942914   3.10211
51.5383   0.94117   3.27526
49.6009   0.940457   3.1871
48.8459   0.948149   2.97477
48.6387   0.922093   2.93146
48.5281   0.944644   2.64428
47.3204   0.907231   2.77883
48.4525   0.950204   2.74691
49.3417   0.954711   2.78513
48.1429   0.967213   2.70678
49.0418   0.954488   2.71391
49.2824   0.96507   2.8611
49.5525   0.950342   2.87375
48.9984   0.945872   2.69281
49.7929   0.94166   2.53704
49.4452   0.901853   2.74429
49.2045   0.908229   2.85316
49.016   0.924013   3.11152
50.2104   0.934067   2.89726
50.0385   0.907789   3.06531
49.338   0.838036   3.03482
48.7255   0.836187   2.8791
49.8959   0.853993   2.96673
50.9193   0.842269   2.8566
50.2552   0.849702   2.92957
50.8007   0.858265   3.113
49.7995   0.889369   3.18689
48.2617   0.917617   3.31947
46.8379   0.88769   3.48123
47.3157   0.894657   3.54083
46.7084   0.866222   3.4702
47.1582   0.811716   3.41768
47.7329   0.779779   3.64865
48.2573   0.731007   3.53798
49.4878   0.732544   3.51188
50.282   0.701083   3.11302
50.4007   0.694387   3.05583
50.5987   0.704326   2.941
50.5762   0.681459   2.71439
49.4392   0.70167   2.58164
49.7124   0.68186   2.3135
50.258   0.653847   2.14729
49.9844   0.648521   2.29753
50.4057   0.655681   2.01111
51.1604   0.621237   1.79324
51.0751   0.656719   1.83602
51.603   0.68879   1.85135
52.9606   0.701827   1.59395
53.7652   0.748911   1.47886
53.7125   0.749315   1.52098
54.4707   0.758378   1.58009
55.5919   0.769007   1.66092
56.0117   0.81977   1.56642
55.7143   0.790842   1.38173
56.0707   0.806923   1.28831
56.3703   0.803169   1.50994
56.5108   0.791334   1.40652
56.8304   0.813071   1.67279
56.1614   0.846118   1.92063
57.0691   0.807698   2.00436
57.3428   0.803785   2.15255
56.5303   0.794624   2.29288
55.7744   0.760488   2.28012
55.7812   0.776203   2.02069
54.3765   0.792791   2.1948
53.6066   0.783801   2.32864
53.4719   0.773934   2.41465
54.7941   0.766771   2.57448
54.7873   0.746827   2.6343
55.6569   0.772229   2.5142
54.6129   0.768738   2.35054
54.5644   0.811259   2.11683
55.2019   0.81079   2.03602
55.8529   0.828337   2.04283
55.1155   0.839749   1.94895
55.3736   0.822301   1.79423
56.067   0.806693   1.879
55.5792   0.81322   2.22489
56.6876   0.83553   2.19053
57.7545   0.838718   2.21457
58.778   0.882588   2.5184
59.2825   0.901419   2.32746
60.2939   0.913021   2.29458
60.4808   0.908422   2.47327
60.4063   0.896695   2.38869
59.1903   0.897273   2.20116
58.9512   0.918017   2.42011
59.2799   0.914465   2.51114
58.8395   0.927573   2.53294
58.1847   0.933594   2.46038
58.0136   0.943345   2.1845
58.9302   0.940917   2.07062
57.387   0.938427   2.25438
56.586   0.901435   2.43077
56.748   0.915122   2.58821
57.3697   0.955045   2.61546
57.4816   0.936092   2.69032
58.5295   0.92325   2.64837
58.5798   0.913736   2.74436
57.9941   0.902038   2.5248
58.2792   0.902013   2.41609
58.8562   0.896757   2.37648
58.5649   0.886991   2.28525
58.8314   0.860751   2.35776
59.0984   0.886865   2.34199
59.8548   0.894285   2.0752
59.8228   0.917892   1.94407
60.0635   0.941099   1.92641
61.5526   0.905627   1.96806
63.0179   0.915281   2.0272
61.7635   0.89988   1.7989
62.0085   0.872676   1.56935
62.0146   0.873749   1.59978
61.0377   0.849255   1.57647
60.6505   0.828759   1.91564
60.193   0.828724   2.00814
60.2221   0.837962   1.93764
60.2078   0.854442   1.8463
61.7281   0.886242   1.97777
62.3578   0.885363   1.71209
62.5668   0.917642   1.68379
63.0743   0.89371   1.82821
64.5313   0.946715   1.87789
65.0901   0.968332   1.73106
65.1216   0.99683   1.86485
64.1514   0.967741   1.8866
64.2857   0.961861   1.92854
62.8606   0.955738   1.93331
62.5951   0.957285   1.88485
61.5939   0.960342   1.81242
60.7663   0.961343   1.79275
61.7253   0.974915   1.89753
63.1671   0.956093   1.86313
62.4998   0.97383   1.91257
62.9672   0.964627   1.65697
62.8862   0.928806   1.69231
63.4863   0.910431   1.66263
63.6587   0.895625   1.74901
64.4434   0.911912   1.48594
63.6412   0.899135   1.71372
63.875   0.901342   1.68238
63.3924   0.913603   1.64371
63.2433   0.920675   1.49107
64.3342   0.907572   1.64484
65.1032   0.890105   1.58566
65.5159   0.877301   1.46541
65.5983   0.868122   1.50428
64.6715   0.859429   1.54076
64.6448   0.842924   1.51909
64.4806   0.839792   1.57922
64.8004   0.838176   1.63753
64.5939   0.838599   1.68099
64.8208   0.850285   1.78471
63.3981   0.834763   1.55223
62.8911   0.822425   1.65967
62.2549   0.809313   1.71898
61.4647   0.832972   1.95997
61.7204   0.863064   1.76813
60.6551   0.881712   1.64608
62.5178   0.905307   1.61261
60.7663   0.86703   1.71475
60.8082   0.844678   1.55285
62.4338   0.810773   1.76442
62.5648   0.813288   1.81413
63.1328   0.810142   1.88614
62.5949   0.814594   1.77555
62.3989   0.847937   1.8137
61.7558   0.857099   1.91513
60.0103   0.818603   1.76591
61.106   0.842409   1.96724
62.0746   0.814496   2.02067
63.1234   0.83677   2.24147
65.5266   0.81808   2.3712
65.0554   0.834279   2.4137
63.3509   0.835322   2.34629
63.4864   0.832764   2.26026
64.1528   0.820062   2.00838
62.7316   0.806594   2.01238
63.4959   0.813115   1.85899
62.8229   0.830078   2.14014
63.4741   0.862464   2.09705
64.1447   0.851109   2.18207
65.5443   0.841786   2.0662
65.1176   0.836936   1.94368
63.7169   0.845958   1.80551
62.2468   0.848165   1.78261
61.985   0.871019   1.66036
60.3672   0.834647   1.7726
58.9986   0.828192   1.78208
59.3178   0.819515   1.82332
57.8728   0.811816   1.73523
57.9289   0.835186   1.63756
57.9432   0.851356   1.6484
58.0461   0.845571   1.80265
58.1575   0.830197   1.8104
56.8582   0.82113   1.79501
56.4436   0.847969   1.84912
57.3358   0.849607   1.90694
58.9942   0.871934   2.0494
59.1154   0.857105   1.93263
59.987   0.901703   1.97881
59.9944   0.909168   2.10176
60.9802   0.912665   2.00322
60.6871   0.905761   1.97022
59.6244   0.882585   1.88907
59.1986   0.878803   1.95096
60.431   0.891065   1.94852
59.2385   0.881615   2.12063
59.8136   0.896037   2.07475
58.9548   0.876996   2.00683
60.366   0.873887   2.05344
60.4461   0.851646   1.97309
60.8644   0.812722   1.97308
62.1248   0.821637   1.89797
61.4746   0.834923   1.72614
61.499   0.816554   1.68056
60.8823   0.798931   1.68529
59.5856   0.829987   1.77528
59.8069   0.826645   1.73592
59.3445   0.814613   1.7241
59.5407   0.781003   1.66798
60.1325   0.754806   1.59368
59.4365   0.73294   1.69126
60.8853   0.756061   1.51206
60.8998   0.757217   1.4242
61.0893   0.748738   1.15255
60.2239   0.751453   1.37339
58.3681   0.731104   1.22946
58.2163   0.708534   1.30695
57.2929   0.702938   1.43716
57.1566   0.748296   1.59387
58.2462   0.743934   1.68099
58.6212   0.743136   1.62344
58.4372   0.761882   1.66452
57.8702   0.756074   1.5702
59.7162   0.769236   1.54167
59.0219   0.751583   1.63353
58.8907   0.771068   1.82686
58.7877   0.751184   1.91259
59.0291   0.760822   1.78767
60.8974   0.759316   1.67085
61.4791   0.781129   1.86917
61.6402   0.789213   1.7137
60.3186   0.789602   1.97268
59.2014   0.803759   1.73719
58.6853   0.825501   1.73563
57.9422   0.841064   1.58838
57.488   0.866048   1.59238
58.125   0.872138   1.67205
58.6183   0.865204   1.48213
58.1649   0.890107   1.27641
57.0873   0.916005   1.49892
56.9068   0.902657   1.67023
57.016   0.897331   1.63078
56.8947   0.852496   1.54229
56.3499   0.879486   1.53962
56.356   0.924235   1.47527
57.0889   0.928814   1.48982
56.5257   0.92513   1.52543
55.7453   0.923934   1.57917
55.2045   0.9244   1.71171
56.3283   0.9296   1.58432
56.6505   0.896164   1.46729
57.8016   0.878127   1.28042
57.1276   0.886171   1.0542
57.6494   0.878912   1.10079
58.8623   0.90297   1.11771
59.0721   0.895951   1.26712
59.7554   0.852866   1.39869
59.2915   0.830961   1.42194
57.7463   0.80185   1.46949
57.4497   0.831361   1.54538
57.6147   0.83892   1.63505
57.0221   0.822737   1.84528
56.0985   0.812385   2.10414
56.5766   0.800111   2.27322
55.5024   0.842539   2.25474
55.7791   0.830138   2.16723
55.5879   0.84758   1.96097
56.0595   0.883422   1.98603
56.0088   0.89099   1.97674
55.777   0.883863   2.05292
56.3293   0.849588   2.17846
56.7368   0.81004   2.04021
55.9012   0.858015   1.86644
55.8846   0.887869   1.65778
54.4588   0.920042   1.83781
53.4052   0.911906   1.56787
53.4436   0.868382   1.77715
54.0408   0.929284   1.87317
54.6243   0.917285   1.71703
54.9096   0.924513   1.77352
54.5927   0.946535   1.64814
53.6932   0.906124   1.43302
53.3559   0.936179   1.27739
55.2078   0.915541   1.307
56.4563   0.903097   1.48876
57.3451   0.882652   1.62871
56.8829   0.921871   1.74694
58.0893   0.946443   1.91891
57.6418   0.948903   1.91657
57.4176   0.939012   1.70618
57.0197   0.942683   1.77818
58.2494   0.890601   1.8422
59.118   0.913205   1.94806
58.7586   0.930754   1.74771
59.3126   0.918315   1.83312
58.6066   0.900353   1.68417
57.8772   0.891254   1.68886
58.0082   0.884907   1.77398
58.5832   0.916458   1.572
58.8629   0.909511   1.57303
59.4863   0.899048   1.54468
60.5485   0.871376   1.79907
60.4162   0.858394   1.70941
61.509   0.841036   1.52572
62.2937   0.848043   1.52514
62.314   0.858727   1.49181
62.449   0.849334   1.39153
62.9352   0.845565   1.34216
62.5061   0.850319   1.28543
62.7323   0.83494   1.05126
63.5372   0.837262   1.06003
63.084   0.860021   1.10368
61.9405   0.896004   1.02282
61.5036   0.890515   0.832987
60.8939   0.901983   0.834637
60.987   0.884208   0.827981
60.9366   0.878149   0.822994
61.0279   0.859535   1.02665
62.4213   0.800334   1.15564
62.5276   0.785079   1.13235
63.9737   0.791903   1.1471
63.5704   0.803132   1.15725
63.7392   0.798292   1.40064
62.9428   0.776787   1.35972
63.7556   0.778268   1.37847
62.6527   0.773381   1.4902
62.7766   0.794605   1.41509
62.033   0.775855   1.26894
62.5543   0.788154   1.20694
64.1698   0.792198   1.27304
64.2198   0.779396   1.25182
64.3498   0.794441   1.44011
65.0698   0.80826   1.40657
64.6523   0.817311   1.40798
64.631   0.835129   1.34657
63.9778   0.836556   1.40615
62.4094   0.804556   1.33195
62.486   0.824863   1.30676
63.0467   0.811001   1.24623
61.6399   0.853694   1.10303
61.7901   0.883971   1.27467
61.1923   0.86679   1.45088
61.1161   0.884253   1.41611
60.977   0.844382   1.25532
60.5505   0.884447   1.20293
60.6681   0.893974   1.17242
61.7214   0.847982   1.23395
61.7307   0.894844   1.1763
61.2559   0.909363   1.27843
60.4549   0.920755   1.18091
58.5321   0.909981   1.02544
56.7916   0.959167   0.959597
56.5021   0.974229   1.02392
57.2641   0.945349   1.07369
58.2174   0.926506   0.89173
58.971   0.897496   0.808137
58.5427   0.91278   0.730634
58.5293   0.90199   0.630754
57.8005   0.920472   0.657909
58.203   0.929615   0.784074
57.0799   0.938662   0.819287
56.9641   0.926186   0.645226
57.4031   0.901494   0.780162
57.4581   0.912738   0.572939
58.2   0.910646   0.607875
59.3528   0.85675   0.390837
59.792   0.84749   0.0733482
60.0604   0.844169   0.247593
60.0946   0.846418   0.333318
58.9598   0.812166   0.286967
57.7527   0.786446   0.274772
57.5961   0.814205   0.304708
58.3221   0.798548   0.0859463
57.0977   0.784916   0.13273
57.2718   0.818385   6.25026
58.2199   0.805124   5.86399
58.345   0.82474   5.63638
57.7178   0.826395   5.64053
56.3822   0.799938   5.57222
57.1353   0.80164   5.62341
57.2298   0.814373   5.46461
57.0816   0.849045   5.65236
57.7393   0.847338   5.76271
58.9083   0.859217   5.84008
58.3649   0.866169   5.77753
59.118   0.910286   5.67006
58.9772   0.923482   5.68618
58.5405   0.906777   5.56107
59.1009   0.838791   5.55037
60.3911   0.852607   5.61814
60.8599   0.855025   5.63629
60.6364   0.861047   5.46671
60.3531   0.872484   5.66349
60.4383   0.885454   5.65477
60.3821   0.897348   5.82784
59.2959   0.899045   5.7
59.9611   0.939621   5.8611
59.8919   0.942456   5.76354
59.3241   0.952958   5.75917
60.4449   0.92825   5.52444
61.3349   0.937996   5.41353
60.8322   0.918641   5.29894
60.4758   0.919749   5.33545
58.4715   0.92152   5.38815
59.8659   0.901824   5.39498
58.7556   0.910149   5.38005
57.6241   0.904524   5.27135
58.2597   0.890539   5.46308
58.7046   0.832418   5.58636
58.9882   0.837196   5.45502
59.7394   0.86896   5.50624
60.6384   0.862605   5.64119
60.331   0.883318   5.65941
59.2282   0.844566   5.77146
59.6506   0.853344   5.59365
60.2619   0.888958   5.63451
59.4696   0.859968   5.7426
60.2038   0.853755   5.79365
60.7703   0.837031   5.82427
61.2631   0.830612   5.74974
61.4954   0.811214   5.81284
61.0778   0.807246   5.9645
61.2909   0.809599   6.02937
61.6363   0.823803   5.96593
60.7895   0.800069   5.74105
60.6977   0.790817   5.76899
60.9081   0.772511   5.8889
61.9479   0.781167   5.88208
61.0832   0.757222   5.91374
61.3585   0.753064   5.99498
61.3045   0.804502   6.17728
60.9991   0.80358   0.223017
59.8408   0.823989   0.010159
60.1761   0.809515   6.2765
60.0924   0.803082   0.0918128
60.1448   0.813775   0.343046
60.0835   0.835817   0.215334
59.8531   0.850971   0.251398
59.6712   0.837224   0.214086
60.4948   0.844893   0.248635
59.5388   0.846471   0.315128
61.5293   0.828899   0.401206
62.1539   0.875199   0.640135
60.9847   0.850124   0.547554
59.9354   0.85833   0.686835
58.0446   0.828224   0.84928
58.487   0.816342   0.879673
56.8563   0.818147   0.760791
56.6082   0.792975   1.1297
55.6498   0.759883   0.938539
54.993   0.784137   1.01322
55.1084   0.79387   1.40337
55.3865   0.77769   1.17963
55.334   0.754481   1.37204
55.9578   0.74249   1.44649
55.7976   0.7497   1.61041
55.97   0.750993   1.3265
57.2094   0.777356   1.26623
55.792   0.793577   1.1949
54.4951   0.802981   0.959243
53.6932   0.782678   0.812013
53.5574   0.779712   0.778723
54.7937   0.742037   0.332685
54.3302   0.744814   0.324832
56.1019   0.734966   0.596929
57.6495   0.764849   0.547264
57.8786   0.751717   0.723055
57.4883   0.744821   0.874925
58.5074   0.769039   1.06279
57.9862   0.778705   0.929216
59.2002   0.791041   0.696199
57.7773   0.842358   0.778195
58.428   0.863419   0.843551
59.1949   0.855876   0.876786
59.464   0.828046   0.789013
60.3408   0.805154   0.55697
59.2067   0.821613   0.514651
59.1652   0.850347   0.454435
59.7063   0.883031   0.451078
59.8073   0.940455   0.498975
60.6247   0.922472   0.286009
59.9833   0.901537   0.434292
61.2593   0.892898   0.408551
61.2443   0.861174   0.463194
60.3557   0.849797   0.837292
62.1737   0.869127   0.770062
61.3019   0.84816   1.0041
60.902   0.871429   0.730644
61.0588   0.865618   0.690226
61.0794   0.857248   0.936189
62.1723   0.844098   0.938952
61.8302   0.864225   0.912024
61.1301   0.829193   0.814436
63.3605   0.8236   0.669119
63.5421   0.807544   0.570699
64.0726   0.804431   0.677842
63.9913   0.762762   0.683622
64.7044   0.793019   0.70221
64.2409   0.810666   0.685067
64.1328   0.807126   0.670396
65.976   0.753214   0.672317
65.0626   0.743008   0.687666
65.4096   0.725919   0.768212
65.1022   0.697006   0.935304
64.8806   0.659381   0.763896
65.0737   0.666134   0.779057
64.7096   0.705429   1.05747
65.9137   0.691616   0.805529
64.9674   0.670233   0.858454
65.0492   0.65534   0.903443
64.451   0.652414   0.930692
62.7106   0.631783   1.09517
62.7366   0.636673   1.08957
62.5316   0.636795   1.06149
62.4264   0.666489   1.06172
62.4268   0.66631   1.28375
61.69   0.655346   1.29384
61.7366   0.652982   0.896363
62.7777   0.63787   0.740255
62.4367   0.650704   0.30326
62.1148   0.618453   0.157588
61.4173   0.648677   6.13333
59.5963   0.665074   5.9584
60.4041   0.689721   5.9547
57.9699   0.679342   5.98273
57.0166   0.645608   5.99829
55.4474   0.629643   5.97214
55.571   0.616161   5.71637
54.9241   0.590417   5.81677
55.3009   0.612736   5.7723
55.6722   0.647895   5.75083
55.3326   0.64517   5.4543
56.1071   0.659404   5.50514
57.8728   0.655045   5.41109
59.27   0.646192   5.39912
59.0259   0.671641   5.58446
59.4417   0.689492   5.52585
59.7582   0.680178   5.53316
61.3486   0.699639   5.34487
60.4881   0.692529   5.58656
61.95   0.679005   5.81578
60.8315   0.676091   5.94576
62.3178   0.67658   6.02816
61.9705   0.61618   6.02963
61.6194   0.603746   5.84889
60.5322   0.609395   5.4343
60.2506   0.624879   5.47232
60.1757   0.617862   5.60274
60.7052   0.608951   5.27523
60.8446   0.590945   5.44879
63.1641   0.579066   5.26986
62.1392   0.59077   5.26401
61.502   0.574869   5.15911
61.1447   0.540368   5.17733
60.6984   0.548828   5.29433
60.944   0.582274   5.05216
60.7006   0.533846   4.86743
60.5575   0.497681   4.5186
60.1963   0.464518   4.2792
59.5603   0.477529   4.25399
60.9344   0.503858   4.52093
61.1939   0.486369   4.2442
59.8987   0.50686   3.97852
60.2244   0.517485   4.09772
60.4523   0.509182   4.03925
60.4462   0.499341   3.8923
60.7115   0.48752   4.11717
60.561   0.438467   3.64146
61.3298   0.457693   3.46897
61.9876   0.457177   3.52691
59.8909   0.482792   3.4559
58.1517   0.497418   3.4906
59.0006   0.528499   3.29505
58.6955   0.537769   3.02214
57.2221   0.517344   3.33486
57.0674   0.533468   3.26164
56.6364   0.548936   3.2055
57.2004   0.57152   3.22605
57.1833   0.584313   3.4836
57.4739   0.59168   3.41226
56.8537   0.604084   3.46411
56.9417   0.591923   3.64932
56.1663   0.645455   3.7506
56.4766   0.693693   3.79362
56.6744   0.692274   3.76941
57.0874   0.672245   3.66825
58.1073   0.647656   3.7777
57.7873   0.620219   4.01565
57.5389   0.585342   3.93819
57.5557   0.604386   3.87547
57.8769   0.57698   4.15237
58.5408   0.61069   4.24518
58.3941   0.603863   4.08067
59.0675   0.643649   3.95377
58.8393   0.615612   3.86959
58.5259   0.629656   3.94551
58.1048   0.700388   3.91846
58.6749   0.700111   3.90544
58.4858   0.692514   4.20069
57.2506   0.710219   3.94824
56.6907   0.74809   4.02625
57.358   0.78334   4.09875
57.7875   0.79201   4.05816
57.5098   0.775266   4.33179
57.2366   0.762994   4.42385
57.5036   0.775704   4.3585
55.4547   0.786207   4.64126
55.1762   0.817761   4.6443
55.7025   0.801961   4.58834
55.9941   0.79139   4.58088
55.6301   0.79588   4.60206
55.7877   0.820361   4.38279
55.9935   0.790712   4.43458
56.8701   0.817831   4.33286
56.5402   0.80566   4.44711
56.4599   0.833415   4.39891
57.7668   0.827274   4.61734
57.6014   0.809873   4.4732
58.7813   0.798056   4.36618
57.5503   0.800574   4.36739
56.9316   0.809494   4.34959
56.9919   0.798627   4.57971
57.0907   0.757475   4.52087
56.812   0.779086   4.7593
57.5233   0.795433   4.65833
56.8419   0.844038   4.55819
57.1438   0.827712   4.55473
56.8468   0.84908   4.46829
57.0955   0.833994   4.42318
58.3445   0.844928   4.23796
58.6585   0.835078   4.1284
59.1642   0.827041   4.27148
58.4525   0.857974   4.04122
58.1094   0.846423   3.8889
57.571   0.831741   3.87354
58.0887   0.818816   4.02039
58.2922   0.870909   3.95114
58.0456   0.813573   3.85992
58.0613   0.812658   3.71528
57.6731   0.817406   3.50689
57.9304   0.805734   3.48996
56.1554   0.805987   3.42786
55.2247   0.819401   3.39072
55.1739   0.802768   3.26407
56.2826   0.778765   3.35902
55.9048   0.772634   3.39796
57.6893   0.777931   3.21689
58.3735   0.798576   3.15622
58.9022   0.772151   3.18138
59.6669   0.741339   2.928
59.9226   0.749272   2.97698
60.5937   0.764627   2.84133
61.3798   0.791343   2.88514
60.4117   0.790852   2.93761
59.2828   0.767818   2.90052
59.905   0.773749   2.95913
59.4769   0.770738   2.71087
60.0719   0.783405   2.98285
58.9393   0.814695   3.14262
59.7414   0.856054   3.31584
59.6414   0.869851   3.22305
60.6121   0.864384   3.32133
62.1872   0.875068   3.22225
61.3832   0.858729   3.19291
60.6547   0.859763   3.15175
60.3567   0.865016   3.12815
60.3886   0.880531   3.10656
60.5247   0.897915   3.20243
59.8929   0.885493   3.03396
59.5216   0.881448   3.13101
58.6325   0.841164   3.15032
59.29   0.875367   3.19731
60.3878   0.864921   3.20301
60.219   0.875275   3.04317
60.6677   0.865552   2.98579
61.7591   0.876865   2.98544
62.3617   0.853225   2.96784
62.2325   0.826142   2.75686
61.1956   0.811088   2.86102
61.2541   0.852621   2.85213
60.0458   0.840319   2.6621
59.8549   0.816948   2.81292
60.2994   0.849405   3.03382
61.145   0.835687   3.05941
60.6098   0.838095   3.13724
60.6671   0.820735   3.143
61.0289   0.8372   3.19529
59.8145   0.839829   2.98511
59.376   0.790542   3.10874
58.4458   0.825091   3.10872
59.5656   0.860869   2.7641
59.3212   0.841971   2.75867
59.3927   0.83528   2.6196
59.3097   0.845163   2.62672
58.6438   0.858284   2.50907
57.0024   0.865786   2.38247
55.6275   0.841328   2.3512
55.0494   0.813009   2.59488
53.9144   0.801838   2.50649
55.2947   0.790276   2.732
55.9673   0.810886   2.81511
57.1454   0.848434   2.91396
56.7621   0.884745   2.69596
57.3348   0.863515   2.99304
55.6545   0.852201   3.27716
56.5536   0.829721   3.14855
54.9794   0.81155   3.00284
55.7807   0.857217   2.91534
55.4212   0.847919   2.90809
54.5521   0.829593   2.97691
53.4073   0.804647   3.11396
54.8766   0.803921   3.07562
55.5232   0.788721   3.28948
55.4702   0.818213   3.3741
55.8012   0.826   3.1386
55.6581   0.836489   3.19611
55.3441   0.832135   3.33605
53.9555   0.831685   3.20907
54.0815   0.802966   3.30715
54.6501   0.817496   3.22443
55.2929   0.829123   3.22452
55.4794   0.81196   3.22282
54.8631   0.790677   3.19701
55.5078   0.835404   3.14061
55.3071   0.849957   3.16164
55.4921   0.832216   3.06812
55.8441   0.80589   2.89938
55.6637   0.841262   3.0908
53.6232   0.811572   3.2657
56.0361   0.812465   3.24593
55.7905   0.823148   3.082
53.7927   0.836713   3.1129
54.1099   0.833901   3.34204
55.1098   0.843233   3.27762
56.2377   0.884442   3.33084
56.5616   0.903393   3.3478
55.9597   0.906822   3.36212
55.5243   0.909746   3.66747
55.2875   0.877368   3.83951
56.1009   0.85307   3.86305
56.1153   0.857232   3.58348
54.2916   0.841304   3.32887
54.0388   0.867194   3.52242
54.3129   0.862971   3.33903
53.9003   0.880439   3.24683
54.6712   0.909478   3.24926
53.8327   0.88264   3.23527
53.7224   0.841648   3.26986
54.5571   0.856635   3.32486
53.3276   0.886733   3.49109
54.2872   0.907718   3.41974
54.5356   0.942372   3.49918
55.2121   0.90079   3.63088
55.8512   0.888751   3.72917
55.5147   0.872447   3.67348
56.8179   0.878992   3.71533
56.4121   0.874737   3.72779
57.2182   0.890109   3.983
57.6263   0.898178   4.14447
57.6431   0.875969   4.14078
58.3517   0.87445   4.07393
58.2454   0.848048   4.38653
57.9337   0.864662   4.57772
58.3569   0.859365   4.60162
58.4835   0.84473   4.35302
57.9452   0.832617   4.19589
58.0436   0.805524   4.38801
58.0424   0.810624   4.29982
58.593   0.80218   4.30746
59.0355   0.818139   4.28957
59.3236   0.821995   4.25467
58.2726   0.850454   4.49662
57.0757   0.847451   4.42748
58.3327   0.854666   4.34493
59.5969   0.882878   4.38218
59.6064   0.891959   4.52472
58.3888   0.886286   4.49994
58.5022   0.893406   4.50919
58.0306   0.868467   4.39662
58.5293   0.84508   4.52935
58.1862   0.831497   4.45378
57.8856   0.888488   4.41189
58.3595   0.86899   4.59023
58.8433   0.833649   4.8154
59.0137   0.83204   4.59072
58.9455   0.783093   4.51353
59.1725   0.762335   4.65853
59.5284   0.722595   4.74356
60.8008   0.705583   5.07475
60.6497   0.721014   5.25329
59.7703   0.729143   5.34975
59.9453   0.747164   5.23538
59.6559   0.78977   5.10641
59.8542   0.763969   4.99499
60.8743   0.806163   4.8271
61.3992   0.802411   4.78363
61.5807   0.813885   4.87252
60.6847   0.79957   4.82009
60.2442   0.804287   4.79822
60.316   0.794583   4.93372
61.569   0.819536   5.01778
62.6152   0.844672   5.03694
62.9735   0.851699   5.22365
60.732   0.863289   5.20644
60.6662   0.871945   5.29203
59.5156   0.882018   5.47613
59.2543   0.895059   5.78746
60.2793   0.874149   5.73884
59.7417   0.860284   5.68126
59.6989   0.902903   5.76976
58.6999   0.92156   5.69117
58.276   0.929591   5.62827
58.7976   0.915938   5.59925
59.224   0.918191   5.62034
58.3647   0.921417   5.70821
58.9422   0.943902   5.75876
58.3077   0.956639   5.59716
58.8806   0.962376   5.59899
59.3067   0.941888   5.47729
60.8475   0.955892   5.45547
60.4134   0.97037   5.38849
60.5395   0.960499   5.28109
60.9893   0.950182   5.48137
60.7533   0.958342   5.25573
60.3858   0.928626   5.3026
60.2455   0.918802   5.14759
61.7907   0.922039   5.2228
60.7705   0.91972   5.17398
62.1476   0.895684   5.02028
62.5986   0.891923   4.96934
63.2622   0.884152   5.08504
64.3358   0.896619   5.16573
63.798   0.900594   5.07691
63.3064   0.928884   4.92907
63.0679   0.898189   4.83092
61.8148   0.893123   4.8043
62.4078   0.863889   4.75074
62.2715   0.865651   4.70438
63.801   0.83402   4.55068
63.9243   0.868605   4.42969
64.0968   0.824272   4.31702
62.9969   0.843348   4.19676
62.4185   0.831922   4.11811
62.1664   0.847979   4.12731
62.0042   0.84188   3.87995
62.4156   0.819713   4.04958
62.5874   0.824786   4.11987
62.7546   0.831529   3.87885
63.6661   0.863721   3.90411
62.7876   0.842391   3.93301
61.8274   0.816325   4.02898
61.0228   0.829778   3.94243
60.1231   0.798965   3.81959
58.7604   0.847172   3.70242
58.085   0.836067   3.89997
58.3936   0.810577   4.13567
60.4399   0.769874   4.33128
59.9321   0.776575   4.49637
59.7494   0.80866   4.53879
61.1068   0.827519   4.50169
61.3414   0.792441   4.63094
60.3239   0.831007   4.80946
61.5615   0.857839   4.76282
60.7611   0.8627   4.78536
61.1327   0.857413   4.74941
63.0129   0.880561   4.55435
64.0155   0.88418   4.48558
63.1973   0.885636   4.52901
63.3117   0.895196   4.57873
62.7049   0.907148   4.47117
63.5845   0.914692   4.53021
64.6267   0.91508   4.38185
62.9295   0.888308   4.23794
62.6774   0.880682   4.12997
64.5716   0.863756   4.17594
64.0044   0.857845   4.15693
63.4815   0.828613   4.14505
62.1999   0.826931   4.3286
62.1306   0.825509   4.18673
61.0598   0.878526   4.37444
60.3629   0.881004   4.35432
60.5904   0.900007   4.45722
59.5348   0.925398   4.37874
58.7332   0.9401   4.28042
58.2617   0.923961   4.29724
60.546   0.911376   4.523
59.9111   0.872882   4.56087
61.3466   0.889214   4.58699
60.9796   0.904351   4.64301
60.6602   0.889507   4.55177
61.1431   0.831548   4.61332
62.5017   0.863381   4.722
63.3546   0.811945   4.48182
63.7053   0.821199   4.6293
64.5901   0.835158   4.48032
65.1565   0.850648   4.3791
63.4439   0.833896   4.38555
64.84   0.818686   4.30409
65.5122   0.822941   4.21319
67.5497   0.824058   4.24011
66.3619   0.799414   4.19652
65.621   0.830636   4.17525
64.0944   0.879791   4.16927
64.4131   0.87347   4.11484
64.0672   0.850038   3.98206
63.686   0.844548   4.1127
62.9912   0.84484   3.97595
62.9856   0.854953   4.13761
62.0904   0.839936   4.30238
62.1771   0.811269   4.1559
62.6609   0.788902   4.19359
61.2247   0.803391   4.13684
61.6311   0.778971   3.92247
61.5132   0.782901   3.71105
61.651   0.724707   3.75277
62.9662   0.750608   3.93838
63.7888   0.740625   4.16712
63.9027   0.735213   3.93595
64.0604   0.745034   3.94683
64.6334   0.766766   4.19944
64.6002   0.744332   4.04935
64.9925   0.725705   4.25875
64.3483   0.718975   4.32722
63.7277   0.710348   4.22112
64.37   0.765271   4.2058
63.6465   0.785033   4.03177
63.9839   0.80432   3.96067
64.8961   0.816704   4.03224
63.8592   0.798071   4.11011
63.6597   0.809205   4.1031
64.0435   0.781798   4.19849
65.632   0.798435   4.25878
64.3496   0.7739   4.09922
65.0321   0.782   4.15019
64.185   0.810617   4.09448
63.6705   0.825059   4.16863
63.3701   0.827756   4.14334
65.0448   0.844103   4.08177
65.6633   0.822067   4.08157
65.4261   0.817569   4.06978
65.0373   0.860785   4.19226
65.9229   0.858158   4.31077
66.0555   0.865759   4.34616
65.983   0.887546   4.36031
65.6107   0.920501   4.25094
66.3324   0.899232   4.15632
65.8906   0.870413   4.1572
65.2328   0.841206   3.99873
65.3873   0.854374   4.05366
65.2401   0.840233   4.10583
65.8047   0.832536   4.13278
65.8527   0.826776   4.3691
65.4085   0.842194   4.33837
64.1584   0.823859   4.15937
62.5318   0.803415   4.22374
61.0736   0.787822   3.99125
62.0059   0.791935   3.84011
61.6468   0.778559   3.76598
62.3204   0.751378   3.83973
61.9887   0.771353   3.83961
61.6285   0.79968   3.72308
63.407   0.809178   3.67031
63.0321   0.784734   3.48187
64.0909   0.79494   3.649
63.8962   0.75978   3.56099
64.6456   0.783145   3.60546
64.3992   0.777515   3.58619
64.5386   0.768364   3.67962
64.1627   0.81772   3.8399
64.6296   0.801585   3.78235
66.2225   0.787733   3.74149
65.6676   0.792573   3.91534
67.0806   0.753977   4.00224
66.3739   0.724822   3.94049
65.7899   0.768247   3.97352
65.4084   0.766403   4.18276
63.9906   0.751496   4.09429
64.2105   0.774728   4.05688
63.8316   0.770863   4.00486
62.9869   0.775547   3.95558
64.3211   0.778922   4.11335
63.2018   0.77444   3.96347
62.7172   0.752669   3.96262
62.9687   0.760433   3.99541
62.7575   0.781317   4.04234
63.6634   0.772953   4.01111
63.9212   0.791715   3.94409
64.1931   0.832006   3.78917
62.7854   0.816086   3.91067
62.9962   0.813557   3.92148
63.5878   0.820103   3.75314
64.2773   0.837657   3.47625
65.3442   0.814601   3.48275
66.1751   0.856842   3.55711
65.4203   0.880841   3.63127
64.6249   0.836157   3.67876
63.8323   0.838899   3.82543
63.7846   0.840766   4.05765
63.3662   0.842536   3.98188
63.9774   0.83921   4.26214
65.0522   0.862706   4.28222
66.1187   0.905018   4.37538
65.7835   0.907165   4.38906
65.0423   0.906649   4.22307
63.4228   0.892667   4.11164
62.9732   0.880749   4.11063
63.0657   0.877044   4.11515
62.3319   0.879366   4.2364
61.6161   0.8502   4.26027
61.2596   0.83697   4.29422
62.3611   0.818582   4.22878
61.8273   0.809883   4.35737
61.605   0.785197   4.41039
60.2312   0.79052   4.08655
59.6932   0.785335   4.06069
59.5508   0.782253   4.06324
58.7543   0.754355   4.38111
58.3986   0.779214   4.31354
58.619   0.798468   4.43812
58.5038   0.781845   4.68296
58.9872   0.795258   4.64147
60.4562   0.786282   4.7518
59.9208   0.779389   4.81254
58.6893   0.754935   4.96847
58.2778   0.769057   5.22817
59.0656   0.72269   5.06574
60.418   0.678588   4.9228
60.2708   0.647186   4.48041
60.3858   0.647454   4.27804
59.9292   0.629162   3.87239
60.44   0.668721   3.79129
60.3307   0.638896   3.84335
61.1089   0.639159   3.6861
59.5865   0.632018   3.66488
59.0171   0.607601   3.86271
58.3774   0.625147   4.00554
57.768   0.653132   3.92457
58.9342   0.67239   3.9593
59.6571   0.719159   3.79184
59.2515   0.693113   3.8596
57.8059   0.691722   3.47046
58.8635   0.714505   3.40707
58.2068   0.764439   3.40607
57.948   0.77508   3.17592
58.4838   0.791853   3.11248
57.1704   0.817011   2.97285
57.4053   0.826695   3.06478
58.1121   0.78594   3.31281
56.5489   0.809898   3.29714
56.4829   0.83113   3.20735
57.3976   0.789321   3.26946
58.5784   0.789733   3.30129
57.794   0.78232   3.47526
57.6233   0.778342   3.61269
57.2635   0.811204   3.61996
57.6824   0.806531   3.80947
57.4961   0.81729   3.87106
57.7525   0.808878   3.92367
59.0343   0.799334   3.96055
59.9889   0.774156   3.93978
61.0769   0.772044   4.14921
61.9575   0.766157   4.09223
62.1092   0.808354   4.11284
61.4906   0.795484   4.16501
61.1846   0.800397   4.08979
61.297   0.76703   4.23691
60.6275   0.783589   4.14402
60.9805   0.819424   4.09888
61.7572   0.785556   4.06188
61.517   0.806213   4.30771
62.9124   0.807939   4.21704
62.0087   0.808328   4.50389
61.5332   0.788299   4.56023
61.8615   0.785033   4.39183
62.0418   0.795634   4.39841
62.7071   0.80141   4.42084
63.391   0.814585   4.17075
62.3002   0.813303   4.1962
62.6461   0.816307   4.13735
62.3055   0.791422   4.01643
61.2315   0.779755   3.98483
62.1297   0.788311   3.89227
64.0273   0.780539   4.11862
64.5088   0.811984   4.22823
63.4616   0.81115   4.00104
64.8755   0.835892   4.02306
64.0021   0.834709   3.80905
64.0617   0.855018   3.92293
63.454   0.817896   3.80561
63.0889   0.845872   3.70908
61.6921   0.854006   3.5334
61.9384   0.870237   3.56589
61.6698   0.880466   3.54788
60.6256   0.885189   3.81468
59.6641   0.860339   3.86266
57.9902   0.850932   3.90649
59.3977   0.852413   4.02504
59.5312   0.875459   3.88427
59.187   0.912777   3.89019
58.711   0.90779   3.92854
59.4526   0.906411   4.04758
59.0814   0.911436   4.02382
57.8034   0.920192   4.07688
56.7686   0.937492   4.05969
58.1832   0.960183   4.0057
56.3654   0.928842   4.04246
55.3234   0.899007   3.97228
55.2791   0.895049   4.13503
55.6738   0.882592   4.02472
54.8345   0.87514   4.2244
53.6915   0.877507   4.46062
52.783   0.878102   4.49786
52.7908   0.835615   4.60751
51.4582   0.819667   4.96539
52.9693   0.843029   4.99038
53.0504   0.810877   4.80575
53.8164   0.792451   4.68855
53.7326   0.798148   4.4859
54.9305   0.802826   4.36502
54.9309   0.816183   4.35038
54.2019   0.815943   4.53816
55.3364   0.787772   4.44802
57.0434   0.822394   4.29303
57.0795   0.858755   4.16892
58.2935   0.868925   4.14038
57.602   0.860517   4.24678
57.0182   0.82099   4.14414
58.1763   0.830333   4.19832
57.3187   0.852419   4.45283
57.7413   0.821209   4.33627
58.3743   0.771692   4.33143
57.9466   0.749   4.4079
58.1513   0.75099   4.48974
58.592   0.752364   4.569
58.1085   0.775498   4.44956
57.7354   0.803839   4.5919
57.5908   0.794108   4.49653
59.1572   0.838196   4.3982
57.2373   0.81708   4.25749
56.8836   0.80544   4.43901
56.6026   0.814552   4.39816
57.6598   0.777284   4.28899
58.1498   0.782514   4.44849
58.8277   0.782645   4.47315
59.3095   0.74097   4.55351
59.7301   0.749577   4.54063
58.8653   0.728436   4.62311
58.7906   0.712044   4.48628
60.6618   0.71269   4.60679
61.2018   0.665861   4.73655
60.791   0.700578   4.80894
60.3828   0.753427   4.70693
61.2268   0.728546   4.87999
60.8845   0.746176   4.66449
61.0956   0.724629   4.76207
60.2702   0.740957   4.59825
59.9144   0.744975   4.59805
60.4785   0.765373   4.62308
60.3889   0.794595   4.62913
60.1021   0.81388   4.48295
58.8844   0.837561   4.59645
59.7814   0.843239   4.64277
58.7514   0.818253   4.70445
59.3881   0.827238   4.64131
58.4532   0.82299   4.64613
56.8786   0.830447   4.80175
57.6312   0.816766   4.82718
57.4142   0.822322   4.55665
57.8761   0.835493   4.55879
56.219   0.812059   4.15329
54.9704   0.787935   4.30252
54.474   0.783414   4.27576
56.27   0.766811   4.1931
57.2933   0.736787   4.15819
57.3672   0.708278   4.08444
57.6021   0.676046   4.2948
57.3142   0.662285   4.414
57.391   0.633755   4.42783
56.4471   0.633988   4.35054
54.6246   0.634275   4.18158
56.4523   0.640254   4.17074
56.4748   0.653906   4.09857
55.8666   0.627981   4.31704
55.7907   0.647634   4.11361
56.8722   0.633944   3.9978
56.0963   0.650255   3.52857
55.1955   0.683917   3.59251
53.4215   0.714605   3.37099
53.9695   0.700526   3.50706
54.4218   0.712707   3.55425
53.2272   0.713814   3.41268
52.5281   0.657662   3.39841
52.5151   0.702957   3.2428
52.1043   0.721597   3.368
51.6883   0.77005   3.465
52.9853   0.794601   3.78897
52.3215   0.808153   3.75699
51.783   0.805703   3.78357
51.6415   0.798594   3.64458
50.6319   0.819195   3.51877
50.8463   0.807231   3.36018
51.993   0.794293   3.39358
52.119   0.816817   3.62554
52.9856   0.840616   3.93755
52.8171   0.832227   4.06485
54.3244   0.772872   4.07697
53.1465   0.772635   4.14321
55.3822   0.783398   4.03419
55.038   0.755814   3.74496
54.3532   0.747103   3.58511
54.8341   0.761237   3.80214
54.6311   0.788232   3.76289
53.5791   0.771254   3.64986
54.6092   0.803449   3.5496
54.5458   0.799342   3.74285
54.512   0.811267   3.77561
55.297   0.823219   3.58039
53.9738   0.870302   3.6047
53.2986   0.88769   3.75595
53.4283   0.893672   3.65292
53.4144   0.890685   3.31001
54.2169   0.898177   3.33854
54.5042   0.889827   3.34811
54.6703   0.853259   3.49729
54.2539   0.874725   3.61597
52.9389   0.899661   3.61248
53.0558   0.929679   3.54512
53.0695   0.920361   3.40708
53.988   0.907585   3.32499
53.3063   0.911956   3.4539
53.613   0.926649   3.25454
53.4168   0.921583   3.17676
53.5368   0.903627   3.12979
53.2129   0.900113   3.09055
53.9148   0.906749   3.27483
53.1579   0.874348   3.26088
53.0727   0.851343   3.05082
53.0294   0.840655   2.99715
53.4524   0.815392   3.03648
52.6111   0.805234   2.83736
51.2924   0.84188   2.94831
50.7464   0.882984   3.08232
50.0311   0.88506   3.01039
50.1429   0.847908   2.96409
49.9085   0.851144   2.83186
50.8808   0.849565   2.49189
49.534   0.842059   2.389
49.9694   0.835941   2.43137
50.4834   0.810482   2.47171
49.5768   0.810167   2.53988
49.0768   0.842035   2.43741
49.4009   0.840644   2.44362
49.6657   0.854387   2.6299
49.2762   0.87124   2.63179
48.8101   0.867714   2.83944
48.3771   0.875805   2.63095
47.9822   0.851387   3.0464
49.0035   0.836348   3.13459
50.4699   0.872535   3.23096
48.9373   0.896163   3.1936
48.6291   0.896352   3.22506
48.5112   0.8794   3.2075
50.3744   0.920431   3.16502
50.0599   0.913525   3.00096
48.9168   0.911766   3.10769
48.6415   0.884632   2.88472
47.8586   0.855213   3.07438
46.8999   0.815809   3.07564
45.5052   0.75749   3.32672
46.3238   0.753769   3.41691
45.9051   0.758613   3.3376
45.9688   0.826742   3.16111
46.6031   0.854078   3.23126
47.2131   0.847991   3.25112
48.24   0.885929   3.1466
47.9393   0.894136   2.91634
47.9011   0.869233   3.1724
48.8316   0.877899   3.22165
49.0311   0.90194   3.35919
49.2696   0.868342   3.36058
49.3754   0.872116   3.12966
51.1238   0.892319   3.0039
51.1285   0.934265   2.86305
51.4784   0.918695   3.07711
50.5562   0.91988   2.99657
48.5717   0.927631   2.95543
47.8684   0.912435   3.01456
46.2609   0.870271   3.21583
47.1343   0.893761   3.35225
46.3248   0.929293   3.10228
45.127   0.916357   2.95164
44.5757   0.889109   3.0869
43.9698   0.796359   3.22648
46.0353   0.708096   3.19384
45.4636   0.710281   3.15228
46.2525   0.719935   3.05817
44.9608   0.695537   3.2243
44.4029   0.685821   2.96373
44.9856   0.635144   2.47811
44.97   0.68201   2.66104
44.7334   0.638609   2.77827
43.7231   0.659576   3.22085
43.5918   0.654235   3.21298
43.1449   0.664573   3.43544
44.0356   0.675634   3.18407
43.1037   0.690191   2.64265
43.622   0.712804   2.74316
44.623   0.727295   2.88295
44.5975   0.748989   2.73889
43.7846   0.768456   2.60934
43.0892   0.739681   2.36428
43.8477   0.834895   2.25576
44.269   0.878373   2.0989
44.1413   0.879758   1.94895
45.1859   0.902057   1.82121
44.1227   0.918382   1.81576
43.7587   0.9638   1.54932
43.2454   0.9886   1.45121
42.1622   0.94325   1.19363
42.478   0.910627   0.883138
41.7351   0.949777   0.896684
41.4924   0.934011   0.758276
42.7995   0.965481   0.770341
41.6199   0.931883   0.581315
39.4229   0.968729   0.598395
39.7039   0.972264   0.640089
38.1158   0.953599   0.580729
37.0137   0.966783   0.920897
36.5149   0.963087   0.709382
36.2467   0.95692   0.670671
36.098   0.918429   0.776252
35.847   0.908531   0.696023
35.6302   0.947827   0.737309
35.1139   0.925553   0.738917
33.8418   0.929057   0.786311
35.7755   0.961685   1.073
35.3894   0.987608   1.07772
35.4062   0.928318   0.677902
35.482   0.955423   0.525024
34.9866   0.95785   0.506506
34.0832   0.910691   0.373139
34.8077   0.858271   0.309203
34.2112   0.854855   0.412334
34.3205   0.883318   0.13189
32.0534   0.887994   0.401081
32.1149   0.949796   0.460436
32.6755   0.887611   0.630018
31.1541   0.877113   0.65241
30.4548   0.947295   0.705535
30.1086   1.04665   0.195505
31.3461   1.00797   0.627821
31.4438   1.03151   0.66346
29.7413   1.02373   0.411929
30.2911   1.02735   0.246881
30.0432   1.02308   0.280167
29.4202   0.959545   0.464631
28.7247   0.922459   0.546876
28.7075   0.875702   0.0999741
27.4403   0.833812   6.20087
28.0705   0.839822   6.15312
27.7719   0.835457   6.05408
28.8647   0.855906   6.07708
29.7617   0.875017   0.064485
29.0051   0.886027   0.033545
28.9191   0.908673   0.184513
28.7886   0.949528   0.0961614
28.1543   0.966713   0.226507
28.7818   0.965441   0.370474
28.4093   1.00759   0.457211
29.1406   0.993986   0.694182
31.0267   0.916166   0.601264
30.1753   0.934636   0.507053
32.7557   0.8974   0.568004
33.6971   0.898509   0.205001
34.4115   0.891926   6.24007
33.7652   0.927736   6.16632
34.6296   0.877661   5.89814
33.8879   0.840761   6.00586
33.2059   0.904886   5.95029
34.5195   0.968789   0.0543133
33.7854   0.973595   0.232017
35.148   1.01662   0.490355
33.6129   0.912864   0.487074
31.8428   0.936805   0.637958
30.9277   0.982896   0.61705
31.2027   0.927305   0.375817
31.5016   0.968665   0.357526
30.6765   0.969044   0.35127
30.9993   0.97742   0.54992
30.0341   0.965212   0.829073
31.6298   0.933889   1.10239
31.394   0.924459   0.824681
31.486   0.911015   1.16312
29.8343   0.913424   0.649501
29.219   0.863867   0.854332
29.6205   0.838663   1.08563
30.1557   0.911419   1.18154
29.7465   0.963181   1.64513
30.2241   0.934268   1.53281
29.6327   0.885435   1.09066
29.1602   0.926756   1.33006
29.5588   0.951443   0.903337
28.0368   0.973392   0.984538
27.3038   0.881527   1.02101
27.6804   0.840529   0.708641
27.5071   0.869602   0.887077
27.7341   0.830811   0.440832
27.3343   0.757854   0.0806871
26.9717   0.692914   0.34252
26.8434   0.72918   0.779126
25.8931   0.771606   0.437135
26.5425   0.807378   6.20868
29.2437   0.812386   5.7611
29.6675   0.811052   5.51031
29.563   0.757162   5.64473
28.3328   0.79475   6.06302
27.4837   0.745989   0.0684661
27.5194   0.745076   6.06082
26.7028   0.714114   5.76028
28.3976   0.584017   5.11022
27.1243   0.54661   4.43688
26.6838   0.556369   3.88187
25.2637   0.558722   4.49364
24.2649   0.590483   4.49026
24.9077   0.620372   4.7083
23.1763   0.63139   4.39777
23.708   0.762124   4.42952
23.875   0.709773   4.6887
24.6817   0.747761   4.76413
23.3993   0.898379   4.43712
23.3823   0.906975   4.98526
22.9251   0.947472   4.43926
23.7245   0.928789   4.5348
24.1521   0.887264   4.94053
22.4588   0.93061   4.26689
22.8707   0.932977   4.57286
22.0401   0.910578   4.12362
21.6636   0.833705   4.33907
22.4092   0.841937   4.66206
23.1513   0.948667   4.84623
23.5997   0.87965   5.41847
23.1532   0.869702   5.61728
25.6093   0.892539   5.13504
24.4396   0.875228   4.55152
23.8329   0.778696   4.4216
22.6949   0.829151   4.17611
23.4031   0.721762   3.29952
22.5293   0.648768   4.12155
22.1005   0.721592   3.9714
23.6545   0.713435   4.26926
23.8615   0.730082   4.36846
24.5152   0.748019   5.03028
23.5198   0.673265   4.94948
23.3236   0.618223   5.34656
22.9056   0.603572   5.63624
24.8601   0.598798   6.12701
26.4038   0.569566   6.25064
27.8252   0.636382   0.501929
28.1167   0.684375   0.149509
27.7304   0.578135   0.778661
29.436   0.600413   1.0392
29.3504   0.636429   1.05333
29.421   0.538403   0.540036
30.1371   0.527055   0.434032
30.4237   0.565863   0.189468
30.7814   0.523026   0.835274
30.8396   0.553217   1.26193
29.6542   0.651242   0.739622
28.8951   0.6785   0.948195
29.0518   0.691964   1.19878
30.2817   0.690965   1.47831
30.5408   0.767687   1.53891
31.057   0.7415   1.77619
29.7855   0.813692   1.61519
28.8491   0.788753   1.56448
30.261   0.895004   1.8174
30.5845   0.873098   1.68893
30.8675   0.910392   1.40952
30.5463   0.89687   1.60642
31.1622   0.89442   1.9465
30.4768   0.961071   1.83685
30.9569   0.951146   1.68612
30.6204   0.998685   1.5212
30.138   1.01968   1.54382
30.7782   1.05811   1.32709
30.493   1.06145   1.21906
30.286   1.05871   1.11901
29.6358   1.10024   0.8202
29.5071   1.09527   0.949836
28.8248   1.10981   1.09928
29.9585   1.0813   1.29024
29.985   1.02076   1.49703
29.321   1.00614   1.19957
30.0228   0.973405   1.061
29.5021   0.914507   0.869764
28.7684   0.843181   1.02085
28.8677   0.91388   1.45024
30.2046   0.953663   1.50277
31.6201   0.964364   1.61406
31.0792   0.930576   1.67784
29.9846   0.985958   1.52914
29.1942   0.942825   1.45546
28.8989   0.90822   1.95909
29.6724   0.94965   1.73877
30.0271   0.930056   1.79577
28.8503   0.90336   1.90942
29.6319   0.904918   1.96241
29.2887   0.965201   1.73464
29.1403   0.959524   2.38232
28.0391   0.949919   1.72525
28.4575   0.903931   1.37615
28.4788   0.864393   2.1444
27.9238   0.945866   2.35755
28.3389   0.964268   2.2533
28.6961   0.96484   2.01442
26.776   0.978912   1.24085
27.6336   1.02829   1.47466
25.9062   0.994183   1.28114
24.9032   0.964519   1.61919
24.7027   0.87677   1.559
24.0544   0.883241   1.24402
24.9206   0.917922   1.22664
24.9186   0.962843   0.992608
25.1869   0.990806   0.854806
25.015   1.02054   0.819633
24.1778   1.036   0.623126
26.4073   1.03883   0.782034
23.9438   1.02499   0.819264
23.9453   1.07043   0.345308
26.1203   0.970887   0.0454703
25.5138   0.989154   0.700673
26.9228   0.956749   0.673868
28.0912   0.997832   1.21558
27.6116   0.946048   1.56178
27.6704   0.967017   1.11688
28.0954   0.898509   0.654235
26.4748   0.880949   0.805119
27.1168   0.888505   0.529507
26.9268   0.816135   0.249724
25.9324   0.848776   0.530175
25.0586   0.852323   0.948625
25.9825   0.93913   0.92188
26.095   0.92284   0.904291
25.9756   0.893351   0.953277
26.8822   0.928408   1.27998
28.4205   0.843521   0.734157
29.835   0.868702   0.89913
29.6195   0.848543   1.1774
30.4646   0.757165   0.977431
31.7327   0.744755   1.41287
32.1324   0.720964   1.42431
32.4483   0.729731   1.55076
32.9871   0.697138   1.892
33.1229   0.670177   2.26212
33.5413   0.689502   2.19653
34.5851   0.669453   2.02856
36.3802   0.65916   2.22553
37.7307   0.671209   2.56375
38.5484   0.62736   3.00953
39.6035   0.644793   3.02448
37.9647   0.743126   3.22112
38.332   0.755543   3.34143
39.5418   0.764334   3.26508
39.4482   0.741563   3.18705
40.1132   0.742446   3.07622
40.8905   0.73321   3.15372
40.4145   0.774545   3.10223
41.418   0.811343   2.81576
41.1434   0.812595   2.8034
41.3477   0.82044   2.51163
40.6566   0.853134   2.28478
41.3031   0.8853   2.29726
41.4755   0.857221   2.3711
41.5147   0.838176   2.35763
40.8623   0.820407   2.11481
39.5014   0.779421   1.81135
41.1883   0.731236   1.85369
40.4304   0.675994   1.62185
40.2732   0.71901   1.53834
40.4655   0.716409   1.43377
41.5754   0.798954   0.961181
42.4421   0.777489   0.771728
42.772   0.845057   0.821973
42.2391   0.900027   1.0148
43.3551   0.86433   0.953753
43.1195   0.872579   0.751772
42.9594   0.844042   0.663262
42.7117   0.845922   0.592216
41.9395   0.865352   0.852786
41.8542   0.830486   0.816832
41.2349   0.827171   0.449607
40.409   0.895911   0.161814
40.1832   0.924972   0.528099
41.0502   0.885609   0.54524
40.757   0.814297   0.853412
40.1945   0.87419   0.761137
39.2644   0.919549   0.671668
38.758   0.919952   0.548064
38.7284   0.932198   0.149835
39.0991   0.891321   0.299386
39.11   0.948557   0.371188
38.5748   0.967705   0.406564
38.95   1.03229   0.583711
38.4953   1.04427   0.647564
39.1021   0.968995   0.858522
39.1382   0.925496   0.762274
38.1559   0.871726   0.724468
36.8877   0.886368   0.889849
36.9454   0.874146   0.817572
36.4799   0.872501   0.504388
35.7304   0.913998   0.769639
35.4539   0.87441   0.938657
36.1739   0.859528   1.10826
35.2578   0.850857   1.31799
35.2978   0.775884   1.36463
33.5975   0.879328   1.25006
33.1513   0.934205   1.48221
31.5623   0.987321   1.35553
30.1483   0.953301   1.47665
28.4274   0.854983   1.70052
27.6833   0.892377   1.69516
28.3445   0.788472   1.84282
28.5141   0.800677   1.84522
28.1964   0.752254   1.50455
27.6873   0.774377   1.31357
29.2528   0.765579   1.20828
29.7282   0.798496   1.27462
30.6746   0.775978   1.4595
31.5848   0.749411   1.50674
32.1994   0.685598   1.53866
31.7938   0.673332   1.35331
32.8823   0.726948   1.45304
34.5273   0.765436   1.93097
34.7315   0.710576   2.17067
35.3057   0.696063   1.89168
36.1277   0.759501   2.12697
36.8371   0.680171   2.24022
38.6398   0.747185   2.53066
39.844   0.768531   2.33116
40.1981   0.782728   1.98932
41.2056   0.760934   1.627
40.7668   0.761873   1.4969
39.3323   0.735782   1.23012
38.7037   0.733352   1.50563
37.1156   0.777382   1.65727
38.0368   0.729524   1.38364
39.5569   0.69881   1.05044
39.895   0.707536   0.558205
39.5857   0.668104   0.258344
40.4429   0.683401   0.599963
39.716   0.641327   0.795762
39.1483   0.631413   1.10688
39.7728   0.662024   0.994002
38.5949   0.68171   1.07437
38.179   0.700049   0.875869
37.0856   0.629752   1.10745
37.2286   0.606003   0.967084
36.218   0.609757   1.18182
36.8022   0.605461   1.50596
36.0247   0.630106   1.69672
34.8053   0.618247   1.85224
36.2597   0.646582   1.51055
34.724   0.69192   1.5325
35.8566   0.63973   1.9862
36.2731   0.646479   1.68258
37.1958   0.660525   1.46685
36.583   0.583958   1.87023
36.967   0.592043   1.78088
38.381   0.627652   1.66516
36.4912   0.546514   1.40434
35.7146   0.501997   1.6373
34.1234   0.549541   1.94646
34.9837   0.508705   2.11559
34.9748   0.43681   2.05702
35.7831   0.402156   1.51264
38.1705   0.403418   2.41082
38.4542   0.49749   2.333
38.1185   0.600681   2.15099
39.4182   0.601155   1.96924
41.8874   0.636379   2.12824
40.9543   0.626098   1.89246
40.5097   0.652815   1.87678
40.8639   0.645166   1.78958
41.2691   0.652692   2.06021
41.3638   0.636062   2.2709
43.0868   0.622102   2.39159
43.2499   0.632291   2.7226
43.8376   0.677824   2.2369
44.9064   0.669184   2.1712
43.8081   0.632247   1.82504
45.5922   0.599638   1.84824
46.0735   0.644474   1.62704
46.1235   0.70898   1.74011
45.5255   0.756379   1.59759
44.7338   0.749316   1.47937
46.2447   0.742196   1.48809
46.3436   0.736041   1.32746
46.1804   0.798924   1.59518
46.9586   0.812561   1.94722
48.7855   0.783722   1.8551
48.6665   0.763879   1.78853
48.6321   0.732291   1.46752
49.3401   0.735914   1.49056
48.759   0.758351   1.46677
48.7961   0.733559   1.20627
49.1903   0.763147   1.22087
48.9837   0.786732   1.47805
48.2199   0.775657   1.64876
48.3421   0.745445   1.76517
47.8932   0.709458   1.83541
48.273   0.750376   1.97835
48.6544   0.771186   1.80598
48.006   0.763295   1.85786
47.5247   0.775425   1.72269
49.2594   0.729312   1.83275
49.6448   0.730696   1.8364
50.1808   0.746315   1.47896
50.1058   0.718755   1.35859
51.1011   0.71646   1.49782
51.2125   0.639147   1.66348
53.2063   0.630048   1.78566
51.1669   0.653134   1.46691
49.0531   0.671043   1.71155
50.4108   0.700171   1.4227
49.8675   0.657715   1.43623
50.5135   0.678441   1.44873
50.9665   0.671307   1.50336
49.034   0.669304   1.77301
49.3266   0.668711   1.6627
50.3698   0.726062   1.69107
48.6144   0.810086   1.334
49.5072   0.808691   1.19238
49.5355   0.814197   1.23131
48.339   0.800854   1.30014
48.0856   0.792827   1.63146
49.52   0.802616   1.62007
50.4202   0.80738   1.46035
49.9758   0.776477   1.45047
50.7565   0.783657   1.30083
51.6062   0.754186   1.11819
52.2322   0.737174   1.03047
51.5562   0.756474   0.948932
52.3082   0.766508   0.822196
53.6141   0.78848   0.626752
54.6765   0.806168   0.655587
53.2264   0.808625   0.62622
54.1047   0.843699   0.570158
54.1   0.833725   0.657042
54.1715   0.854977   0.659842
53.6215   0.874122   0.924918
52.0602   0.826641   0.932715
52.1781   0.790441   0.824529
52.4098   0.772534   0.660851
53.1605   0.729734   0.800068
53.9527   0.808113   0.498893
52.1219   0.779166   0.644727
52.8867   0.756466   0.384506
52.0739   0.799936   0.400939
51.137   0.74561   0.396814
50.6992   0.76905   0.403309
49.7665   0.811283   0.20674
49.4157   0.827961   0.329796
49.7258   0.818766   0.229112
49.2847   0.840509   0.263102
49.677   0.866317   0.161688
49.6986   0.827472   6.19229
49.4526   0.842369   0.114865
49.7362   0.848963   6.26221
50.2768   0.884563   6.14798
49.6088   0.89871   6.2088
48.5473   0.892955   0.077611
47.6644   0.899075   6.12545
46.621   0.884589   6.04023
48.9008   0.89852   5.98105
48.377   0.931601   5.81422
47.9309   0.893798   5.98813
46.6851   0.932609   6.11743
46.8579   0.962674   6.07295
46.7742   0.963274   0.0114114
47.1197   0.993136   6.15617
46.4898   0.980557   0.00785348
44.772   0.958445   0.153503
44.9105   0.955873   0.176676
45.2624   0.939939   0.319732
44.4673   0.913582   0.414406
45.2439   0.923932   0.561122
45.0018   0.946366   0.574111
45.3092   0.960396   0.43253
45.7944   0.959628   0.440097
44.6851   0.976481   0.46679
44.1048   0.941972   0.456769
45.1116   0.887398   0.701511
45.3927   0.855561   0.657467
43.086   0.852146   0.436917
44.5492   0.840348   0.30256
44.0818   0.877888   0.307035
43.3287   0.877581   0.167518
42.7267   0.896455   0.296657
42.7295   0.878368   0.318374
42.2226   0.931503   0.143927
42.6139   0.899018   0.320844
43.1657   0.872198   0.784447
41.4271   0.885652   0.836042
42.0418   0.892235   0.827461
41.7108   0.896711   0.579222
41.6906   0.816058   0.393877
42.1092   0.802408   0.65109
42.4896   0.770031   0.946039
42.4013   0.730862   0.727497
42.034   0.730668   0.448199
43.9051   0.720779   0.55842
44.317   0.791218   0.869081
44.3171   0.725199   0.301007
42.7202   0.691228   0.742887
41.5818   0.701092   1.21209
40.2268   0.750094   1.22895
40.8312   0.810844   1.15513
40.2719   0.836481   1.15567
40.0515   0.826242   1.08832
39.0844   0.793756   0.848083
40.0722   0.783974   0.725143
40.9993   0.821977   0.967763
41.3746   0.858092   1.13574
40.4605   0.833646   0.878662
41.1523   0.83212   0.928775
41.2351   0.791448   0.975519
41.3107   0.822367   0.951256
40.9013   0.837839   0.745862
40.6734   0.846647   0.713022
41.4969   0.860002   1.25927
41.7081   0.884535   1.11615
43.1282   0.881525   1.36446
43.8737   0.859924   1.48039
44.3839   0.839639   1.71404
43.8187   0.861372   1.70803
44.0739   0.879523   1.80329
43.9558   0.831629   1.74463
42.4033   0.821168   1.63354
43.7059   0.804909   1.64421
44.5762   0.778611   1.9421
45.1587   0.742909   1.92747
45.3857   0.743388   1.63759
45.2375   0.667885   1.18799
46.3727   0.651481   1.28964
46.4761   0.598612   1.33428
46.5034   0.514634   0.845466
47.2765   0.480264   0.926133
46.4563   0.521459   1.03836
46.1326   0.501204   1.63557
45.4683   0.508857   1.69723
47.0037   0.47713   1.53958
44.7396   0.499965   1.44499
44.4274   0.527873   1.56761
43.5314   0.514308   1.4909
42.9023   0.508373   2.13521
44.2593   0.471494   2.38418
43.0994   0.48624   2.13819
41.5665   0.471362   2.23549
42.0141   0.514192   2.51047
43.8666   0.486329   2.56384
43.7273   0.469006   2.57959
43.011   0.49546   2.44213
43.7241   0.521352   2.54508
43.9606   0.545642   2.75689
42.4792   0.636361   2.85291
40.0717   0.694503   3.28918
38.8272   0.706616   3.35246
39.6542   0.672702   3.54759
39.4546   0.739547   3.4237
39.7347   0.761159   3.5941
40.074   0.821391   3.39965
40.1738   0.804359   3.42377
42.6983   0.816787   3.50481
42.2853   0.847352   3.54124
41.9362   0.906848   3.61978
42.5301   0.938375   3.94472
44.1641   0.882458   4.18183
44.2749   0.933143   4.11942
44.7159   0.936442   4.11858
46.2685   0.910785   4.37029
46.7496   0.915506   4.4445
47.1047   0.899465   4.47834
45.5419   0.860531   4.49938
45.644   0.845145   4.05989
46.1753   0.850375   3.92172
46.4581   0.758491   3.94607
45.4474   0.774145   3.9909
43.1205   0.807832   4.36461
42.3139   0.815109   4.2328
42.4526   0.814711   4.14046
42.7764   0.777527   3.81609
45.3979   0.825923   3.75524
44.0272   0.821938   3.943
44.1468   0.809581   4.06504
42.4944   0.762289   3.87887
42.2681   0.787116   3.68186
42.2673   0.763125   3.74713
42.6195   0.800932   3.54362
43.479   0.760584   3.50261
43.516   0.663922   3.36579
42.0622   0.610072   2.9115
41.7133   0.569842   2.8954
42.6342   0.51904   2.99345
43.1561   0.511706   2.86345
43.4569   0.577334   3.32412
43.0775   0.579873   3.11145
44.0626   0.619111   2.7154
44.7712   0.63973   2.95677
45.8089   0.670371   2.49714
45.3215   0.68301   2.49432
45.9582   0.673124   2.61163
45.3142   0.667974   2.50993
44.7134   0.682468   2.40608
44.8799   0.663452   2.77186
45.1615   0.646607   2.62436
43.0729   0.626769   2.56386
44.8818   0.652755   2.78094
43.0569   0.619951   2.76175
43.7929   0.573314   2.66731
45.0431   0.614695   2.80667
44.0909   0.568258   3.17992
43.133   0.539805   3.37406
44.7319   0.577349   3.07942
44.6773   0.577692   3.07739
42.4837   0.620472   2.89111
40.0299   0.678763   2.70458
39.1718   0.680015   2.5182
38.3971   0.699648   2.13479
38.2586   0.701048   2.09315
36.9065   0.682159   1.96402
36.7996   0.708385   1.36661
37.9522   0.746669   1.15844
38.4803   0.75009   1.24858
37.8917   0.828857   1.56733
38.505   0.857197   1.49596
38.3565   0.844993   1.58804
40.2355   0.924965   1.58581
40.5065   0.891102   1.72801
41.7925   0.867889   1.50336
40.0942   0.849011   1.5064
40.4374   0.777061   1.17501
39.5626   0.751052   1.22072
39.0495   0.773531   1.57341
38.2047   0.843771   1.80162
38.9727   0.870652   2.00442
38.7993   0.885337   2.34479
38.6449   0.925152   2.27246
37.8529   0.887741   2.46578
37.6034   0.906047   2.69494
36.8642   0.903357   2.42779
37.9779   0.925872   2.78483
38.5208   0.849681   2.96425
39.3182   0.876795   2.69953
40.5448   0.906485   2.52592
40.2215   0.881631   2.46386
39.1283   0.871731   2.49891
38.7681   0.879548   2.57219
39.0119   0.893317   2.79645
38.8278   0.908807   2.83938
39.3938   0.898992   2.92988
39.2153   0.958728   2.68976
39.3686   1.00094   2.72653
40.0331   0.950724   2.4504
39.786   0.973032   2.64361
39.3564   0.964936   2.62084
40.2748   0.952026   2.71255
39.6857   0.897909   2.9333
39.5286   0.874153   3.08153
40.6965   0.9515   3.08672
41.1234   0.938649   3.1041
42.2502   0.965566   3.22772
41.2036   0.943874   3.07032
40.3525   1.00141   3.09632
40.3043   0.995412   3.00674
40.5705   0.962798   3.03114
41.4093   0.936972   3.02276
41.9767   0.94272   2.90325
41.4345   0.95158   2.90431
42.3515   0.978748   2.87151
43.3517   0.988784   3.08741
43.6243   0.942035   3.00604
42.0541   0.962616   2.8245
41.7539   0.971665   2.98666
42.7342   0.920363   3.02014
42.3345   0.879563   3.36195
41.7099   0.848178   3.50936
39.9645   0.806254   3.64815
40.444   0.745797   3.78376
39.2599   0.745165   3.51233
39.1672   0.742851   3.3306
38.9945   0.69328   3.37737
39.7005   0.768542   3.1982
39.4194   0.749835   3.32961
37.5742   0.760581   3.54446
37.8889   0.804825   3.51847
37.6992   0.755179   3.34377
38.0899   0.77138   3.22783
37.1402   0.829871   2.99494
36.8025   0.829216   2.9321
36.4336   0.862377   2.97457
36.0092   0.791589   3.2631
35.5736   0.81668   2.76434
37.4618   0.870515   3.21764
35.7466   0.892454   3.23742
33.7301   0.888318   3.51095
32.5916   0.886618   3.39231
30.8608   0.873087   3.57551
31.7853   0.928687   3.38337
31.7098   0.849628   3.06939
31.25   0.921248   3.11313
30.5806   0.977572   2.77318
30.2045   0.955076   2.86586
30.2046   0.987719   2.69372
29.6389   0.874675   2.97219
31.0995   0.760241   3.13888
29.102   0.738624   3.20912
28.0793   0.748802   3.84877
29.2092   0.789203   3.6629
28.5889   0.779437   3.5229
28.1794   0.82827   3.56703
28.3327   0.809385   3.2926
30.2136   0.809457   2.98125
30.8974   0.858385   2.74812
30.6743   0.91544   2.90034
30.1407   0.971523   2.70874
30.6304   0.928284   2.85005
32.2209   0.910467   2.55218
32.3521   0.894957   2.65849
33.439   0.90634   2.79257
33.4924   0.954603   2.82757
34.195   0.997985   2.86276
34.053   0.931812   2.60209
33.9644   0.934107   2.56263
34.2285   0.816889   2.41804
33.79   0.929506   2.25873
33.5252   0.956057   2.46784
33.6511   0.931528   2.44472
33.2769   0.911573   2.19928
33.3417   0.934358   2.23091
32.3958   0.986918   2.19989
31.6203   0.978012   2.38737
33.7164   1.02909   2.26702
33.5728   1.03687   2.44817
33.8015   0.952506   2.26846
32.3891   0.937577   1.81186
30.366   0.889458   1.6197
28.6024   0.864501   1.58472
29.6183   0.86826   1.29551
29.5728   0.900779   1.70649
29.3137   0.894801   2.18342
30.252   0.899512   2.36048
30.398   0.859858   2.12702
31.0331   0.841634   2.15601
30.1986   0.855826   2.31642
31.5599   0.912742   2.28802
33.2278   0.892926   2.53625
33.3857   0.889786   2.96156
33.7846   0.87393   3.18388
34.5819   0.910072   3.44426
35.4261   0.893116   3.61767
35.5349   0.862458   3.72905
35.3652   0.826647   3.77854
36.5854   0.860307   3.26743
37.3308   0.82861   3.46144
36.7825   0.837473   3.1343
37.9046   0.824819   3.37617
39.2133   0.832794   3.43041
38.7429   0.83527   3.31642
38.9735   0.810899   3.31685
39.3887   0.786726   3.14612
39.1622   0.748323   3.23645
38.3788   0.763317   3.34635
37.0635   0.752654   3.86627
35.5417   0.794475   4.02632
37.1034   0.792917   3.78431
36.6443   0.843769   3.83238
37.7496   0.822391   3.99679
37.7575   0.833145   4.18867
37.3607   0.876377   4.23973
37.3986   0.88547   4.1863
39.6352   0.881353   4.29184
38.1824   0.899062   4.44575
37.9782   0.889299   4.44284
37.5853   0.838419   4.44045
38.8867   0.811511   4.42842
39.8289   0.853349   4.35825
40.0682   0.814803   4.33511
40.2515   0.833114   4.42922
41.4098   0.814763   4.3779
40.042   0.836476   4.27373
39.0891   0.85065   4.25544
39.2404   0.873495   4.19062
40.3182   0.858798   3.82718
38.6156   0.83469   3.76656
39.4489   0.836369   3.74899
40.1478   0.856973   3.744
39.0409   0.868607   3.66612
39.3863   0.860067   3.81779
37.8072   0.822574   3.76973
36.7002   0.870091   3.49792
37.3033   0.903638   3.40981
35.6226   0.830084   3.66941
35.5184   0.899831   3.59756
37.0853   0.950898   3.40454
37.9606   0.906726   3.61595
39.5519   0.82585   3.80315
41.5122   0.813177   3.29569
41.6733   0.838207   3.45438
40.5645   0.864513   3.49894
41.3259   0.765077   3.25667
42.076   0.774406   3.54926
43.6617   0.779953   3.65314
43.1927   0.802842   3.76238
42.9752   0.771141   3.80119
43.6493   0.737287   3.78544
43.2655   0.722675   4.18712
42.5757   0.735917   3.96861
42.6766   0.738971   3.90959
42.5046   0.763991   3.94728
42.1987   0.76852   3.78091
42.5795   0.796554   4.08578
42.1264   0.770835   3.90078
41.1003   0.76508   3.62193
41.049   0.703566   3.40349
41.5608   0.736908   3.21917
42.0536   0.751743   3.3237
41.4987   0.737861   3.57129
40.6575   0.731602   3.78919
39.2521   0.73498   3.48869
38.914   0.669539   3.67436
40.0934   0.707527   3.7069
39.4411   0.736226   3.69279
39.5754   0.717445   3.96848
40.9154   0.690941   3.7875
39.6177   0.663239   3.59
39.5486   0.625566   3.73997
40.4167   0.634616   3.55105
40.9926   0.726468   3.64359
41.506   0.703678   3.42679
41.0473   0.700171   3.5099
40.8066   0.697505   3.38843
40.2178   0.714188   3.5671
40.2781   0.699581   3.40959
41.0541   0.710977   3.44927
41.4005   0.728882   3.37205
41.7858   0.748134   3.27434
41.9191   0.807715   2.90736
41.5946   0.815301   2.8109
42.0941   0.855927   2.86288
42.5895   0.807369   3.18686
42.6083   0.82557   3.1735
41.5273   0.837537   3.48558
41.9817   0.887185   3.75312
43.0029   0.896641   3.41407
44.0982   0.893574   3.35596
44.4997   0.924606   3.33092
43.801   0.896267   3.38124
44.6949   0.897702   3.43449
46.9246   0.86338   3.16437
45.5598   0.866157   3.21561
44.1168   0.868611   3.08385
43.3578   0.856505   3.10907
43.9376   0.791662   2.82917
44.7945   0.82458   2.61987
44.266   0.795686   2.77246
44.1183   0.773234   2.87644
44.1914   0.740727   3.19471
44.3464   0.725758   3.17565
43.9611   0.795578   3.21205
44.3154   0.825986   2.74818
44.9401   0.834575   2.8082
46.2033   0.829718   2.63901
45.5879   0.86357   2.61328
46.128   0.893177   2.58015
46.4472   0.923829   2.70045
45.8995   0.875282   2.6316
45.8783   0.873637   2.67276
46.9929   0.825031   2.5208
46.1898   0.813661   2.45373
45.6931   0.811498   2.25711
46.265   0.797109   2.3567
44.2781   0.771745   2.33862
43.2451   0.762951   2.79928
44.0791   0.727502   3.20784
43.7191   0.664213   2.59622
44.2663   0.745898   2.95099
43.6035   0.807236   2.95218
41.6744   0.816367   2.81859
42.3799   0.792199   2.29569
43.0965   0.801731   2.13817
43.2615   0.838564   2.20139
44.0726   0.83546   2.63352
45.5537   0.846039   2.55404
44.5693   0.859703   2.60394
44.3896   0.842736   2.77842
44.3126   0.817873   3.31215
45.1255   0.749965   3.43271
45.6673   0.806367   2.97584
44.3522   0.770352   2.82237
44.7613   0.799013   2.68155
44.713   0.836921   2.68999
44.5337   0.866453   2.65009
45.779   0.853821   2.7024
48.0395   0.926701   2.96145
48.0888   0.948693   2.95473
48.5073   0.865023   3.27696
49.7854   0.832719   3.23479
49.3521   0.82436   3.1377
48.7615   0.872879   3.15624
47.7059   0.886091   3.13791
47.1266   0.944929   3.17693
46.0786   0.934192   3.16167
46.0479   0.90153   3.24566
45.933   0.917875   3.48968
44.5066   0.884557   3.73322
44.4379   0.932459   3.89501
43.4981   0.944393   3.94675
43.1924   0.95758   3.88837
43.7801   0.949746   3.89229
43.0425   0.948107   3.70658
41.8396   0.943157   3.47629
42.0259   0.949362   3.61908
43.8936   0.932931   3.38842
44.9452   0.882772   3.38716
45.5496   0.88038   3.49274
44.7403   0.839054   3.57494
44.1319   0.836973   3.54039
45.4   0.854337   3.53389
43.7481   0.876816   3.8959
45.0788   0.924464   3.84006
44.5843   0.993017   3.89144
42.585   0.968144   3.98755
43.5916   0.965004   4.15874
43.2708   0.933593   4.38723
42.5082   0.895567   4.28461
43.4237   0.8524   4.1655
44.0257   0.84811   4.26248
44.6184   0.877418   4.54372
44.8115   0.889532   4.62895
43.5008   0.884754   4.6051
44.8535   0.835343   4.88611
46.2521   0.85001   5.13121
44.8536   0.849156   5.36821
46.4964   0.863776   5.57724
46.2743   0.901868   5.68098
44.6724   0.871351   5.60056
44.7371   0.885688   6.09927
43.9448   0.843722   5.87669
43.266   0.788349   5.87543
42.7764   0.720029   5.57546
43.1599   0.715083   5.31014
44.2536   0.746342   5.38388
43.8727   0.767756   5.30033
43.3001   0.775606   5.1861
44.2304   0.819461   5.07093
42.6272   0.857419   4.83151
44.8445   0.821877   4.87079
46.4726   0.81533   4.96476
46.05   0.825088   4.78211
45.2163   0.863027   4.94538
45.741   0.863128   4.90982
44.7697   0.825205   4.64548
44.6232   0.811276   4.64225
45.5698   0.806323   4.53577
46.9972   0.80656   4.84269
46.0467   0.808537   4.59127
46.3586   0.831674   4.49396
47.2325   0.822305   4.37905
47.3516   0.882801   4.1441
47.7628   0.819482   4.18105
46.216   0.822105   4.28959
46.4368   0.87223   4.4264
46.1734   0.851533   4.58275
45.8202   0.888639   4.21793
45.7935   0.899148   4.50553
45.7532   0.888529   4.77009
44.819   0.8554   4.73593
44.5459   0.884178   4.77665
44.1605   0.881719   4.79074
42.8438   0.898895   5.08214
43.2666   0.929993   5.58155
44.6018   0.868401   5.36037
45.0253   0.848057   5.54656
45.906   0.914211   5.44327
47.2174   0.941608   5.58938
47.1207   0.996285   5.68279
47.3417   0.960192   5.75172
45.9361   0.916088   5.75627
46.0065   0.88289   5.57559
46.0337   0.85701   5.72523
45.518   0.899883   5.43614
45.8751   0.888676   5.40277
46.1422   0.878529   5.3082
47.7231   0.891645   5.37314
48.1142   0.855882   5.452
48.1093   0.857044   5.42524
48.9217   0.831791   5.26231
50.0997   0.833199   5.12741
51.2839   0.808718   5.1826
51.4439   0.814312   5.32011
51.884   0.825144   5.28051
51.2447   0.840212   5.29829
50.9167   0.866347   5.27203
50.5331   0.876967   4.92261
50.5322   0.836069   5.11591
50.472   0.847312   5.20085
51.8426   0.871699   5.1799
52.4167   0.874624   5.01415
51.7624   0.885997   4.83331
53.308   0.883151   4.83025
54.4033   0.916153   5.01984
55.7534   0.905816   5.16751
54.3045   0.933139   5.29036
54.3073   0.932089   5.19961
53.1488   0.955689   5.2474
53.4939   0.948383   5.2368
53.3041   0.981719   5.21658
54.3225   0.997869   5.01955
53.9267   1.00133   4.81728
54.5662   0.972473   4.72353
55.1312   0.979971   4.7776
56.9938   0.978215   4.93343
55.8364   0.941661   4.87514
56.6672   0.942658   4.86389
55.5199   0.919462   4.85266
56.3654   0.890805   4.79272
56.4028   0.91295   4.91987
55.1688   0.876847   4.86472
56.1539   0.868748   4.77986
54.393   0.875147   4.56094
54.0538   0.883252   4.62003
54.2389   0.89352   4.79816
53.6126   0.874494   4.85879
53.9724   0.865555   5.11142
54.03   0.879409   5.23271
53.5331   0.843952   5.00839
53.2711   0.822617   4.87901
53.5218   0.859135   4.80938
51.6543   0.833182   4.83979
52.8638   0.821574   5.08685
54.0675   0.795803   4.99359
54.9557   0.815694   4.89074
55.9684   0.788982   4.87784
54.9361   0.77463   4.62287
54.3658   0.764592   4.77078
54.5591   0.763604   4.90944
54.7021   0.758366   4.93435
55.2786   0.741715   4.8287
56.2186   0.779712   5.09483
53.8312   0.786111   5.12319
55.1171   0.82409   4.98776
55.7488   0.857285   4.9668
56.7257   0.864138   5.19353
57.1339   0.926067   4.98256
56.9964   0.925403   5.15105
55.721   0.944424   5.05748
55.3427   0.926722   4.96041
55.8502   0.977273   4.80972
54.8894   0.991284   4.79388
55.0828   0.99918   4.67527
55.4757   1.0063   4.50513
56.9657   1.02097   4.17327
58.4911   1.01653   4.15674
58.588   0.982026   4.37902
58.1956   0.963882   4.52554
59.8395   0.918859   4.4045
60.4035   0.960676   4.36653
60.597   0.951564   4.6339
60.2544   0.94864   4.59635
60.8035   0.931061   4.87358
62.4062   0.961657   4.78702
62.5586   0.984247   5.02552
63.525   1.00154   5.08892
62.4719   0.995623   4.95318
60.3084   0.993947   5.21738
60.0843   1.02715   5.18391
60.6013   1.00648   5.33932
60.2751   1.0351   5.28857
61.1054   1.05919   5.41656
60.924   1.0492   5.62473
60.7396   1.02694   5.58568
61.584   1.02557   5.61443
60.7301   1.05704   5.42979
59.9085   1.01963   5.27342
59.9518   0.98468   5.36805
59.3385   0.979156   5.39728
59.7208   0.957154   5.50916
59.7309   0.96721   5.29774
60.3049   0.96308   5.46421
60.6748   0.908364   5.39576
61.3923   0.877869   5.26104
61.8143   0.894316   5.44019
62.3615   0.910483   5.50012
63.4594   0.904034   5.54274
62.5589   0.886271   5.4518
63.1062   0.872701   5.44397
63.4997   0.86874   5.25152
64.277   0.896691   5.40117
65.126   0.911321   5.4425
65.13   0.933137   5.53248
65.4515   0.948773   5.56485
67.3291   0.960002   5.34058
66.4515   0.939157   5.25907
67.6094   0.983437   5.41059
68.1635   0.963744   5.25034
67.977   0.960029   5.31425
66.8749   0.936161   5.34031
67.9425   0.92165   5.48373
69.3316   0.924298   5.45166
68.8189   0.900194   5.35697
69.6987   0.926365   5.29528
69.9796   0.917005   5.43881
70.9211   0.899172   5.34831
69.7913   0.872669   5.42304
68.1985   0.833505   5.51945
68.2938   0.843777   5.47393
68.5758   0.873469   5.65106
67.1486   0.870648   5.64088
66.5258   0.889622   5.77829
65.3013   0.860746   5.53085
65.4487   0.920151   5.49903
65.3497   0.884001   5.4821
64.8473   0.850676   5.66945
65.531   0.844458   5.65005
64.6443   0.840185   5.56183
65.2856   0.843497   5.52984
65.2324   0.860128   5.51274
63.7754   0.900946   5.53854
62.2251   0.898652   5.66004
62.9742   0.881481   5.6246
62.0136   0.859183   5.86367
61.2012   0.883421   5.77619
59.302   0.907126   6.00162
59.5147   0.874936   5.9369
60.8778   0.912164   6.08876
61.6667   0.911597   6.23522
62.9015   0.87549   0.2162
61.3925   0.862407   0.0218931
61.1948   0.853894   0.143315
60.8891   0.892907   6.25416
60.7529   0.885058   0.125741
60.9265   0.90382   0.215571
60.8872   0.87585   0.177689
60.6697   0.838238   0.453503
60.6813   0.76681   0.394943
61.2088   0.759293   0.342472
59.3026   0.76137   0.347801
59.6727   0.750728   0.28429
58.1913   0.818573   0.189932
57.2222   0.846913   0.333434
57.9328   0.853266   0.285376
58.7995   0.83797   0.296557
58.0717   0.88494   0.197298
57.2164   0.86506   0.411502
57.8242   0.877896   0.49801
58.8649   0.860884   0.477257
58.6286   0.863292   0.504869
58.3702   0.851665   0.701779
60.0073   0.858627   0.602047
57.8063   0.913823   0.615515
58.4097   0.909657   0.720317
59.8639   0.904369   0.69961
61.8272   0.917015   0.480892
61.9326   0.924851   0.269462
61.7667   0.923332   0.0721754
62.1586   0.920873   0.189519
62.2238   0.898663   0.0331929
61.5857   0.842915   0.178265
60.3122   0.834126   0.0852953
59.8758   0.826053   0.238579
60.8398   0.840881   0.166642
61.6284   0.858281   0.303234
61.9199   0.844705   0.038933
61.3629   0.82729   0.217056
60.7653   0.852461   0.377168
59.9267   0.812339   0.201292
59.6679   0.812535   0.200343
58.6828   0.788863   0.0621485
58.5576   0.765008   0.0232913
57.6061   0.770092   6.2095
59.0796   0.770485   6.11041
58.3036   0.811438   6.08908
59.8284   0.858333   6.22005
60.0611   0.843971   6.08361
59.5511   0.861228   5.83162
58.1441   0.856733   5.80402
56.4088   0.826608   5.9156
56.9838   0.81253   5.8497
56.1167   0.784547   5.78573
55.3912   0.780155   6.221
55.3444   0.775427   0.018588
55.6261   0.786132   0.120796
55.992   0.751449   0.0640476
55.4528   0.756811   0.131846
55.4267   0.796707   0.19264
54.9124   0.763005   6.08926
53.9983   0.752421   5.80559
55.281   0.783411   5.9964
54.1654   0.805689   5.94684
55.6212   0.823608   5.92115
56.2268   0.800867   5.80753
54.7936   0.742646   5.6394
55.7715   0.78741   5.72995
56.545   0.764395   5.71725
57.3568   0.768285   5.56723
56.7745   0.72266   5.33971
56.5713   0.762632   5.63639
56.3802   0.79852   5.68741
57.1697   0.800061   5.68163
57.9657   0.840745   5.74072
57.4177   0.811453   5.99959
57.1355   0.839444   6.15705
55.8954   0.858143   5.99303
55.2179   0.810236   5.73875
54.952   0.819295   5.62295
55.2356   0.822758   5.3145
55.7244   0.878994   5.49012
54.3134   0.921089   5.262
54.3017   0.954824   5.1025
54.211   0.913369   5.40179
53.128   0.912774   5.366
53.0621   0.924123   5.31037
53.2438   0.8897   5.18858
53.8328   0.914704   5.04498
55.1008   0.919196   5.15453
55.2206   0.876848   5.22538
54.7441   0.843656   5.38213
52.6236   0.85027   5.3944
53.6704   0.830716   5.17108
54.1957   0.889551   4.97294
54.8085   0.857621   4.80502
56.3673   0.863052   4.5987
56.9927   0.884626   4.55025
57.6239   0.870032   4.56616
56.6919   0.869442   4.62171
56.3289   0.885185   4.63785
56.0436   0.889131   4.49182
56.1462   0.882583   4.40698
54.5444   0.901528   4.33411
54.1828   0.933566   4.33573
54.1803   0.950907   4.19359
54.1172   0.959498   4.25735
52.8512   0.95143   4.08414
51.5086   0.946381   4.14292
52.8883   0.901475   4.21275
54.1477   0.881615   4.22342
52.9436   0.909553   4.06801
53.8727   0.907033   3.9274
54.1726   0.89738   3.59002
53.1283   0.890505   3.70224
53.4336   0.861257   3.88166
53.3359   0.867424   3.77737
53.5872   0.894335   3.71458
51.9131   0.864439   3.75384
52.5049   0.857668   3.82631
51.8632   0.886197   3.85987
52.8735   0.910749   3.80479
53.9018   0.879986   3.88725
54.4196   0.868707   4.01644
54.0686   0.882954   3.92444
52.7191   0.858787   4.06489
51.0609   0.876743   3.76169
48.4302   0.817183   3.91833
49.1442   0.804011   3.67787
48.9547   0.822865   3.27948
48.8965   0.87959   3.17256
49.6371   0.837712   3.27787
49.3698   0.904265   3.07016
48.2917   0.935445   3.11096
47.6358   0.888102   2.97529
48.3353   0.845473   3.03733
49.036   0.845222   3.20367
49.6447   0.833195   3.15409
49.3911   0.816347   3.07768
50.0458   0.806473   3.06437
50.2667   0.860514   3.14359
50.2692   0.890743   3.08296
50.0852   0.961049   3.22527
49.8857   0.946201   3.23694
49.5975   0.973125   3.27409
50.4584   0.990027   3.17072
50.9738   0.994432   3.09786
50.6967   0.995123   3.04111
49.1627   0.998459   3.02093
48.6018   0.951982   3.20914
47.4157   0.897124   3.08779
46.2076   0.908478   3.25691
47.6473   0.883398   3.05474
47.3639   0.842468   3.00013
46.5107   0.903996   2.72507
47.1243   0.886069   2.92907
47.3166   0.875183   2.86177
47.5865   0.871871   2.87291
47.4062   0.836691   3.035
46.9462   0.863892   3.20247
47.385   0.843331   3.43897
47.556   0.84421   3.49785
46.6481   0.862985   3.439
47.0359   0.870678   3.36084
47.0677   0.85685   3.28287
45.6055   0.854746   3.12438
46.2497   0.800444   2.87638
47.3751   0.848062   2.8317
48.3682   0.826339   2.83884
48.0622   0.783727   2.52994
49.0684   0.753019   2.45175
49.7485   0.704452   2.39695
50.8146   0.662727   2.36318
50.1026   0.639665   2.28196
50.7055   0.702995   2.40858
49.834   0.694866   2.63084
49.865   0.70552   2.64631
51.2736   0.723554   2.81632
49.8749   0.713669   2.81104
51.4366   0.759124   2.61079
50.584   0.804535   2.79098
50.5854   0.806731   2.78527
51.0465   0.838818   2.82075
49.8393   0.847232   2.44776
48.7914   0.822641   2.57144
47.2851   0.830242   2.50427
48.1096   0.852716   2.41584
49.2307   0.811992   2.10657
49.4636   0.849097   2.25975
49.8508   0.82798   2.21807
49.2363   0.860735   2.33265
49.4416   0.829512   2.13381
48.9061   0.840532   2.07336
49.2756   0.821864   1.95458
49.6895   0.822842   2.13968
51.4246   0.799816   2.10747
51.9688   0.815525   2.00334
51.9442   0.818637   2.14136
52.1095   0.787018   1.84986
51.7487   0.780779   1.82439
49.0783   0.767955   1.69684
49.2963   0.784526   1.71287
49.3816   0.803046   1.90128
49.4189   0.823123   1.61372
50.001   0.794209   1.64333
49.7129   0.82885   1.45534
50.1082   0.811841   1.51306
50.954   0.820302   1.57047
51.8226   0.826066   1.4265
50.5987   0.787713   1.465
49.6531   0.767144   1.61005
50.7709   0.758174   1.74145
50.7922   0.747608   1.93012
50.2885   0.76094   2.13567
49.9518   0.765233   2.10452
48.6197   0.765938   2.01153
47.114   0.735917   2.04708
48.7004   0.734767   1.78111
48.7425   0.761488   2.06419
49.2444   0.821528   2.09871
49.1675   0.845298   2.11376
49.4476   0.807671   1.91193
50.9167   0.842447   1.88279
50.617   0.859241   1.98
50.1235   0.84729   1.88422
50.6695   0.812083   1.61438
50.5196   0.784864   1.51435
49.809   0.809303   1.36264
49.4328   0.803953   1.44962
50.0989   0.756792   1.17197
50.2013   0.761652   1.00084
49.4547   0.769396   1.079
48.9258   0.756308   1.34882
48.3895   0.757637   1.66522
47.9088   0.782413   1.52174
46.981   0.832228   1.54979
47.3349   0.789209   1.61254
46.5316   0.882417   1.66541
47.2628   0.805673   1.79109
47.755   0.77809   1.75243
47.7879   0.766103   1.59371
48.6857   0.759901   1.59719
47.9852   0.703592   1.57072
48.6418   0.730907   1.3852
49.6349   0.710957   1.0784
49.9414   0.652014   1.14149
51.4182   0.658651   1.00033
52.717   0.654883   0.996314
52.3881   0.704468   1.10639
52.6428   0.703214   0.881824
53.7892   0.716517   1.02315
53.7725   0.769352   0.978387
54.7082   0.784855   1.09672
54.6713   0.745666   1.02047
55.3678   0.752824   1.00704
54.8595   0.756286   1.24702
55.0163   0.740064   0.928972
56.4064   0.717569   1.01226
56.864   0.719183   1.13802
57.0453   0.721455   0.815556
56.8396   0.744745   1.05688
58.5084   0.772629   0.850214
57.9121   0.823779   0.992056
57.6021   0.844552   0.949115
57.8543   0.863521   1.21946
57.5262   0.845653   1.42597
57.6888   0.841788   1.40721
57.8254   0.857857   1.60544
56.0392   0.896342   1.56398
56.2292   0.883635   1.50035
55.3011   0.91071   1.6076
54.7893   0.950214   1.72565
55.7887   0.948375   1.61779
54.7706   0.928136   1.429
53.3906   0.91583   1.43586
53.1743   0.933547   1.4512
52.9306   0.945883   1.32435
54.1232   0.929612   1.04833
53.2478   0.879894   1.24007
53.924   0.822813   1.3452
51.4054   0.846217   1.33854
50.7442   0.802651   1.06856
51.4768   0.779475   1.13768
52.2652   0.797453   1.05441
52.25   0.804204   1.02005
51.4382   0.840965   0.967305
53.1162   0.851692   1.29264
52.3447   0.876453   1.29476
53.6253   0.870709   1.44487
52.5186   0.884109   1.57839
53.8259   0.872745   1.40101
52.8738   0.856381   1.4886
52.7943   0.881663   1.5442
52.9185   0.896801   1.65261
55.2024   0.899444   1.48907
56.3133   0.883104   1.19574
56.7301   0.875381   1.13821
54.714   0.859837   0.866113
54.0197   0.835507   0.816348
53.8013   0.794373   0.926081
54.3729   0.764551   0.736335
54.2173   0.800467   0.925891
54.5752   0.812631   0.904606
53.2047   0.826238   1.19298
52.7865   0.841904   1.3581
54.0455   0.825489   1.40317
54.3612   0.795222   1.55556
53.9631   0.792976   1.46225
53.0746   0.75696   1.26831
50.8804   0.793311   1.10112
51.688   0.795146   1.62177
52.0434   0.78657   1.40759
52.5628   0.740245   1.22052
52.0431   0.733346   1.45846
52.4354   0.751062   1.57784
51.65   0.673686   1.45019
51.2213   0.705905   1.38624
51.6712   0.695843   1.24922
52.7042   0.727382   1.5366
53.2784   0.757106   1.37209
53.9088   0.786617   1.28249
53.5961   0.783789   0.924903
54.137   0.762282   0.93606
55.8177   0.731113   1.29616
54.0411   0.713481   0.91334
55.7399   0.690879   0.705012
54.5402   0.721926   0.720746
56.4138   0.761573   0.65287
56.4662   0.780207   0.638009
56.2352   0.756732   0.463069
56.2912   0.730066   0.477229
56.5593   0.711922   0.647667
57.0949   0.640603   0.347581
56.2196   0.624748   0.565865
57.7182   0.623358   0.301241
57.2772   0.612707   0.050312
56.7126   0.632909   6.19617
57.6802   0.595208   0.402837
58.9555   0.610891   0.438461
57.7133   0.621082   0.746162
58.9721   0.652179   0.571634
59.3323   0.679023   0.513489
59.4683   0.679794   0.45058
59.7681   0.658064   0.393594
59.7806   0.709671   0.471669
60.668   0.657245   0.515567
60.0638   0.705772   0.486707
60.7425   0.69538   0.75237
62.8366   0.718755   0.744722
63.3653   0.715459   0.670859
64.069   0.760329   0.64872
64.1175   0.784561   0.504015
61.7954   0.724793   0.256258
61.319   0.696802   6.20808
62.1297   0.717787   6.24666
62.6245   0.713653   0.206121
63.1453   0.732781   0.268828
63.344   0.720509   0.277622
64.2039   0.727879   0.249783
64.6819   0.762453   0.298147
63.5878   0.801144   0.154354
61.7774   0.82623   0.338793
61.2883   0.834303   0.295621
62.4585   0.828381   0.303414
62.3424   0.823867   0.20524
63.2012   0.827664   0.0273724
64.4457   0.775105   6.10644
64.9664   0.774892   6.28297
65.0651   0.777753   0.0457492
65.7009   0.747106   0.0377139
66.6345   0.744538   0.156526
66.2045   0.775942   0.173971
65.7963   0.71345   0.215957
66.2555   0.735475   0.489721
67.4826   0.754033   0.359282
67.0153   0.759059   0.46539
68.6848   0.744098   0.506565
69.7594   0.765946   0.328144
69.482   0.747182   0.163929
68.6213   0.772293   0.200064
67.8059   0.766233   0.258814
67.6894   0.794173   0.266461
67.2603   0.793474   0.356875
68.4548   0.77391   0.304564
67.4173   0.736436   0.33221
65.5467   0.736797   0.26234
65.0585   0.740471   0.236511
63.6132   0.759271   0.299527
63.0456   0.77167   0.114471
63.2759   0.77986   0.208481
63.7943   0.774506   0.287154
64.1177   0.785972   0.396393
61.4025   0.801191   0.565025
61.4751   0.858511   0.738165
60.0893   0.820032   0.995679
60.3149   0.842969   0.749096
59.6427   0.893626   0.541774
60.1359   0.884159   0.438026
58.8963   0.896673   0.22892
58.7948   0.908193   0.544135
58.4424   0.862837   0.454717
60.0941   0.838653   0.521642
58.9837   0.851257   0.607828
59.2598   0.847329   0.674597
57.636   0.82579   0.454189
56.3131   0.828052   0.493812
54.1156   0.79512   0.471647
52.0267   0.82315   0.509683
53.0279   0.796481   0.610138
53.2273   0.79636   0.647236
53.5437   0.777368   0.631852
52.3338   0.763204   0.775002
52.5647   0.792849   0.81601
53.0533   0.760581   1.08506
52.6054   0.757666   1.00608
50.4151   0.755477   1.48449
49.8987   0.737902   1.44712
51.4173   0.76529   1.52333
51.3946   0.754784   1.64145
51.2433   0.781907   1.64402
51.7118   0.770638   1.89832
51.4015   0.77887   2.04979
51.2866   0.810085   2.07417
50.7059   0.784255   1.93681
52.5949   0.811635   2.16314
53.155   0.758809   2.03486
52.6977   0.767022   2.01486
52.5713   0.766892   1.93899
51.928   0.771351   1.89513
52.1657   0.7844   1.73329
52.0636   0.827491   1.90328
52.1182   0.883172   1.79412
52.2628   0.848655   1.83426
52.1653   0.844504   1.81732
50.2757   0.845296   1.87941
50.9971   0.901947   2.16109
50.4728   0.889787   2.09694
49.3189   0.878907   2.09282
49.2653   0.895487   1.97842
49.4449   0.918731   1.88839
48.9831   0.906536   1.69791
47.5681   0.884411   1.91953
46.7148   0.857572   2.03662
46.8822   0.849664   1.92594
46.1749   0.831043   1.90482
44.4095   0.852184   2.16796
45.1761   0.874528   2.37961
44.6402   0.90267   2.29245
44.6931   0.870831   2.49256
45.371   0.859644   2.62915
44.4502   0.818514   2.87192
45.2347   0.794324   2.66175
45.9705   0.85953   2.70716
45.2548   0.852797   2.85023
45.5171   0.835341   2.75121
46.1266   0.868144   3.11275
47.2014   0.874988   3.16049
46.0677   0.863757   3.23206
44.5527   0.867761   3.30709
45.3865   0.842505   3.2248
45.6129   0.836772   3.07695
44.7741   0.834405   2.78246
47.0225   0.84472   2.80264
45.8342   0.853697   2.8256
44.0054   0.890355   3.07907
44.3653   0.874001   3.18581
44.5433   0.845561   3.38386
45.5355   0.859272   3.33541
44.5068   0.834423   3.21723
44.8529   0.886466   3.17775
43.4679   0.893922   3.25758
44.0909   0.836959   3.30117
44.2052   0.884015   3.30635
42.007   0.856646   3.34668
41.2265   0.868859   3.33086
40.8638   0.898771   3.25763
41.4685   0.91272   3.01459
39.8525   0.971182   2.91259
39.9218   0.939973   3.32092
41.5959   1.00319   3.49421
42.0907   0.966995   3.70589
40.3564   0.953881   3.64535
40.6624   0.920166   3.58548
38.2907   0.857368   3.67434
38.5796   0.92339   3.06416
41.0067   0.848492   3.13085
42.0183   0.866404   3.36481
42.867   0.860298   3.40038
43.5767   0.869019   3.22469
42.6578   0.903326   3.36457
42.9634   0.906678   3.22321
42.6815   0.920498   3.06855
42.4588   0.889372   2.93282
43.3206   0.913242   2.87805
43.5725   0.902025   3.06171
42.8226   0.918902   3.19094
42.749   0.891242   2.88082
42.3308   0.871517   2.61823
42.7054   0.883645   2.91282
42.6665   0.898441   3.23006
42.9574   0.910743   3.33567
43.1968   0.863835   3.45166
43.0145   0.910207   3.36571
43.2979   0.930052   3.46872
41.8562   0.863873   3.47661
42.5981   0.882878   3.29039
42.6936   0.849506   3.18446
42.4744   0.839869   2.88044
42.3959   0.819097   2.57781
41.9111   0.853013   2.14532
42.6665   0.89948   2.10057
42.4202   0.90813   2.29541
40.611   0.854451   2.45515
39.4918   0.797532   2.42855
38.3122   0.819205   2.81518
37.8166   0.784861   3.13666
37.7952   0.83853   3.01812
39.3313   0.773888   3.26493
38.5824   0.743245   3.08802
38.5146   0.825041   3.30716
37.0301   0.871523   3.09199
37.2035   0.914132   3.15001
37.7296   0.909543   3.20251
38.233   0.87969   3.30131
38.0358   0.887982   3.31997
36.8107   0.823511   2.97749
37.1154   0.82824   3.30696
37.4867   0.895463   2.84886
37.736   0.913058   3.01542
37.7813   0.894622   2.95278
38.1102   0.848675   3.1117
37.1895   0.889673   3.20567
37.0727   0.868458   3.46852
36.8559   0.887092   3.66612
36.9139   0.867666   3.85595
37.9293   0.841814   3.75315
38.2705   0.834217   3.94385
39.4945   0.804765   3.99125
39.7988   0.783044   4.14997
39.009   0.869002   4.0893
38.1269   0.865563   4.10331
37.7803   0.905532   3.84647
37.9154   0.848234   3.23401
38.8775   0.86764   3.36728
39.1361   0.846248   3.41868
39.9057   0.909138   3.31205
40.1374   0.876025   3.47893
40.6626   0.874863   3.43608
39.3978   0.84597   3.07865
39.7243   0.83527   3.43769
39.5468   0.86762   3.44244
40.0905   0.815612   3.47859
39.3761   0.795281   3.33058
39.3256   0.781827   3.06809
38.3028   0.814116   3.16783
38.9028   0.842202   3.11161
39.091   0.824024   3.15787
39.3421   0.801532   3.32225
39.6932   0.831095   3.38799
39.0253   0.867512   3.49201
39.7898   0.847492   3.67682
38.9145   0.833013   3.42471
37.8814   0.925204   3.34105
38.1748   0.967713   3.69465
39.8599   0.944239   3.56135
41.5477   0.905456   3.73879
41.1322   0.888844   3.7756
39.7383   0.84621   4.00358
38.2327   0.886584   4.03952
37.2356   0.919196   4.01657
37.3104   0.901993   3.65344
37.7428   0.835422   3.39726
36.7129   0.839255   3.08837
38.5395   0.854347   2.96115
39.2951   0.913671   3.05551
39.6885   0.863546   3.46969
38.2496   0.880721   3.8336
37.4756   0.920022   3.97661
38.1336   0.939072   4.18297
37.9698   0.923387   4.06812
37.4107   0.934364   3.98641
36.645   0.936106   3.94891
37.257   0.893662   3.69639
37.4906   0.909885   3.86776
37.0721   0.876116   3.32934
37.874   0.891409   3.49738
37.4348   0.935634   3.66903
37.6461   0.981991   3.97856
38.8695   0.973706   4.08304
39.6676   0.955904   4.20002
42.0179   0.972721   4.36139
42.1708   0.9749   4.48114
42.095   0.979949   4.71029
41.947   0.955027   4.96656
40.6809   0.961843   5.21641
40.2045   0.932983   5.28115
40.8312   0.996997   5.23228
38.9736   1.02555   5.01585
39.3011   0.983233   5.04899
37.8155   0.993113   4.92943
36.7016   0.926076   5.12076
35.1728   0.940293   5.0347
34.2528   0.914696   5.16296
33.7119   0.936805   4.68259
35.3708   0.986845   4.5072
36.8669   1.00243   4.32031
35.6371   0.978785   4.31589
35.5032   1.02611   4.32946
35.658   1.06649   4.58035
36.5973   1.02716   4.37642
37.344   0.970141   4.66923
37.1523   1.0214   4.73716
36.4186   0.942173   4.47729
34.9799   0.92346   4.62451
34.8274   0.923965   4.59852
35.9292   0.916842   4.80058
34.9435   0.860637   4.55008
34.413   0.928047   4.6213
33.5147   0.989896   4.71843
33.6311   0.885313   5.02977
32.9666   0.868652   5.15575
35.755   0.82334   5.05468
35.653   0.827535   4.67361
36.4924   0.788965   4.21417
35.1715   0.799459   4.28274
35.7031   0.831624   4.42632
37.1385   0.794074   4.78335
35.2972   0.899289   5.0753
34.8438   0.963416   4.93694
33.7086   1.00252   4.98983
34.1177   0.991787   5.12909
32.24   1.03636   4.90774
30.5301   1.02318   4.78799
30.3844   0.891717   4.52928
29.7538   0.928354   4.30081
28.7812   0.865027   4.34329
29.1716   0.873571   4.38836
29.0735   0.899114   4.45719
29.9117   0.886474   4.49649
29.7507   0.807175   4.71784
29.7102   0.784883   4.7962
29.6532   0.719887   4.02132
28.405   0.746059   3.96415
29.6626   0.668526   3.96568
29.685   0.643775   4.59691
30.9726   0.570731   4.64335
32.3089   0.528592   4.6623
31.5403   0.550348   4.99198
32.0361   0.47624   5.64172
30.12   0.474426   6.05133
33.236   0.502151   5.75837
33.588   0.530492   5.81472
33.9286   0.517282   6.04313
35.0207   0.558378   6.21365
36.5032   0.570188   0.149746
35.1866   0.624751   5.94073
34.1647   0.603406   0.311708
34.1522   0.706404   0.843925
34.2778   0.809567   0.713035
34.78   0.804156   1.01231
33.519   0.779946   0.964804
34.4262   0.755375   0.794542
35.0207   0.7267   0.685169
35.0121   0.74504   0.741827
36.9196   0.745485   0.596075
36.9289   0.769421   0.451666
37.8163   0.755076   0.60427
38.3898   0.799338   0.188717
38.4292   0.772869   0.0357268
38.966   0.733282   5.77392
37.0119   0.719001   5.12989
38.3781   0.709909   4.93915
38.4315   0.70605   4.60939
38.4935   0.655204   4.59079
39.0576   0.61039   4.86216
38.5238   0.650005   4.69478
37.1501   0.689279   4.3965
39.055   0.683007   4.38714
37.1991   0.670478   4.32832
35.159   0.686507   4.24262
34.5163   0.688414   4.30386
34.0066   0.626154   4.42658
33.9594   0.607087   4.46953
35.2076   0.565747   4.57406
36.9483   0.561961   4.48816
36.4872   0.62711   4.68323
36.1353   0.705216   4.3714
34.9996   0.703448   4.18801
33.6969   0.625139   3.99938
34.0885   0.666299   4.51309
35.9888   0.631862   4.67937
35.8144   0.571087   4.70857
33.1343   0.569529   4.32012
32.3734   0.55415   4.23004
33.0852   0.621747   4.1332
33.3086   0.584559   3.63131
32.5481   0.571623   4.17357
32.8829   0.575881   4.35814
32.954   0.556334   4.50596
32.2709   0.568156   4.93972
31.8504   0.660341   5.16461
33.6899   0.728026   5.39242
32.4687   0.686204   5.0709
30.7849   0.673307   5.17338
31.5227   0.70884   5.68045
31.4972   0.766221   5.93695
33.3597   0.695012   5.98378
32.0717   0.704212   5.69354
30.3924   0.714006   5.58673
30.0185   0.688248   5.52767
29.8847   0.752096   5.0926
31.0169   0.754238   5.21473
30.2289   0.809297   5.09445
30.9185   0.764658   4.93496
31.4468   0.721055   5.19713
29.8924   0.707736   5.07359
28.475   0.738934   5.58245
28.7827   0.696432   5.50289
29.0858   0.705042   6.23149
29.831   0.643237   0.0777688
30.1312   0.640232   6.09947
27.8354   0.71006   0.0446483
28.633   0.673353   5.65543
29.9666   0.752667   5.74999
32.0114   0.738531   5.84425
32.5594   0.78859   0.0114735
32.8342   0.731923   6.19126
32.8582   0.800099   6.22858
31.9017   0.850687   0.180151
30.4208   0.9667   0.305238
31.5789   1.01045   0.728938
33.615   1.00741   0.757516
32.8732   0.977294   0.391579
32.7927   0.96546   0.19537
33.2264   0.960487   0.309496
32.3261   0.903636   0.35364
32.3396   0.897387   0.340131
31.7589   0.828944   0.265209
31.7594   0.827182   0.510057
31.1974   0.890834   0.555603
32.3603   0.884221   0.775949
34.1083   0.949341   0.480579
31.9537   0.916498   0.437063
31.7063   0.878484   0.62183
29.9568   0.86411   0.727742
29.381   1.00139   0.808239
27.0057   0.873254   0.884469
27.7221   0.873578   0.766393
27.1448   0.826639   1.16692
27.3998   0.813272   1.24526
27.5317   0.790479   1.21896
27.6605   0.779653   1.46752
26.464   0.751048   1.4034
25.6741   0.849371   1.6618
26.1265   0.874144   1.88117
24.6132   0.822733   2.38762
25.1664   0.866646   2.68364
26.1445   0.844342   2.04791
25.1811   0.882072   1.86408
23.3296   0.827052   1.76332
21.0618   0.711778   0.986446
20.6208   0.744543   0.995884
19.7604   0.594258   1.18
18.55   0.584669   6.26493
20.0321   0.635038   0.699526
20.2696   0.572281   0.67292
19.8873   0.568076   0.908827
18.2821   0.623082   1.43686
17.4979   0.788045   1.21399
17.6251   0.633048   1.3258
19.7185   0.640532   0.739335
19.1616   0.6013   0.133934
21.5938   0.604869   0.679038
23.5174   0.651808   0.568661
22.2892   0.706692   0.45433
23.532   0.82112   0.241778
24.4323   0.877875   0.739821
24.3009   0.849052   0.53244
24.929   0.865299   0.203572
25.6658   0.911061   6.25236
24.4871   0.97802   0.0189407
24.1781   1.07056   5.77766
23.9603   1.05917   5.58537
23.2022   0.983362   6.00552
23.0698   0.962062   5.7103
21.4016   0.892395   5.57385
21.1281   0.846453   5.46279
20.0952   0.746442   6.06915
19.944   0.811455   5.9385
19.1254   0.707687   0.0317781
20.2302   0.728528   0.917094
18.4391   0.77108   1.37541
19.081   0.815286   1.86274
20.7692   0.664926   1.47054
18.8897   0.763546   1.4047
18.6449   0.666988   1.16812
18.02   0.678967   1.23791
17.7294   0.659144   1.91767
16.4174   0.740481   1.61085
17.6266   0.614908   2.30071
15.9605   0.813488   3.03594
16.0515   0.770184   3.10394
18.6065   0.697375   2.28575
16.6334   0.832688   2.77959
16.6244   0.767052   2.63381
15.0138   0.660238   3.18174
15.1115   0.760936   3.90644
13.0738   0.874475   4.1499
11.6649   0.851077   3.56257
12.8239   0.919108   3.6769
13.3793   0.830314   3.62103
12.0137   0.833122   4.21344
11.4937   0.814601   3.75233
11.9434   1.00307   3.42131
14.158   0.849347   3.81992
14.1303   0.75859   3.81042
14.1322   0.914838   4.24146
13.2157   0.955471   4.03994
13.7304   0.804427   2.68094
11.8013   0.716022   4.15898
11.0678   0.776332   4.62385
11.3644   0.932292   4.86486
11.7615   0.855971   5.02832
13.8808   0.935462   4.82249
15.3559   0.757425   4.71893
15.7638   0.676102   4.40503
16.2366   0.743866   3.42469
15.0652   0.892237   4.54136
15.3125   0.864512   4.14445
17.1947   0.856324   4.87802
16.1348   0.793398   4.3985
16.9888   0.807533   3.93158
16.7411   0.846804   4.08681
16.234   0.85072   4.73335
14.4313   0.969678   5.22149
13.1916   1.05513   5.6147
14.2412   0.976391   5.50621
15.5744   1.06473   5.66893
16.3499   0.910238   4.82581
16.5452   1.00715   5.365
18.1687   0.911289   5.64258
18.6249   0.962077   6.25663
17.5201   0.922612   0.446889
17.012   0.932014   0.723408
17.3899   0.919852   5.87268
16.6183   0.880971   0.255957
14.4124   0.957162   0.782207
14.4187   1.00392   0.401985
15.4801   0.991845   0.125589
13.9239   0.757817   0.256421
14.3643   0.835135   1.26863
16.9542   0.718824   1.69639
17.3905   0.775514   1.86244
18.753   0.780061   1.28801
18.8402   0.874882   1.30023
19.1952   0.864169   0.717909
21.1526   0.799676   0.0682974
20.5447   0.879138   0.107563
21.1292   0.955407   0.384346
20.2318   0.905025   0.489827
20.6996   0.847799   0.99446
19.5125   0.754334   1.47338
19.4153   0.829871   1.29995
19.5936   0.788106   0.58139
19.4022   0.838661   0.43451
20.7564   0.768196   1.1863
22.2949   0.804384   1.40468
23.6951   0.876108   1.90902
25.0404   0.892676   2.28632
24.0552   0.876088   1.97298
24.8247   0.867917   1.93028
24.6839   0.90686   1.74367
24.4679   0.809917   2.02656
25.0154   0.823142   2.20581
26.2361   0.777946   1.59664
26.1093   0.810883   1.9724
25.292   0.819074   2.44642
26.591   0.801271   2.25136
26.3002   0.829336   2.13554
27.1043   0.868341   2.07786
25.6355   0.810572   1.69636
24.7602   0.755744   1.19928
25.677   0.755395   1.45486
24.9653   0.752707   1.33267
23.8177   0.769295   1.58158
23.3996   0.838038   1.6672
24.6102   0.969398   1.84918
23.3822   1.11995   2.69016
23.7843   1.08972   2.56189
22.0412   1.06924   2.10745
22.12   0.978972   1.74957
23.7878   0.988213   1.31327
23.5976   0.978319   1.39748
24.6004   0.97599   1.6665
25.8154   0.910924   0.98853
23.3899   0.828173   0.638307
23.1654   0.875655   1.15027
23.7538   0.788365   0.47974
23.1863   0.729524   1.03328
23.4365   0.815829   1.26703
23.4988   0.835483   0.321833
22.7786   0.802537   0.115928
22.2186   0.801579   5.84187
23.2548   0.835767   6.07665
22.0346   0.781439   6.13384
22.8733   0.794475   0.364791
22.4423   0.702054   0.28339
19.7801   0.670173   0.464562
19.6498   0.649607   0.690839
21.5659   0.644077   6.28086
23.083   0.651908   0.231899
22.0491   0.547452   0.402937
22.2739   0.532795   0.424434
22.2846   0.560845   0.464728
22.8032   0.567472   0.347042
22.8977   0.495699   5.9135
23.7354   0.546156   0.376522
21.5716   0.483561   6.26044
21.0144   0.419498   2.1029
22.2066   0.385978   2.70243
26.475   0.427146   2.61104
28.9282   0.486767   2.35499
27.8314   0.55609   2.52707
26.9228   0.582431   2.21167
26.7224   0.526244   1.92839
27.646   0.595185   1.21534
28.56   0.72419   1.33312
31.6304   0.730183   1.25726
31.1113   0.722555   1.09644
29.1481   0.730456   1.44359
29.2701   0.770896   1.72663
30.0171   0.784382   2.25235
28.4795   0.800001   2.05528
27.5454   0.87571   1.6934
26.6972   0.910302   1.81283
26.3362   0.908123   1.83452
29.0301   0.87767   1.83221
28.5916   0.827242   1.87368
29.1001   0.805559   2.56332
28.725   0.787668   2.49203
28.7105   0.807989   2.21217
28.392   0.841917   2.35039
27.1395   0.874409   2.24986
26.5049   0.948924   2.44657
26.8488   0.865391   1.96807
25.8418   0.908401   2.39942
25.1803   1.02012   2.40652
24.1003   0.989405   2.24755
23.1602   1.06342   2.27248
24.8018   1.07285   1.63316
25.1257   1.12925   1.80589
24.543   1.13129   1.37899
24.7115   1.12531   2.15442
25.9108   1.19   2.42268
27.0013   1.21334   2.32998
26.8926   1.17632   2.44695
26.6116   1.13567   2.57239
26.2733   1.07315   1.93857
26.4223   1.05409   1.66073
25.598   0.966234   1.48311
24.6909   0.945693   1.60496
24.4005   0.859956   1.90073
23.5889   0.96165   1.57584
24.2456   0.883637   1.39593
23.893   0.868425   1.86776
23.1177   0.860656   1.7616
23.9396   0.839716   2.10804
23.8637   0.753715   2.52144
23.6146   0.82349   3.12859
24.1812   0.942771   2.99716
26.2688   0.873684   3.57069
24.8453   0.91981   3.34963
25.8047   0.995822   3.73584
26.5134   1.08725   3.52861
27.1024   1.10789   3.42396
28.1014   1.10079   3.11721
28.0324   1.08102   3.61793
27.9853   1.09185   3.6584
26.9827   1.09612   3.65388
26.465   1.07217   4.08275
26.0266   1.0638   3.98686
26.7811   1.09197   4.53746
26.6962   1.00395   4.07579
27.1877   0.942747   4.42416
27.7379   0.926019   3.78421
26.1568   0.824341   3.61843
25.3672   0.848149   3.17192
25.588   0.797145   3.22758
26.0478   0.818081   3.48263
26.3302   0.83577   3.05089
26.7561   0.826692   3.42134
26.8782   0.889728   3.21318
27.6303   0.844236   3.81617
28.8363   0.929201   4.01209
29.8385   0.95796   4.03539
29.6207   0.89938   4.38389
27.8172   0.869387   4.6605
28.3402   0.839668   5.0205
29.227   0.794762   4.24132
28.3142   0.865656   4.37778
27.6425   0.869819   4.28264
28.3428   0.861554   4.36134
28.1854   0.85919   4.449
27.6076   0.916491   4.33206
27.4758   0.915447   4.20684
29.5852   0.883507   4.06677
29.2203   1.01797   3.99735
29.19   0.928402   3.44665
30.0039   1.01492   3.59371
30.4006   0.999087   3.63757
31.1301   1.00408   3.60883
29.7879   1.00804   3.67281
29.2998   0.964281   3.9854
29.8374   0.951057   4.08758
30.0349   0.975643   3.97212
30.4191   1.01082   4.24213
29.1805   1.00589   4.22701
30.2984   0.970049   4.37528
29.1106   0.966545   4.20166
27.7014   0.959703   4.12516
26.0483   0.933472   4.00434
25.0826   0.917342   3.76225
26.1596   0.854712   3.80508
26.0323   0.776   4.16996
25.9298   0.783056   4.15511
25.944   0.750547   4.87384
26.9636   0.717768   5.66605
26.5913   0.670858   5.96712
26.5702   0.820983   5.24123
25.7047   0.780747   5.34939
25.6806   0.815308   5.72013
26.0482   0.869429   6.11099
26.5291   0.83336   6.11436
27.7769   0.93417   0.0378221
26.2112   0.954912   0.62763
26.8994   0.904832   1.21066
26.686   0.902628   1.50311
27.119   0.862884   1.5231
27.3822   0.801818   1.91679
25.7216   0.792244   1.14579
24.6907   0.843113   1.37429
26.8242   0.68624   1.66299
27.7279   0.587534   0.689255
25.3326   0.551681   0.132797
23.7947   0.566267   6.2627
24.69   0.633035   0.208951
25.9174   0.648487   0.156059
24.689   0.706685   0.0734965
22.7905   0.719846   0.0172242
20.6246   0.836473   5.93442
22.3168   0.749921   5.90773
21.7969   0.759769   5.4353
22.5681   0.681665   4.80403
21.132   0.552135   4.69104
21.5858   0.617622   5.56319
23.507   0.735001   5.07757
23.5979   0.740482   5.20235
24.4969   0.704539   5.38652
25.1954   0.846593   6.1448
26.202   0.783923   0.51746
25.9893   0.81002   0.407907
27.9978   0.761708   0.51574
29.8197   0.760553   0.741241
31.5552   0.917051   0.97416
31.2834   0.905101   0.652097
30.8191   0.907462   0.807091
32.2877   0.876223   0.964756
32.6598   0.906478   0.491137
32.2525   0.924811   0.0250271
32.311   0.868991   0.163819
31.1399   0.763534   0.641606
31.6176   0.788099   0.634628
30.4241   0.774686   0.800236
30.9475   0.77498   0.776916
30.3221   0.818523   0.571228
29.8382   0.789645   0.0038325
30.7252   0.764185   0.523595
31.8034   0.715455   0.599551
32.3372   0.647797   0.29139
33.0492   0.716301   0.0111174
32.1774   0.772623   5.763
31.3349   0.780007   5.94293
30.9636   0.716199   0.0373953
32.6257   0.741791   0.536475
31.8387   0.725585   0.944852
29.3529   0.800575   1.41323
29.0902   0.765375   1.52693
30.5074   0.864969   1.6637
32.0429   0.772678   1.49526
30.6795   0.733967   0.984635
29.0419   0.688306   1.5012
29.2336   0.73253   1.81864
30.0238   0.767434   2.22869
28.9276   0.820414   2.40023
28.1945   0.721023   1.82166
28.4449   0.808692   1.5596
28.1718   0.820296   1.39296
28.8307   0.822752   1.1458
28.3009   0.884666   1.07434
27.3827   0.791803   0.969109
29.051   0.745933   1.26992
30.3698   0.631391   1.17213
31.5446   0.716831   1.07066
31.3253   0.717311   0.716027
32.5971   0.730039   0.629796
31.4689   0.744764   0.838026
31.8199   0.768351   0.792162
32.2835   0.801802   0.473176
30.7347   0.793629   1.10219
29.722   0.776913   1.0615
29.8371   0.801565   1.12071
29.5631   0.868666   1.35811
30.6719   0.736877   1.35046
31.4582   0.719402   1.36196
31.8091   0.702741   1.48382
31.1418   0.629238   1.83218
30.4748   0.670671   1.48996
30.4035   0.688042   1.21515
31.7551   0.705529   2.17935
32.1724   0.65747   2.45972
33.0304   0.697047   2.37109
31.2815   0.813851   2.56584
30.3194   0.748833   2.83212
30.4141   0.878888   3.25403
27.8427   0.815266   3.67111
26.5514   0.727943   3.72955
26.1181   0.802849   4.14778
28.0644   0.840583   4.62062
28.7067   0.898134   4.53229
29.3538   0.894618   4.44991
28.5431   0.889428   3.92845
28.4924   0.934538   3.68398
28.1487   0.942062   3.94388
27.7409   1.00315   3.50696
27.4087   1.00532   2.73574
28.5424   0.97192   2.72383
29.4219   1.02148   2.55895
30.5453   1.00424   2.36415
31.5891   1.00922   2.42316
33.0051   0.9739   2.20906
31.6055   0.907173   2.02784
31.3724   0.872688   1.75855
30.5731   0.82959   1.87337
31.1145   0.95365   2.34307
29.1851   0.969132   2.24345
28.73   0.932158   2.11189
27.4469   0.918773   2.61784
26.9491   0.884507   2.4514
27.1969   0.83506   2.37087
26.9078   0.717197   2.09605
26.5342   0.688044   1.83389
27.6179   0.672709   1.75462
28.0723   0.608792   1.71338
29.1824   0.59321   1.16015
26.063   0.635797   0.771024
27.6267   0.630423   0.747207
27.686   0.641833   0.706969
27.8932   0.556845   0.922479
27.8354   0.659558   1.52722
27.0056   0.641021   1.85377
25.4076   0.670113   1.69698
24.9581   0.630907   1.49105
25.3591   0.601958   1.3468
26.3331   0.676077   1.67176
26.0452   0.610412   1.58427
27.6466   0.590808   0.541201
27.3303   0.658252   0.918087
26.331   0.738768   0.611978
26.5062   0.882263   0.363512
27.1616   0.883389   0.853446
26.2818   0.816477   1.09811
25.747   0.863267   0.929773
24.9821   0.829282   0.338241
25.2709   0.742974   0.278299
25.458   0.848549   0.119947
24.117   0.877042   6.13976
24.0681   0.813334   6.10237
23.6421   0.749037   5.52311
25.4233   0.891622   5.4893
24.9651   0.870881   5.25894
23.9185   0.952562   6.08401
23.5156   1.05088   5.49803
22.6566   0.991637   5.11259
22.4408   0.992216   5.48467
22.1947   1.04629   5.24386
21.5497   0.986872   5.93263
22.1339   0.89529   6.14615
23.9431   0.843799   5.97361
22.6228   0.719195   5.7561
21.4468   0.780429   6.04301
22.833   0.8054   5.73481
23.0265   0.843803   5.90512
23.6264   0.871822   5.84146
22.753   0.858528   5.74356
22.7061   0.788531   5.91636
23.353   0.746034   6.05786
22.7314   0.71394   0.0619012
23.3891   0.759059   6.073
22.9037   0.896364   6.02743
20.9474   0.930835   5.71173
21.4969   0.883708   5.61531
24.1185   0.795276   0.492322
23.352   0.804109   0.178731
22.6095   0.847664   6.2115
22.6749   0.795791   0.310248
22.3223   0.893651   0.071987
22.047   0.8563   5.81047
22.3582   0.939555   6.15856
23.4299   0.870395   0.395865
22.4537   0.74532   0.752247
22.4381   0.769258   0.290992
22.7243   0.678276   0.137178
24.7232   0.720566   0.731649
24.4217   0.636404   0.4723
24.2551   0.581352   0.586915
25.9779   0.59575   1.2359
25.1172   0.537752   1.94946
23.8999   0.537113   0.872611
21.6661   0.647814   1.50546
22.0053   0.613283   1.70383
21.9302   0.636147   2.27154
21.698   0.68103   1.368
24.2229   0.688672   0.797737
23.9529   0.735503   0.742808
23.8825   0.646578   0.560567
23.7096   0.757898   0.994797
23.3777   0.630257   0.851275
22.4725   0.573636   0.961457
21.1772   0.626884   0.461791
21.5874   0.643911   0.151487
20.2517   0.525704   0.153536
17.0739   0.655252   0.226035
17.3213   0.485839   0.261397
19.4515   0.44449   0.926609
17.1442   0.392315   2.06906
19.7448   0.44193   1.38254
18.6062   0.482501   0.0636757
18.6893   0.462453   0.276829
19.0618   0.421997   4.78124
21.8091   0.530907   5.69073
19.6549   0.482167   1.11993
19.9407   0.367429   1.44398
21.704   0.332467   1.96919
21.832   0.383301   2.71609
24.1631   0.458922   3.22742
24.603   0.452337   2.95693
24.6399   0.428067   3.47136
24.6776   0.518723   3.90873
25.4521   0.450304   2.76774
26.3666   0.491833   4.12403
28.4332   0.416816   3.87702
26.7236   0.444916   4.53212
26.6263   0.378939   3.78448
23.6929   0.390788   3.9446
22.7434   0.400202   3.10941
24.2124   0.434263   2.59804
21.6505   0.443272   2.18146
20.569   0.568859   2.28683
22.1741   0.545397   2.38282
21.451   0.553947   2.57768
21.5966   0.612097   3.03925
19.5511   0.691236   2.59879
20.7141   0.652447   2.44805
18.6605   0.745884   2.76923
18.0317   0.733361   2.63035
20.2122   0.682553   2.60569
21.0741   0.61469   1.91196
20.3788   0.637849   1.57222
20.7333   0.746029   2.07154
17.4666   0.803695   2.84152
16.3408   0.88516   2.48949
16.5016   0.942476   2.30245
17.0183   1.07467   2.38843
18.594   1.0696   2.46265
18.268   1.04587   3.34068
16.7625   1.01538   3.2737
18.4835   1.06719   4.15954
16.7235   1.06496   4.18943
15.7969   0.990191   4.77375
16.9813   0.919002   5.50461
16.641   0.87188   5.3967
14.509   0.939717   5.83892
14.1063   1.09445   6.02303
15.104   0.995576   6.26155
15.5973   0.847583   6.12054
15.381   1.0158   6.1217
16.0799   0.957787   6.27061
15.3555   0.977046   0.697855
15.1064   0.973099   1.17618
14.3077   0.983907   1.40513
14.8264   0.90914   1.70767
15.6246   0.928525   2.2799
15.148   0.878868   1.71642
13.786   0.906242   2.41949
13.4681   0.812637   2.89317
15.2574   0.675091   2.04069
14.6023   0.535161   2.8849
17.3129   0.810242   2.87275
16.55   0.94303   3.19819
15.43   0.901402   3.0636
17.0735   0.925594   3.28201
17.9303   0.982882   3.3943
19.2422   0.97396   2.78934
18.2257   0.924435   3.10848
19.0993   0.948911   2.65067
17.5311   0.996275   2.48169
16.9082   0.946799   2.39043
19.0171   0.824442   2.51526
17.9126   0.900733   2.76518
16.8068   0.896961   2.65339
18.3908   0.882476   3.25273
17.1781   0.864015   3.78507
16.4687   0.913559   3.15132
16.5892   0.915807   3.40778
15.1511   1.09369   2.85184
14.821   1.1215   2.97363
13.0127   1.10143   2.03081
11.654   1.20327   1.0641
11.9149   1.36779   1.29699
12.6468   1.3304   2.6677
11.0365   1.37061   2.53711
9.94533   1.27639   3.34494
8.2807   0.967992   2.25756
8.47823   1.01897   0.869774
10.9072   1.13338   6.14255
10.8737   1.20156   0.477947
11.0243   1.23274   0.560367
12.2828   1.27225   1.16241
12.8305   1.17846   2.02906
14.5596   1.09081   1.77096
14.7354   0.982498   2.36543
12.6771   0.997201   2.50096
10.2563   1.05469   3.12764
9.95711   1.07855   2.65379
10.9258   1.24067   4.23437
9.72251   1.33583   4.92916
9.34743   1.32281   3.76457
9.05562   1.26364   3.30171
9.27054   1.319   3.47936
9.00289   1.44991   3.81559
10.139   1.43791   3.70947
10.5742   1.30972   2.71012
11.8753   1.17604   1.8152
11.5708   1.21164   2.61377
11.1247   1.08223   2.70816
11.9271   1.05887   3.03257
10.5874   1.07687   2.59174
13.5719   1.08308   2.14786
11.5727   1.05053   1.32487
10.3748   1.07436   0.413486
10.5942   1.02438   0.119371
11.6612   1.1944   5.75149
11.8396   1.16013   0.264508
12.9538   1.17892   0.460089
13.1097   1.08583   6.01656
12.4847   1.15253   5.78768
11.3734   1.11641   5.56167
11.4207   1.05713   5.40305
10.2435   0.793974   6.0654
8.93337   0.689804   0.920076
11.5874   0.589457   1.63461
14.1294   0.482262   1.99174
12.046   0.632695   0.421597
8.70822   0.610717   1.72523
13.4027   0.583205   2.19193
15.502   0.644949   2.39794
18.0211   0.630263   2.88394
21.4798   0.701197   1.40433
20.3021   0.794882   1.75388
20.1127   0.81685   2.1283
19.5023   0.879046   1.69121
21.7552   0.778414   1.55548
20.1802   0.847178   1.30037
19.1156   1.00836   1.71554
17.7438   0.968233   2.05213
17.9876   0.9878   1.92602
17.9076   1.06192   2.07575
18.6658   1.02117   1.97015
20.1139   0.947124   2.60139
20.9059   0.945487   1.78678
20.5464   0.859909   1.63045
21.1131   0.83367   1.31195
20.8368   0.863394   0.65497
20.2663   0.876533   1.17434
20.1062   0.768401   0.470072
20.5863   0.705584   5.66126
19.4823   0.683388   5.01649
19.4393   0.713192   4.42679
18.6427   0.832309   4.20012
18.1544   0.833306   4.00448
19.7524   0.730861   3.85308
19.9409   0.820882   3.32698
20.6892   0.691749   3.14818
20.9193   0.831213   2.73994
21.2014   0.8336   3.21891
21.5416   0.882234   2.75996
22.4674   0.825864   2.30213
20.6948   0.987609   2.43262
20.0123   0.989436   2.283
19.6429   0.952197   2.31839
19.7633   1.01515   1.6503
18.1482   1.09407   0.338148
18.2728   1.10019   0.837255
19.2139   1.1907   1.56397
19.9512   1.16125   0.97665
20.0877   1.08913   1.87615
18.3196   1.16011   1.20641
18.0164   1.16573   1.10383
16.5713   1.14469   0.956991
16.0724   1.14741   1.09682
16.2263   1.13922   1.6333
15.5699   1.23998   2.28444
14.0992   1.20317   2.60161
12.772   1.13141   2.88083
12.2064   1.09013   3.36336
12.3688   0.98327   4.03782
13.2482   0.872507   3.66207
13.8728   0.962329   3.97835
14.5574   0.903117   4.75596
16.6211   0.698793   5.22075
14.832   0.733015   5.42543
17.2586   0.843962   5.2006
17.2925   0.944023   5.62174
18.1101   0.790078   4.65929
17.9284   0.891386   5.28265
15.9331   0.823341   6.11429
15.2128   0.795531   5.78791
16.7145   1.04256   5.6881
17.7645   1.08006   6.07119
18.6301   1.08443   6.08093
20.1129   1.13518   5.49083
19.5406   1.12371   5.7785
20.7427   1.10896   5.93862
21.6618   1.0822   5.84233
21.9996   1.06768   5.53339
21.7613   1.02415   4.5658
22.3191   1.00325   4.71664
22.1363   0.948209   4.82516
21.4176   0.94528   4.96734
21.333   0.964969   4.98791
22.5206   0.892975   5.65602
24.9965   0.880881   5.12705
24.3635   0.848696   5.83957
23.5037   0.792371   0.0734106
23.3678   0.849383   0.109374
22.5505   0.858323   0.555686
20.9772   0.803753   0.847584
20.3079   0.751668   0.539651
21.5177   0.546871   1.45703
21.6193   0.513795   1.5388
24.8247   0.467468   1.59792
26.0263   0.642412   1.9681
27.3149   0.604323   1.79351
27.1919   0.593325   1.94377
28.1101   0.667296   1.96928
30.6839   0.666018   1.54432
30.5804   0.711617   1.65252
30.231   0.768001   2.0585
31.1607   0.796422   2.4187
29.5251   0.898807   2.21299
28.5819   0.893171   2.20488
29.6162   0.877774   2.48464
29.5164   0.817415   2.88847
29.7192   0.787599   2.80549
29.4161   0.828128   2.63867
30.2975   0.816044   2.69957
29.8954   0.792473   2.68839
29.1282   0.683563   2.83296
30.6965   0.648427   2.76522
30.7782   0.627874   2.89259
33.3151   0.695596   3.04306
34.5601   0.784397   2.56176
35.3743   0.842368   2.32718
33.8062   0.846936   2.39299
33.4723   0.819044   2.33001
33.0968   0.860018   2.52921
33.553   0.952797   2.47967
33.0835   0.957556   2.53578
30.7092   0.987295   2.60787
30.4883   0.964512   2.39877
29.1553   0.968491   1.93453
28.441   0.87621   1.61993
29.133   1.03807   1.76755
29.0176   0.996565   2.19543
29.1601   1.01745   1.94159
30.4115   0.980134   2.39517
29.0892   1.02596   2.43098
28.6334   1.02447   2.55679
29.1874   1.07115   2.50359
28.2344   1.01311   2.62525
27.1973   0.970682   2.84188
28.18   0.925162   2.81689
28.2828   0.903852   2.79875
28.8664   0.830811   2.65845
27.3855   0.935817   2.2013
28.3403   0.975146   2.33754
28.5883   0.933618   2.74466
28.1861   0.959958   2.92191
30.9749   0.99587   2.98932
31.2686   0.973825   3.10882
30.4037   0.933383   2.84602
29.6935   0.889457   2.2867
29.668   0.890709   2.22476
28.802   0.749325   1.93879
28.3896   0.690214   1.89919
28.8738   0.667097   1.75351
30.419   0.765717   1.86004
30.0794   0.727566   2.29482
30.4311   0.722695   2.51979
30.7169   0.722503   2.38245
30.7776   0.782054   2.75691
32.5908   0.737544   2.10871
34.1753   0.729114   1.79735
35.3184   0.68992   1.61476
35.3394   0.740892   1.08001
36.7742   0.757443   1.01372
36.893   0.762   0.832611
35.0441   0.765889   0.323098
34.5461   0.7503   0.387571
34.3638   0.799776   0.751575
33.8615   0.76708   1.07906
34.1086   0.634555   0.887834
35.3435   0.67454   0.536293
35.6157   0.648177   0.883837
36.1704   0.598503   0.711918
36.0059   0.524654   0.827039
36.2183   0.476574   1.79128
36.3027   0.541981   1.86375
35.0511   0.497051   2.12799
34.604   0.486329   1.63406
33.7218   0.527508   1.90335
31.8558   0.605052   1.75222
29.2593   0.53572   2.38671
29.6257   0.592398   1.88151
29.8114   0.56534   1.53606
30.6647   0.553006   1.80618
30.6946   0.538241   1.86662
31.936   0.500947   1.9932
31.2756   0.51597   1.4944
29.3991   0.634144   0.983751
31.8735   0.705193   1.10403
31.0291   0.718824   0.571149
28.6588   0.740408   0.391036
28.5995   0.810897   0.158029
28.0493   0.801964   0.742433
28.1757   0.687197   1.10374
28.254   0.660357   1.2787
27.097   0.773052   1.27431
25.4923   0.817283   1.50995
26.8509   0.850039   1.35187
25.5247   0.956744   1.47206
26.2396   0.95669   1.85175
26.482   1.0358   1.55419
26.5207   1.00827   1.37639
25.6556   0.912779   1.14895
26.3819   0.990384   1.59994
25.79   1.03637   1.79364
24.8068   1.01901   1.90104
25.392   1.01479   2.11265
25.5447   1.00172   2.22664
25.5069   0.933691   2.15718
25.6569   0.96164   1.85565
26.5123   0.958187   1.98717
25.8778   0.974018   1.45411
25.6703   1.02102   1.29531
26.805   0.985788   1.05612
27.0246   0.840489   1.36091
27.6531   0.903481   1.3298
29.6721   0.909773   1.53745
30.0393   0.900662   1.95828
26.9838   0.950798   2.53339
26.4128   0.952908   2.09157
25.2514   0.957791   2.04699
25.854   0.943037   1.24926
25.9393   0.954295   1.34027
23.4569   0.960802   0.955065
22.319   0.966846   0.54052
20.9145   0.88765   0.324656
20.574   0.869186   1.5811
21.9634   0.744949   1.95656
21.8326   0.790224   1.53791
20.8763   0.641098   0.779537
22.4765   0.773901   0.918248
21.2431   0.935531   1.08776
19.7944   0.902895   1.09387
16.5004   0.927104   1.33802
15.3696   0.975515   1.68431
15.7672   0.863601   1.9262
14.3441   1.16042   2.91296
14.4466   1.14238   3.37142
14.9379   1.24288   4.26191
13.2563   1.27001   4.73889
12.7446   1.35288   3.26349
10.6948   1.18083   4.13819
10.6838   0.992787   3.56255
12.3134   0.839734   3.4138
13.6617   0.80002   3.353
15.3347   0.880209   2.90963
15.0986   1.13107   3.35538
15.5123   0.986657   2.96805
15.9829   0.980617   2.99729
15.4429   0.925998   2.03874
15.7271   0.975271   1.36114
15.3512   1.05891   1.14341
15.4373   1.03316   0.306488
13.669   1.20695   0.211796
12.0233   1.26165   0.0426997
11.5993   1.25584   0.75098
11.5254   1.31604   0.439052
11.7427   1.37149   0.192926
12.9294   1.41795   0.837128
13.5143   1.44757   0.30602
12.0883   1.34629   0.0215342
11.7817   1.31498   0.750271
10.5066   1.172   0.20078
12.022   1.23077   0.121319
13.0669   1.19259   6.17722
13.7987   1.32165   0.1544
12.4499   1.15522   5.66514
11.6565   0.997793   4.68647
13.796   1.10165   4.42319
14.6698   1.05489   5.03788
14.4381   1.10638   5.19441
13.4366   1.12033   4.70626
15.2866   1.01856   4.48768
15.5219   1.10724   4.05085
14.161   1.21919   4.03882
13.1869   1.25413   4.72005
11.7653   1.26148   4.26934
11.3335   0.960069   5.2449
10.7366   0.683253   4.7685
10.5021   0.942797   4.89372
7.36224   0.907329   6.0321
9.86143   0.994273   0.121705
9.55649   0.847478   5.82078
9.20327   1.11228   0.973931
7.61912   0.973999   6.23295
6.16027   0.912892   4.58662
7.83041   1.29611   5.13835
10.583   1.43411   4.1273
12.8465   1.51013   4.35147
13.3989   1.5016   4.03527
13.1696   1.41119   3.80865
14.4196   1.37219   4.09943
14.3642   1.33541   5.52314
13.4395   1.2947   5.12582
14.4177   1.2824   5.06521
15.4161   1.3057   5.1052
16.9237   1.19687   4.98208
17.4302   1.13041   4.88416
16.7106   1.15145   4.08463
16.2618   1.13093   3.91396
15.488   1.10833   3.48118
16.0602   1.08814   2.5922
15.9775   0.992961   2.19211
16.6098   1.07309   2.64192
16.3386   1.13486   2.64961
14.9708   1.21365   2.91155
14.396   1.28759   3.14513
14.1371   1.2468   2.74565
14.8888   1.18447   2.345
13.8378   1.15581   2.04592
14.7703   1.13189   1.19751
15.6351   0.988982   1.31109
17.3909   1.08703   0.590379
16.3321   1.04977   0.545187
15.7782   1.0827   1.34321
14.2413   1.08585   1.60991
13.8465   1.00801   1.2437
13.3095   0.980776   0.593922
14.0433   0.890431   1.1156
13.4213   0.727662   2.56248
12.607   0.552159   1.53071
15.5569   0.420159   5.86775
15.5835   0.276602   4.20557
15.0613   0.480027   4.10021
16.8145   0.691685   3.39156
18.8518   0.543172   4.57072
19.2247   0.590143   3.45034
19.0089   0.654832   3.13347
16.512   0.890651   2.15962
16.184   0.81092   2.0556
15.9158   0.593082   1.08673
13.6742   0.661187   6.26687
13.0039   0.712831   0.245246
11.3971   0.893906   5.51942
10.7223   1.16871   5.85538
7.96207   1.0949   0.313507
10.6101   1.09872   0.451456
8.72091   0.992118   0.716833
10.8773   0.905327   0.478571
12.6321   0.99558   1.00803
11.9398   1.12448   2.70784
11.0463   1.21463   2.34796
11.1693   1.2415   0.963161
11.6566   1.15512   1.51339
11.5606   1.17454   1.83803
13.3445   1.22147   1.5676
12.1236   1.30965   1.97483
10.803   1.12429   0.173979
9.81423   1.19922   6.15077
10.2362   1.02321   5.10036
9.72653   0.969327   4.51939
9.214   0.923871   4.81413
7.7755   0.739251   2.83385
11.4188   1.12195   3.34301
12.4212   1.19286   3.41284
13.067   1.0507   4.1257
14.8375   0.935148   3.0243
15.2533   1.04154   3.02099
16.7037   0.977707   3.99174
14.6833   0.933016   4.52323
12.9018   0.65767   5.25504
12.3647   0.60596   6.27556
13.4294   0.559447   1.4761
10.4263   0.578256   6.18427
8.11311   0.254367   0.888854
5.18028   0.448621   3.90074
6.92139   0.319205   4.32281
9.6948   0.391192   1.87223
10.1687   0.338376   3.2025
7.13382   0.6617   4.00316
3.29871   0.228463   3.52859
20.7073   0.173585   4.34284
19.6993   0.384825   4.79254
22.2451   0.598419   5.52428
21.0231   0.603439   5.46504
23.4723   0.733633   5.39086
23.8991   0.63036   4.83391
22.537   0.656859   4.04805
24.3555   0.73884   3.59899
23.8688   0.798355   3.73104
23.9312   0.790347   4.10388
23.7385   0.841009   4.17807
23.5622   0.848935   4.3163
24.7533   0.858942   4.28582
23.3248   0.835237   4.57684
24.5034   0.762822   5.25232
23.8291   0.647086   4.68007
24.2773   0.661076   4.62746
25.9412   0.663276   4.82735
27.7425   0.553962   3.80349
25.9827   0.566671   3.63372
24.0331   0.684613   3.23624
24.3114   0.623652   2.80018
25.3284   0.753727   2.85122
26.0751   0.782632   3.04121
24.9513   0.855497   3.83135
24.8829   0.919869   3.61265
25.454   0.868506   3.43731
26.5832   0.811804   3.74813
26.7514   0.935943   3.26771
26.824   0.901933   2.98236
28.1572   0.809381   3.1021
28.8991   0.850489   3.33543
29.0087   0.925044   2.93039
27.4858   0.979216   2.71019
27.7927   1.04157   2.87727
28.5651   1.03232   3.23167
27.893   1.0494   2.86368
28.4859   0.977734   2.60708
29.586   1.01848   2.48597
26.9654   0.991488   2.63324
26.6963   0.967425   3.02949
28.4283   0.951709   2.85202
27.5655   0.873914   2.72975
27.8241   0.962499   2.72541
27.7974   0.973955   2.81363
29.0217   0.9054   2.56551
29.6313   0.774272   2.30193
29.6283   0.789336   2.63717
28.5216   0.940985   2.62505
27.7505   0.9337   2.65242
26.8888   0.969648   2.78283
27.3309   0.877839   2.5541
27.1817   0.937867   2.60546
27.3761   0.924623   2.31708
26.2463   0.836552   2.40509
24.9145   0.873248   2.41362
25.3255   0.907317   2.00334
23.3547   0.855547   1.45548
21.0794   0.898546   0.890566
21.8038   0.91112   1.43776
20.4944   0.843708   1.45658
19.5491   0.81611   2.06316
21.1417   0.800609   1.51897
24.466   0.770135   2.66393
23.7266   0.755154   2.60761
24.6457   0.818671   2.93597
26.559   0.839891   2.64692
27.7719   0.818413   2.81895
25.8279   0.987522   2.54103
25.1781   0.972557   2.89061
23.8921   1.01   3.25257
25.3432   1.0343   3.40217
25.6278   0.998731   3.59974
23.6398   0.965279   3.36001
24.6688   0.934757   3.54238
24.4266   0.806635   3.98276
23.6358   0.787599   3.13908
24.147   0.789868   2.17941
24.4032   0.803193   1.99201
24.5437   0.789179   2.15786
24.4243   0.808798   1.48799
23.04   0.854448   1.48144
21.8511   0.745106   1.57711
22.8515   0.682436   1.34884
22.0107   0.753706   2.60209
22.9905   0.79615   2.48594
22.79   0.749276   2.62846
21.87   0.886401   2.85198
23.3843   0.863421   3.49011
22.9442   0.947391   2.95799
23.876   0.989486   2.97732
24.2675   0.890873   3.17013
25.2633   0.925198   3.12906
26.2374   0.889829   2.81753
26.3365   0.920616   2.9746
27.4763   0.922877   2.83366
26.5829   0.902477   1.86255
25.4185   0.91259   2.12495
26.1283   0.880887   1.629
25.8243   0.880237   1.47321
24.7394   0.983101   2.25581
24.7661   0.945182   2.7509
24.8687   0.933528   2.96214
27.1161   0.901495   2.9462
25.5338   0.890278   3.21187
24.3943   0.952954   3.46545
23.9454   0.886318   3.156
22.2282   0.893311   2.6828
21.4059   0.947377   2.86932
20.7213   1.05268   2.59312
22.5147   0.952844   2.12754
23.7754   1.00616   2.3073
24.6166   0.980806   2.97446
26.1613   0.928849   3.28168
25.24   0.902906   2.91386
25.1764   1.00404   2.77381
23.8224   1.07774   3.11624
25.2989   1.03897   2.99684
23.1015   0.969729   3.24679
22.1267   1.03086   3.23152
23.3243   1.10375   3.81509
25.2838   1.09356   3.84976
24.883   1.01699   4.38144
25.2749   0.928872   4.06902
24.0769   0.871033   3.62703
26.1964   0.849267   4.03275
24.2374   0.873923   4.51549
23.2673   0.874771   3.82359
24.1353   0.833566   3.44768
22.7939   0.895974   3.51358
24.123   0.890581   3.81139
23.0969   0.848531   4.40309
23.7837   0.733606   5.24835
20.9656   0.814076   4.54012
21.0865   0.973237   5.14109
20.8705   1.02851   5.33754
21.0245   1.06164   4.51864
23.2246   1.06976   4.41046
24.556   1.00652   4.06438
23.4801   1.00524   3.3807
22.1866   0.985166   3.44848
20.9094   0.952211   2.94531
21.2516   1.03453   3.21615
22.6869   1.1222   3.13713
23.6345   1.14611   3.69613
23.1064   1.18617   3.81284
21.9126   1.1687   3.95317
21.2179   1.16342   3.68496
22.339   1.18197   3.25667
24.4249   1.14732   3.08268
24.4549   1.12158   2.73236
24.8712   1.12771   2.4288
25.879   1.11239   2.2658
27.1813   1.06285   1.66541
25.6623   0.95741   1.99106
26.0651   0.95251   2.19556
26.0744   0.927855   2.19943
25.9219   0.836035   1.91312
25.8599   0.790043   1.37911
27.0343   0.796201   0.84699
25.0987   0.832509   0.982853
26.009   0.83307   0.572287
28.1674   0.80493   0.0111831
30.0593   0.813857   6.12213
31.1204   0.77658   0.163345
31.0273   0.832541   5.90183
29.5474   0.846388   6.2438
30.7861   0.799963   0.296929
31.4933   0.722156   0.055712
32.9661   0.721015   0.627756
32.1159   0.857464   0.124968
33.1338   0.859649   0.104069
31.175   0.982299   6.08335
29.4671   0.968008   5.97388
28.4597   1.02723   5.95006
28.6234   0.9496   5.70486
26.9118   0.959788   5.80719
27.1418   1.05768   5.56729
26.6918   1.09296   5.29271
25.4843   1.19413   5.5455
24.7149   1.18443   6.01101
22.5264   1.2207   5.96009
23.7039   1.24958   6.26468
23.6422   1.28833   5.94606
23.8091   1.24843   5.62296
23.5201   1.21289   5.6802
25.5202   1.18151   5.58909
23.9566   1.0885   5.59412
23.8596   1.09525   6.0064
23.4443   1.146   5.95191
24.3351   1.20685   6.2104
24.3079   1.14427   0.831256
23.9229   1.07242   0.631982
23.0607   1.05896   0.578872
23.8357   1.00312   0.937739
23.5261   1.05512   1.37529
24.1456   1.05754   0.956286
25.1341   1.09991   1.04747
25.4645   1.12415   0.897885
26.6202   1.10246   0.71431
26.5853   1.14223   0.496001
25.3392   1.07885   0.379758
24.9771   1.13887   1.27907
24.0782   1.12162   1.68725
23.5631   0.998619   1.75703
22.9694   0.966388   1.15678
24.8503   0.949863   0.780309
23.9707   0.984769   1.25434
24.1385   0.997374   1.26513
23.5483   0.863397   2.26991
22.6078   0.938263   2.36648
23.2172   0.918215   2.85611
20.6813   1.02752   3.37116
18.013   0.968391   3.16852
18.6448   0.982685   2.95988
17.5604   0.924217   3.21892
17.0448   0.930002   3.5864
16.4118   0.980313   3.94074
17.7672   0.92131   3.50808
17.874   0.797119   3.72593
16.7411   0.607426   3.45017
14.6444   0.77676   3.62891
14.3421   0.896605   3.84354
14.8699   0.976141   4.30694
13.9285   0.984643   4.07002
14.1984   0.985338   4.35319
15.4467   0.948223   4.47535
16.6763   0.94264   4.94993
16.0948   0.830578   4.17167
17.7916   0.952138   4.39113
17.5825   0.890051   4.80844
17.7315   0.782789   4.30758
16.9327   0.771757   3.47077
15.2328   0.81879   2.74836
16.004   0.870797   1.84511
17.7794   0.835024   1.91769
18.493   0.976621   2.3413
18.5907   1.05845   3.36063
17.6793   1.0319   3.08487
17.6164   0.978919   2.93734
17.377   1.00169   2.71087
18.1012   0.921742   2.11608
18.4612   0.771103   2.07752
18.1698   0.557599   1.46803
21.4511   0.577407   0.552816
22.4104   0.492651   0.41309
22.8822   0.375384   0.760206
24.9795   0.456318   1.39481
23.6565   0.502544   1.69515
19.9419   0.512743   1.39481
19.7048   0.505902   2.38231
17.5431   0.725179   2.13365
17.4969   0.932055   1.85363
16.1506   0.877495   2.06139
16.992   1.05562   2.08684
15.997   1.08088   1.99358
14.6324   0.942475   1.56994
14.4677   1.02219   1.54211
13.9515   0.869954   2.43375
13.0322   0.760318   3.60596
11.8001   0.693755   4.32685
11.6825   0.468203   5.36314
8.73516   0.604489   4.82499
14.039   0.537562   5.79954
14.4042   0.325859   3.17185
9.69419   0.442374   5.14781
15.5296   0.628869   4.45392
11.9866   0.818291   3.25162
12.9577   0.703391   4.6519
11.8974   0.878674   3.67464
13.0052   0.657899   3.33364
12.9789   0.63746   4.02772
12.3889   0.461144   3.16097
14.0864   0.283501   4.61703
12.4942   0.0692476   0.0947303
29.5199   0.15529   0.253817
28.7641   0.185556   6.17946
25.7093   0.235511   5.21681
28.1833   0.279848   6.08468
28.8323   0.255833   1.31932
31.6366   0.179313   0.715617
33.0378   0.223626   1.54422
32.081   0.298555   1.12934
31.4572   0.241186   0.316383
32.5094   0.255973   0.813542
33.9862   0.250393   0.709639
32.6825   0.228079   2.21651
34.9395   0.213358   1.45926
33.1902   0.222208   2.18476
36.1137   0.19633   2.12139
33.4785   0.331281   2.12528
33.2475   0.321637   1.72668
32.7798   0.26502   2.24231
32.7156   0.359065   2.56515
33.5264   0.417529   2.88754
31.2354   0.450659   3.74451
32.1262   0.378085   3.84533
31.0971   0.402749   3.81998
33.1253   0.424304   4.0004
33.051   0.450721   4.01568
32.3894   0.527669   4.1609
32.9045   0.544112   3.73092
29.3617   0.55926   4.06811
28.5575   0.455729   3.72495
29.2219   0.456807   2.55964
29.9638   0.44234   2.08997
28.2249   0.503043   1.95195
28.4375   0.634574   1.50285
29.5339   0.53886   2.5434
29.4719   0.563019   2.62989
29.5524   0.467891   2.02725
29.453   0.583546   2.001
27.1943   0.608691   1.72822
29.0193   0.565344   1.51024
29.1405   0.543747   1.15192
30.3567   0.641121   1.12121
29.0135   0.729484   1.18932
29.3788   0.747056   1.11559
30.7472   0.746389   0.618288
30.647   0.729547   6.18648
28.8257   0.726947   0.0512603
27.6288   0.716885   0.0386684
29.2469   0.794467   6.1811
28.5119   0.825457   0.539284
28.0557   0.859697   0.174118
28.4305   0.860653   0.242652
28.6136   0.92892   0.72518
28.2834   0.989474   0.675759
28.2789   0.973949   0.986737
28.976   0.945967   0.624019
29.698   1.07273   0.185122
29.6402   1.02291   0.416342
28.2426   0.980179   0.385365
28.5376   0.899917   0.414892
28.6562   0.869759   0.424788
27.9306   0.853346   1.17831
27.9666   0.793058   1.71958
26.832   0.731497   1.70294
28.7839   0.702896   1.73883
28.2534   0.657646   1.8088
30.0661   0.746654   1.60836
32.263   0.809141   1.392
30.2533   0.819007   1.08211
29.5885   0.840626   1.75391
29.0094   0.936365   1.05975
28.7342   0.958585   1.67225
29.148   0.912147   1.09644
29.178   0.842994   1.5638
27.9146   0.713141   1.85221
26.3061   0.602395   1.61304
29.0507   0.67642   2.15481
29.7162   0.657142   2.42538
28.7186   0.617366   2.76915
29.0294   0.66981   2.82793
31.8902   0.643977   2.87887
30.4394   0.73252   2.58885
28.852   0.708477   3.24335
28.9737   0.760295   3.45097
29.0928   0.849359   4.12368
28.4752   0.815709   4.27895
28.1166   0.8495   4.55952
27.8713   0.890943   4.16174
26.8909   0.973779   4.65151
27.5231   1.0605   4.84028
26.2742   1.05636   5.02234
27.2509   1.00863   4.78357
26.9922   1.11457   5.00764
27.7491   1.12986   5.37733
27.9087   1.15974   5.12607
28.1506   1.1106   4.93227
28.1256   1.12071   5.0885
25.9765   1.13375   4.62609
25.2295   1.21069   4.34473
26.8554   1.23046   4.30066
26.3538   1.13432   4.24778
25.9219   1.09636   3.48673
26.5921   1.03211   3.24031
27.2077   0.948924   3.85421
26.9612   0.970526   3.78786
27.2185   0.983116   3.87641
26.2277   0.956983   3.61264
26.7527   0.857136   4.13206
27.1956   0.869478   4.25713
28.5495   0.848261   4.0975
30.2723   0.825058   4.23937
31.1035   0.795941   4.36417
28.6663   0.852088   4.19702
27.5501   0.873873   4.41465
29.1016   0.756546   4.43261
30.5372   0.761438   4.16324
30.0641   0.793859   4.55321
31.1104   0.77002   4.46345
31.8159   0.765658   4.9123
29.5066   0.792893   5.72759
30.3542   0.825164   5.58686
32.1005   0.87   5.32023
31.33   0.871488   4.67403
29.3102   0.818634   4.34519
28.8831   0.861223   4.31201
28.3556   0.848938   4.31175
28.3042   0.827023   4.36655
29.0089   0.953197   3.71098
27.2235   0.918453   3.61005
26.9679   1.0274   3.71143
28.3692   0.980031   4.42407
29.5106   1.02265   4.43037
28.3726   1.04336   4.14774
27.8355   1.09512   3.98222
29.1725   1.1433   3.75535
31.4824   1.13045   3.92658
32.2889   1.07943   3.64708
32.3023   1.06928   3.79941
31.4523   1.03902   4.06541
29.5232   1.02497   3.69576
31.0307   1.09165   3.50295
30.8195   1.09349   3.60431
32.0477   1.02294   3.73209
32.3388   0.935101   3.66971
33.0972   1.00194   3.81869
31.7242   0.99177   3.62978
31.3071   0.934477   4.24773
30.6787   0.87512   4.0017
31.0603   0.844966   3.9592
29.0121   0.857527   3.69621
28.0909   0.810025   3.65611
28.4779   0.921659   3.15421
29.4492   0.96227   3.4559
32.2568   0.847374   3.8405
33.1547   0.750251   3.77291
34.1936   0.724446   3.79255
32.2821   0.77546   2.9548
32.7414   0.748499   2.93621
33.9336   0.832101   2.52968
34.8437   0.876726   2.17771
36.8137   0.796442   2.41255
37.4859   0.819116   2.31253
37.0678   0.762796   2.19575
37.3888   0.738811   2.63856
35.8812   0.702008   2.68313
38.6956   0.71028   3.28162
39.6944   0.828821   2.87736
39.2399   0.864767   2.85748
38.9474   0.853984   3.06781
39.0631   0.842164   3.51207
39.4067   0.864053   3.34536
38.9655   0.873372   3.62823
39.2005   0.816456   3.69097
40.8855   0.706229   3.67821
41.3295   0.739406   3.48565
40.8509   0.726297   3.71218
40.84   0.787267   3.93699
38.8506   0.748026   3.79328
37.647   0.70793   3.45358
37.456   0.64502   3.13036
39.3519   0.762635   3.03115
39.4734   0.772944   3.04555
40.3189   0.817636   2.97299
38.3824   0.86891   3.24716
38.961   0.839244   3.62979
41.5879   0.895411   3.85367
41.2715   0.999239   3.70041
40.1972   0.970727   3.71986
40.2578   0.960594   4.04754
41.789   0.9948   4.37629
41.9863   1.00559   4.4407
41.9104   0.987974   4.62014
40.4326   0.958241   4.58836
41.3525   0.937962   4.47375
42.2793   0.88637   4.54612
43.0531   0.84912   4.52653
42.945   0.832693   4.34231
43.2208   0.895833   4.47145
45.0123   0.811061   4.65257
44.4028   0.813426   4.46801
44.983   0.786532   4.32767
44.1444   0.853942   4.72677
44.9009   0.932925   4.47484
44.8794   0.898631   4.5129
43.834   0.848716   4.13668
44.0455   0.891327   4.16356
43.563   0.934071   4.11204
45.7117   0.917089   4.16543
46.2857   0.925471   4.44851
47.125   0.952545   4.69757
48.7655   0.95138   4.73556
47.4394   0.929274   4.43585
49.6155   0.880118   4.39747
48.391   0.892871   4.47493
45.9617   0.858295   4.55147
45.7541   0.840831   4.8089
46.3059   0.805818   4.58338
45.6591   0.90641   4.72339
44.8319   0.927089   4.94022
44.8764   0.907339   4.77851
46.4949   0.910588   4.53047
45.4524   0.916899   4.71036
45.4908   0.886335   4.99175
45.2729   0.918958   4.90076
45.6829   0.899376   4.80398
43.6101   0.889974   4.98925
44.7042   0.928808   4.94211
44.6661   0.904932   5.13273
46.0707   0.87493   5.01023
47.0085   0.851823   5.29874
46.8804   0.85478   5.16557
47.6681   0.835554   5.32943
47.0746   0.876978   5.45553
45.1438   0.866081   5.54846
44.7451   0.866906   5.66666
45.8523   0.888443   5.33689
45.3074   0.902156   5.22524
45.3754   0.895929   5.2527
42.7337   0.918763   5.22367
43.8271   0.840525   5.28683
45.2866   0.874643   5.23845
45.4541   0.902958   5.12379
44.8545   0.902756   5.02923
43.2017   0.840889   5.32133
42.0018   0.793027   5.28785
40.6059   0.80546   5.26111
39.1823   0.774429   5.07376
41.3017   0.810493   4.89756
40.8998   0.718141   5.24877
40.8134   0.729507   5.91926
41.2296   0.756709   5.85496
38.8598   0.769881   5.72903
38.7117   0.69398   6.07859
36.5495   0.673967   5.99188
36.4897   0.667802   6.01669
37.2334   0.722307   0.00868815
37.6332   0.690289   0.546804
39.7348   0.70311   0.257457
39.4817   0.767912   0.265041
37.7088   0.626801   0.253343
38.6958   0.65618   0.15141
38.3917   0.628615   5.96706
39.2577   0.596039   6.21568
39.8764   0.626874   0.0200427
38.8659   0.634807   6.02286
38.6149   0.588093   0.634758
37.7552   0.608603   0.541748
35.4225   0.618516   0.780273
38.1795   0.662257   1.03541
36.3319   0.663026   1.62304
38.3703   0.672219   1.53797
38.7048   0.715126   0.875068
38.2617   0.767909   0.704044
37.571   0.677549   0.853771
37.643   0.689531   0.795379
38.5333   0.764852   0.393816
38.9816   0.848053   0.471518
40.7682   0.907297   0.309079
42.1439   0.848933   0.0570541
41.428   0.864098   0.109569
41.9077   0.809243   0.769916
40.901   0.79099   0.634771
40.2089   0.792157   0.854657
40.3931   0.783686   0.813821
42.2476   0.708735   0.561567
40.8762   0.689791   0.760603
38.9685   0.816609   0.557839
36.5302   0.792231   0.637293
35.9503   0.842639   1.05558
34.8675   0.836336   1.1636
35.1953   0.809134   0.748871
35.2137   0.930208   0.774251
36.5694   0.91161   0.945997
36.0731   0.883699   1.48504
36.2456   0.880007   1.68107
37.3768   0.951552   1.3158
38.9132   0.908755   1.26869
38.8295   0.918814   1.22739
39.7135   0.917231   1.39808
40.0901   0.906967   1.38923
41.3063   0.887916   1.27851
39.931   0.861048   1.60089
39.1986   0.868167   1.70261
38.8049   0.893914   2.23465
39.6713   0.855925   1.77064
39.9612   0.812609   1.97109
41.0436   0.832186   1.89964
40.6316   0.846807   2.06511
42.1007   0.839983   2.11227
41.8214   0.843415   1.93273
41.7191   0.835628   2.24503
42.5575   0.866571   2.37126
43.0106   0.851212   2.34876
40.9743   0.835836   1.99254
38.3873   0.874863   1.62577
37.8196   0.880721   1.89662
37.5481   0.932975   1.84064
38.2649   0.934701   1.86866
36.8096   1.01057   2.15528
36.6903   0.954962   2.59111
36.6539   0.967273   2.56957
38.4872   0.986473   2.44311
38.7925   0.986991   2.29026
36.5132   0.953699   2.59601
36.1781   0.985365   2.84228
35.6893   1.01626   2.65196
35.5142   1.02682   1.99038
35.5678   0.96206   2.35588
37.1223   1.02119   1.92092
37.6633   1.06327   1.95028
36.1902   0.969078   1.83793
36.5331   0.972279   2.10947
39.5925   1.01298   2.25207
38.0106   1.05086   1.96325
36.8826   1.0187   2.20529
36.4784   1.01403   1.85935
36.9715   1.00528   2.31667
36.6484   1.01172   1.88632
35.4298   1.03797   1.52021
34.1528   0.983516   1.23948
33.7941   0.979379   1.27722
31.8547   0.881076   1.20492
32.7871   0.916973   1.2831
34.9526   0.969588   1.55585
37.2781   0.943063   1.16606
36.955   0.890882   0.811746
36.7966   0.834282   0.865933
34.2434   0.810933   0.532888
35.7261   0.841543   0.835726
35.3346   0.858881   1.02115
34.6993   0.840358   0.223323
35.1425   0.751574   6.01837
33.9235   0.773763   6.1669
34.8285   0.821887   6.2749
36.6935   0.750082   0.483108
36.7206   0.763436   0.841705
36.5217   0.659717   1.08097
36.0337   0.68041   0.855513
36.0258   0.673175   0.68739
38.0226   0.73144   1.15576
37.5428   0.678953   1.14096
37.9534   0.719503   0.67138
39.6402   0.766801   0.743915
39.0317   0.763278   0.880389
37.9052   0.67558   0.796018
37.7407   0.721992   0.615114
37.3512   0.749005   5.97636
35.7982   0.698779   6.0473
34.9467   0.649775   6.121
36.2545   0.57671   0.269424
36.0946   0.615417   0.545664
37.2318   0.573987   0.426775
37.6437   0.51868   0.670311
35.5815   0.644422   0.699815
35.5468   0.611087   1.10665
36.3627   0.580937   0.96053
38.6004   0.647382   1.37882
38.3451   0.634235   1.42107
40.2127   0.559386   1.29006
40.3529   0.587852   0.937472
40.4076   0.517735   0.792404
41.8492   0.531423   0.658393
41.6095   0.503721   0.274119
41.7448   0.489927   0.82745
44.0437   0.411594   1.07429
44.288   0.397734   1.22544
44.2462   0.346927   0.414396
42.1221   0.447547   0.513398
41.7976   0.507367   0.960897
43.6935   0.541308   0.941046
46.2572   0.455155   0.324039
47.7008   0.416267   0.641897
47.1561   0.43441   0.29297
46.7494   0.371244   0.823305
48.5208   0.366547   0.617432
52.6766   0.384807   1.12775
51.1191   0.417265   0.962054
51.5007   0.379984   1.08507
50.8601   0.413766   0.73014
49.9941   0.410235   0.0940035
49.1321   0.346936   5.10197
49.4171   0.407101   4.94017
51.2393   0.442836   4.99412
52.917   0.406353   4.89836
52.6332   0.395538   4.36232
51.6537   0.401547   5.07957
53.9757   0.353401   5.18873
52.3428   0.386191   4.45767
53.0652   0.383232   3.76485
53.9276   0.427004   3.97711
54.3414   0.460963   4.41817
54.5959   0.458577   4.62308
56.9963   0.446887   4.48343
57.5236   0.408812   4.64497
57.1909   0.429734   4.34164
55.1084   0.396208   4.27795
54.8929   0.395866   4.66082
54.3028   0.449155   4.68148
53.4764   0.413565   5.24414
51.5818   0.417119   5.40272
51.4893   0.381137   5.60275
50.6403   0.298288   0.307094
47.1965   0.34112   5.70652
47.5204   0.381227   5.82072
46.2383   0.411771   5.06169
46.5627   0.43836   4.97123
47.2263   0.435927   5.41958
47.6014   0.449931   5.49077
48.0591   0.501603   5.03415
47.8947   0.493957   5.56584
48.126   0.520388   5.69083
50.2534   0.55891   5.61923
53.3161   0.57205   5.94431
52.9626   0.62411   5.9723
53.7567   0.579953   5.96095
53.4604   0.5943   6.2548
54.071   0.652021   6.06815
54.5427   0.674548   5.86667
53.3875   0.642385   5.42502
52.6214   0.674446   5.48665
53.4722   0.728254   5.50458
54.2366   0.718468   5.37774
53.9842   0.723074   5.44822
54.1103   0.656687   5.84669
55.645   0.70921   5.49069
56.5112   0.724323   5.29303
56.0121   0.726304   5.27048
58.9098   0.768439   5.32821
60.182   0.750025   5.57484
58.6596   0.74647   5.64025
59.7603   0.741179   5.60547
57.4739   0.739098   5.66652
56.0372   0.748229   5.5105
55.9787   0.737749   5.69853
56.3554   0.801243   5.53642
56.1429   0.820822   5.96311
57.8984   0.756573   6.0156
58.2754   0.774413   6.08535
59.9228   0.776003   5.97418
59.7011   0.807644   5.80047
60.3313   0.845768   5.60658
59.482   0.851862   5.79044
58.8436   0.855284   5.9286
59.4999   0.868738   5.81432
58.7958   0.876664   5.65472
58.3884   0.848873   5.65425
57.8298   0.873134   5.48071
59.3124   0.886269   5.80974
60.1161   0.880833   5.65193
57.3899   0.885184   5.40043
57.7711   0.851375   5.6562
57.6201   0.807847   5.65677
58.0812   0.819547   5.33211
59.9095   0.838453   5.50061
58.4694   0.789105   5.17935
57.1326   0.833503   5.34523
55.1761   0.821868   5.34482
54.3329   0.825104   5.33684
53.004   0.840871   5.09815
52.5139   0.865386   4.86167
51.0214   0.876776   5.28647
48.9278   0.866877   5.31504
47.9691   0.824963   5.41454
46.8515   0.773958   5.22864
48.5268   0.772047   5.00967
49.5283   0.775186   5.2005
50.6099   0.832397   5.21186
49.3229   0.780501   5.10938
49.4761   0.767412   5.14311
49.9667   0.827225   5.11183
48.9658   0.831413   5.11483
48.7942   0.842977   5.35394
49.0727   0.811519   5.66669
50.6458   0.771622   5.70898
50.9854   0.746087   5.64125
51.294   0.673661   5.14746
52.6162   0.717814   5.28456
52.4722   0.725547   5.42585
51.3116   0.72927   5.84424
51.7718   0.734819   5.57638
51.0079   0.703147   5.29847
49.3898   0.71864   5.00577
49.3724   0.747861   4.76132
48.8844   0.790307   5.05152
50.2061   0.768568   4.7
49.2584   0.782768   4.51153
48.5451   0.778636   4.94514
50.8547   0.802519   4.98241
52.0948   0.798112   5.12439
50.972   0.800496   4.94644
50.9138   0.746715   4.8734
52.6162   0.717256   4.83876
52.4897   0.742009   4.87515
52.0109   0.739213   4.85214
51.9086   0.811286   4.687
50.3219   0.742423   4.99628
50.0777   0.783798   5.12173
50.9565   0.875749   4.86436
50.8271   0.903271   4.80661
49.6603   0.96464   5.21213
49.4396   1.00085   5.67376
48.2186   1.0083   6.05788
45.3749   0.965893   5.97028
47.2128   0.993105   5.9219
47.0528   1.01808   6.0872
48.5578   0.952014   6.12549
49.4324   0.919815   6.12297
47.9256   0.878615   5.78443
48.6066   0.832487   6.00058
47.1698   0.890228   5.81243
47.6832   0.881891   6.11486
48.7914   0.811679   5.74811
47.7659   0.81476   6.10551
47.9909   0.857858   6.09685
47.2743   0.872607   0.225457
47.7501   0.787253   0.634141
49.5248   0.816036   0.69572
49.9688   0.81312   0.562319
48.522   0.761286   0.290894
47.724   0.823658   0.160159
45.8094   0.803759   0.170074
44.189   0.844925   5.80451
44.0822   0.831434   5.98481
43.318   0.801901   5.79203
45.8721   0.763124   5.30002
46.4472   0.727536   5.34303
45.3218   0.731791   5.12355
44.6843   0.687595   4.82206
47.1569   0.708096   5.20096
46.4842   0.714663   5.42424
45.0995   0.770347   5.03027
44.1299   0.845941   5.14714
46.1065   0.830446   5.12969
45.9678   0.822052   4.82161
47.51   0.776038   4.70798
47.7984   0.747315   4.67226
47.4467   0.746482   4.58486
49.636   0.837062   4.73624
52.1945   0.771643   4.82298
50.9408   0.685226   4.52274
53.5377   0.710324   4.96676
53.3786   0.730522   4.68025
53.3655   0.720146   4.18814
52.8688   0.742476   4.47879
52.316   0.652868   4.5064
50.2544   0.599748   4.52897
50.0451   0.62712   4.36527
48.7634   0.658794   4.45724
48.3186   0.646927   4.55788
49.083   0.596911   4.52626
48.5355   0.641587   4.48181
47.0285   0.610984   4.55398
47.957   0.630378   4.67122
46.4419   0.547534   4.96472
46.6992   0.50114   4.64283
47.8244   0.507243   4.58894
48.4877   0.506352   4.12675
48.658   0.523993   3.97246
49.1741   0.603198   4.12955
51.4472   0.588312   3.79613
50.8967   0.571096   3.42107
50.8593   0.593754   3.48376
50.495   0.610128   3.48183
51.1159   0.643884   2.95425
53.0216   0.673824   2.78792
51.5239   0.677785   2.56995
49.3486   0.661873   3.01616
51.3057   0.65339   2.97352
50.9366   0.592498   2.62063
51.0479   0.602611   2.46611
51.9425   0.568359   2.62747
52.7112   0.642586   2.63983
52.6874   0.604743   2.35445
53.1846   0.587089   2.50889
52.9059   0.5711   2.49451
52.0329   0.588643   2.37093
53.1877   0.554068   1.95928
51.0459   0.577483   1.54926
52.5756   0.570587   1.36853
50.2479   0.626853   1.60868
49.2294   0.653016   1.82766
50.1553   0.651562   1.85869
49.3486   0.70262   1.83075
48.0313   0.719027   1.50431
49.4726   0.719642   1.79321
50.4408   0.745036   1.2215
48.2332   0.786162   1.17362
47.8582   0.763675   1.22872
47.2682   0.749388   1.0697
47.2631   0.757177   0.78653
44.5458   0.763   0.304134
44.9512   0.676148   0.580318
44.5595   0.652664   0.316922
43.0931   0.666151   0.577776
44.1921   0.704093   0.912255
42.3413   0.71611   1.14118
41.8491   0.709874   1.05979
41.4826   0.721095   1.10433
41.9212   0.678606   1.58275
41.3589   0.773951   1.49507
39.6102   0.802415   1.25845
41.2119   0.844597   1.37299
42.8761   0.868726   1.37784
43.0223   0.878192   1.36618
43.8829   0.903765   1.34724
45.0389   0.922888   1.46229
45.4117   0.954363   1.29232
46.9731   0.954897   1.48368
44.986   0.981135   1.35759
45.8642   1.03925   1.40646
45.7133   0.995709   1.31175
46.0447   0.958449   1.58229
46.146   0.962155   1.6158
46.9418   0.95079   1.58743
45.4697   0.955783   1.36942
46.0901   0.980745   1.50505
46.0628   0.919254   1.7365
45.1813   0.904015   1.35361
47.2734   0.866949   1.20607
50.0211   0.805815   0.85625
51.6119   0.855325   0.936455
52.7846   0.787671   1.15122
51.6778   0.828797   0.878682
51.2453   0.748176   0.814558
50.4558   0.750565   1.18279
49.9826   0.750673   1.43774
48.1823   0.723142   1.55297
48.8116   0.713626   1.48651
50.8768   0.727114   1.4765
47.7223   0.723477   1.99566
47.8357   0.669808   1.77393
46.7967   0.643503   2.09177
47.6485   0.672663   2.25771
49.5439   0.608862   2.23625
48.5571   0.613722   2.20807
47.662   0.64843   2.33714
49.0141   0.668296   2.43252
47.9272   0.586101   2.60389
49.7869   0.631112   2.64535
48.8832   0.654111   2.75991
48.493   0.650001   3.08462
48.0144   0.690296   2.93462
46.6905   0.762384   2.78482
47.87   0.769482   2.71166
47.54   0.817213   2.8754
46.6516   0.779296   2.76593
47.8295   0.75783   2.8996
47.1   0.747313   2.75768
47.6037   0.670102   2.55778
48.2191   0.6625   2.60343
48.0372   0.608381   2.39939
48.6206   0.585296   2.55797
48.5177   0.548341   2.58001
49.1092   0.558996   2.86154
49.2559   0.602323   2.7683
48.0425   0.62052   2.85124
50.2341   0.628636   2.44511
50.0361   0.683857   2.20264
50.6142   0.668314   2.29803
53.1892   0.658595   2.30082
53.7324   0.728553   1.78755
55.3569   0.726684   1.98192
55.1533   0.747911   2.02378
56.0383   0.733856   1.91932
56.1583   0.752966   2.45353
55.237   0.783629   2.47363
57.3967   0.724386   2.39405
57.0023   0.689332   2.39755
56.9411   0.662655   2.34343
54.6932   0.68737   2.60314
56.156   0.647733   2.33857
55.8389   0.597575   2.58983
55.2194   0.637959   2.27229
54.7934   0.682527   2.32821
56.1338   0.597892   2.40917
57.1412   0.608626   2.38005
56.4341   0.602969   2.23834
57.3188   0.618599   1.8603
57.895   0.65084   2.09553
57.9394   0.670741   2.24319
57.0724   0.627073   2.63223
58.3241   0.602696   2.70689
58.6809   0.634767   2.47858
59.844   0.60357   2.68936
60.5981   0.569436   2.9459
58.9521   0.532773   2.84268
60.399   0.536826   3.11733
61.7279   0.54626   3.0675
62.9107   0.543891   2.47047
63.2394   0.57235   2.71317
62.3813   0.617969   2.81126
62.8812   0.62482   2.86225
63.3774   0.672269   2.815
64.6115   0.729817   2.8459
64.9848   0.72313   2.57426
63.3759   0.730013   2.51019
62.7628   0.71678   2.29622
61.86   0.762807   2.05746
62.8683   0.812338   2.17845
62.964   0.814757   2.06998
64.905   0.820997   1.99032
64.2521   0.821516   2.15084
64.5909   0.774632   2.31406
64.5163   0.766277   2.2732
65.2128   0.770878   2.20071
67.5464   0.7509   2.25472
68.9078   0.812205   2.28683
69.1857   0.789755   2.26607
66.9712   0.745275   2.09443
67.9189   0.74567   2.11644
68.8684   0.753879   1.94105
69.3008   0.747279   1.77185
72.4306   0.779632   1.77706
74.3252   0.794594   2.14452
75.6241   0.78288   2.19011
75.5059   0.801146   2.11157
76.5643   0.790243   1.96918
77.7489   0.754511   1.98848
78.0677   0.75491   1.73258
74.7777   0.775635   1.80033
75.3942   0.738537   1.69255
77.9811   0.751407   1.62372
77.6476   0.742513   1.81546
78.3712   0.788488   1.67526
79.2824   0.756018   1.92569
78.3734   0.722578   1.84019
77.6361   0.689971   1.79659
78.2308   0.692155   1.7646
80.2231   0.680093   1.8614
77.5756   0.685232   2.03271
77.3905   0.67315   1.76957
76.7281   0.666506   1.57833
76.2689   0.678097   1.49124
76.7505   0.699695   1.5443
75.4611   0.628804   1.36456
76.5446   0.603363   1.54626
76.0638   0.588554   1.48507
77.0757   0.618293   1.83157
77.4856   0.628467   1.98902
78.7469   0.603397   2.06165
77.5448   0.643712   2.30421
78.8135   0.589356   2.63194
78.1892   0.617395   2.49975
77.538   0.628705   2.29402
78.3692   0.660383   2.26322
78.1899   0.672522   2.29114
74.8882   0.674273   2.42559
74.5898   0.683374   2.15587
74.3106   0.674002   2.23072
73.5741   0.662349   1.98981
73.3465   0.677072   1.65122
72.6708   0.721421   1.71448
75.4242   0.693279   1.64975
76.1716   0.639329   1.8198
77.3622   0.630424   1.98353
74.9503   0.629678   2.01985
76.2774   0.625763   2.31326
77.1753   0.649185   2.47503
78.3465   0.68536   2.52091
79.4373   0.657485   2.82712
79.5692   0.69632   2.91542
78.326   0.686256   2.75774
80.2207   0.698775   2.75933
82.1109   0.710506   2.46313
82.9157   0.687704   2.61873
82.4959   0.636375   2.634
81.7817   0.680074   2.84876
81.9736   0.640943   2.71726
80.2377   0.635084   2.68283
78.6299   0.644972   2.81298
79.0061   0.608904   2.9173
78.9463   0.609605   2.96858
79.9182   0.625398   2.86404
81.2849   0.621669   2.77562
79.041   0.580202   2.92491
81.071   0.567907   2.82192
82.5465   0.574941   2.85343
82.6969   0.575416   2.58694
82.8525   0.578179   2.98264
81.8579   0.592038   3.06581
81.5226   0.594478   3.27882
81.2886   0.625481   3.29061
80.455   0.626724   3.50444
80.3715   0.628743   3.83343
79.7471   0.643085   3.9228
79.5661   0.623869   3.87472
78.5967   0.646639   3.72502
81.0019   0.645212   3.55639
82.0011   0.673034   3.56655
83.2035   0.738317   3.52801
84.1282   0.731751   3.43849
83.6809   0.697121   3.61963
83.2115   0.686067   3.29741
82.4912   0.707281   3.19763
81.3698   0.733674   3.18736
80.023   0.806519   3.2753
80.5499   0.808338   3.2173
79.5614   0.807616   3.44795
79.6985   0.807088   3.27705
80.037   0.834853   3.274
80.2398   0.807567   3.09751
81.2251   0.822746   2.97768
82.2291   0.813788   3.1358
81.4429   0.826261   3.22694
80.0872   0.831573   3.22835
81.7246   0.841099   3.5187
82.1524   0.818065   3.45907
81.8966   0.860935   3.55169
81.3466   0.852   3.53125
79.8314   0.873612   3.57331
80.5348   0.869276   3.56361
80.2809   0.851544   3.39873
81.9985   0.812136   3.26686
82.5359   0.815865   3.42192
82.7468   0.828403   3.51601
84.8278   0.839586   3.64977
84.9156   0.824154   3.52971
86.829   0.829395   3.66366
88.1005   0.823868   3.67148
88.9638   0.83843   3.6588
88.6821   0.79815   3.8048
89.7537   0.778067   3.61185
90.2484   0.808219   3.65003
91.8236   0.766331   3.73751
90.8184   0.774429   3.78787
91.7189   0.787788   3.85256
93.9848   0.797147   4.02845
95.6763   0.808793   4.04628
94.3181   0.795748   3.89642
93.3533   0.797101   3.66899
91.7135   0.82195   3.71246
92.6147   0.812785   3.60544
92.4456   0.813771   3.71378
92.8947   0.782177   3.6996
93.841   0.813262   3.66139
93.3497   0.801404   3.6692
91.1187   0.773406   3.60248
92.2037   0.755719   3.50808
92.281   0.783057   3.83807
93.0371   0.763701   3.68198
94.3861   0.742764   3.78069
92.9851   0.747024   3.61736
92.5058   0.754753   3.93966
91.7358   0.732089   3.94011
90.9917   0.726577   3.91917
91.6991   0.736939   3.91689
91.3282   0.736105   4.1179
90.5034   0.731135   4.08738
92.3413   0.748985   4.1113
91.824   0.764948   4.22957
93.734   0.797189   4.12131
92.8767   0.791233   4.24451
92.97   0.803292   4.06967
91.7876   0.789659   4.00612
90.3628   0.744037   3.84731
90.1671   0.7664   3.74813
91.9348   0.778018   3.64028
92.2351   0.771751   3.61737
91.951   0.74696   3.63672
91.9899   0.743333   3.48044
92.7872   0.755191   3.70733
91.1797   0.72928   4.00853
90.1297   0.718928   3.71056
91.2028   0.709807   3.85843
91.8305   0.684496   3.90048
93.1483   0.706619   3.96893
92.9585   0.716718   3.84697
93.0916   0.714281   3.82114
94.3408   0.698548   3.53953
93.5738   0.715861   3.60417
92.4862   0.715738   3.47361
92.2302   0.726066   3.28379
90.502   0.715712   3.41723
90.2253   0.725717   3.49857
90.1243   0.713881   3.51323
91.3945   0.713393   3.46273
90.5292   0.684834   3.3708
89.4907   0.645466   3.44597
89.2146   0.632962   3.55251
88.6459   0.623222   3.42968
91.8809   0.627272   3.52387
92.8899   0.618544   3.56756
93.5903   0.635067   3.53745
94.4838   0.658642   3.40845
95.3056   0.683658   3.49562
94.9136   0.716317   3.43273
93.706   0.737414   3.48099
92.9664   0.738413   3.47991
92.7843   0.785915   3.54837
93.6116   0.782964   3.42436
93.3699   0.760346   3.44936
95.5458   0.771103   3.65271
95.3368   0.770869   3.67392
95.2042   0.746036   3.58949
96.1467   0.727427   3.54255
96.8261   0.729528   3.55591
95.5752   0.73366   3.63531
96.47   0.726546   3.61738
95.5957   0.706643   3.80388
94.9875   0.717246   3.70123
95.5236   0.713656   3.67299
96.6532   0.703684   3.42677
97.1217   0.72585   3.24824
96.0633   0.718172   3.24722
96.8389   0.707712   3.19418
96.0577   0.687635   3.21466
97.9376   0.70363   3.22716
97.8979   0.733608   3.27878
99.4868   0.708348   3.18304
99.8517   0.721291   3.08501
98.5623   0.756977   3.17965
98.136   0.748714   3.04373
99.0094   0.735773   3.08259
98.3387   0.758659   3.03853
99.2584   0.757752   3.04676
100.482   0.765821   3.14252
101.543   0.78621   3.14403
100.574   0.818676   3.16313
99.7625   0.811727   3.18337
99.5994   0.795536   3.18269
98.7008   0.776643   3.07451
97.5593   0.757723   3.24503
99.0233   0.748282   3.14895
99.3002   0.73362   3.29073
98.6598   0.754447   3.24935
98.4685   0.74944   3.26801
97.5753   0.769034   3.1834
96.1171   0.745807   3.11797
93.9453   0.735295   3.12202
93.7473   0.701693   3.27016
91.9604   0.689076   3.29287
90.6799   0.66817   3.13254
91.6179   0.64376   3.01716
90.8809   0.637697   3.26862
91.8237   0.634757   3.05758
91.3272   0.642021   2.85966
91.599   0.673645   3.02134
92.294   0.666014   2.73682
92.6673   0.682566   2.88835
90.4229   0.708262   2.83376
90.5994   0.67071   2.87798
90.974   0.661058   2.75005
90.8523   0.659302   2.72654
90.1086   0.637113   2.81414
90.4618   0.663455   2.86858
90.1371   0.672227   2.7504
89.3982   0.686051   2.70171
89.5883   0.725227   2.67186
88.9719   0.709036   2.74178
87.3788   0.74193   2.60328
87.8879   0.726599   2.80282
87.1893   0.727879   2.93584
86.4892   0.719164   3.06677
86.158   0.742903   2.9385
83.656   0.707897   3.13994
84.2554   0.740544   3.04401
85.3006   0.742242   3.18066
85.6758   0.707023   3.06209
84.9262   0.728627   3.13142
83.6886   0.763633   3.2851
84.9975   0.76769   3.36504
83.6073   0.785183   3.3727
82.6424   0.75343   3.07794
81.1109   0.775897   3.17121
81.8174   0.724018   2.96159
82.9758   0.717854   2.95175
83.8302   0.664696   2.73753
81.7517   0.693917   2.7273
83.2573   0.699138   2.37716
82.251   0.732278   2.49225
84.4031   0.739699   2.38157
85.6194   0.728843   2.19262
84.8912   0.767126   2.30249
85.8045   0.770468   2.1695
86.206   0.760299   1.99013
85.0866   0.769731   1.98956
86.2397   0.785366   2.12341
84.3517   0.763446   2.07821
85.0563   0.796279   1.95211
84.9322   0.817731   1.94915
86.4314   0.849877   1.90828
85.4075   0.8549   2.02579
87.2234   0.869576   1.83972
87.6875   0.848502   1.89022
89.0115   0.852463   2.01997
89.2706   0.837267   1.99605
90.7612   0.858224   2.00112
89.9532   0.827129   2.07677
90.4842   0.825972   1.85588
90.9274   0.814061   1.83678
91.712   0.799499   1.66555
89.7652   0.799106   1.74505
90.0367   0.802906   1.94872
88.3625   0.820603   1.99183
87.7556   0.803052   1.82244
88.0022   0.803297   1.98212
87.8319   0.806966   1.64809
87.594   0.829001   1.52826
86.7673   0.835374   1.7102
86.6495   0.850207   1.59535
87.1231   0.876006   1.50443
86.2221   0.862355   1.2867
85.3924   0.85427   1.22141
82.9968   0.869114   1.2342
83.4869   0.872122   1.26693
83.5621   0.851798   1.24743
83.1526   0.854607   1.25917
82.6498   0.853118   1.31119
84.0776   0.847661   1.13604
84.1976   0.810276   1.0204
82.933   0.828056   1.17387
83.6034   0.829419   1.27363
83.3075   0.803082   1.24279
83.461   0.817628   1.26159
82.7352   0.816257   1.11072
82.2421   0.83365   1.18898
82.9315   0.813414   1.40623
83.009   0.786292   1.2526
83.9949   0.80018   1.25313
84.1778   0.775953   1.27549
85.1364   0.751958   1.34343
85.4695   0.767069   1.36968
85.7604   0.774847   1.0384
87.7179   0.753998   0.932936
86.5926   0.729566   0.882478
87.1968   0.744217   0.803571
88.6522   0.766283   0.843501
88.1973   0.783648   0.979539
88.5984   0.802834   1.01026
88.0604   0.794269   0.903097
88.6287   0.813102   1.09398
90.4387   0.8568   1.30838
90.0241   0.881376   1.27839
90.4989   0.900819   1.25252
90.4911   0.908472   1.26083
89.2904   0.914001   1.38873
89.5931   0.908102   1.30177
89.2153   0.920114   1.26607
88.7049   0.933253   1.30892
87.1807   0.920147   1.35741
87.4896   0.917152   1.48519
89.7101   0.918025   1.46911
90.6585   0.893389   1.3939
91.8795   0.914378   1.52395
92.6633   0.926696   1.70412
91.8605   0.923224   1.9402
89.9711   0.933303   1.83941
88.726   0.934916   1.94234
86.8409   0.912821   1.90929
86.6227   0.906854   1.8449
84.9872   0.932623   1.9354
84.1816   0.939697   1.7979
83.1839   0.953219   1.89807
81.5069   0.957529   1.78304
80.9214   0.953467   1.98384
80.7031   0.961046   2.14071
79.1059   0.984704   2.29626
78.3743   0.974324   2.20172
77.0694   0.971419   2.18943
78.4261   0.9349   2.20185
77.6216   0.930784   2.15661
75.6563   0.914424   2.26406
75.4203   0.898626   1.90299
73.9614   0.933525   1.72938
76.6602   0.928341   1.57586
76.0713   0.920806   1.4231
75.6765   0.946061   1.52659
75.5668   0.921166   1.59407
77.4884   0.910771   1.89686
77.7213   0.89186   1.85142
77.2838   0.879002   1.77488
76.4853   0.89491   1.91481
77.8075   0.899655   2.04584
78.8528   0.882811   2.27973
81.3886   0.88242   2.16925
81.4931   0.883901   2.48939
79.2668   0.895697   2.50492
78.9964   0.859406   2.54766
78.9068   0.831212   2.53785
79.5421   0.821791   2.56526
80.8911   0.810313   2.35091
82.0382   0.804506   2.52741
82.7334   0.818589   2.46747
83.4248   0.811142   2.55186
82.5166   0.753016   2.4279
79.0596   0.770508   2.27225
79.3234   0.764348   2.3211
78.9922   0.761632   2.43331
78.3692   0.788215   2.57796
80.3386   0.766426   2.68777
82.4675   0.77391   2.67077
80.3382   0.780868   2.78612
78.7893   0.778974   2.88215
80.6114   0.795968   2.88307
81.4744   0.76795   2.84708
81.5687   0.781316   2.90303
82.1853   0.77593   2.97425
83.7238   0.800063   2.92205
85.3304   0.804114   2.88563
86.9813   0.816472   2.97903
85.9825   0.808124   2.8856
85.3655   0.836502   3.02704
84.01   0.883653   2.89483
84.8619   0.851018   2.87672
84.5479   0.904901   2.74162
83.2666   0.873031   2.51096
83.4097   0.876743   2.46616
83.6702   0.846281   2.6911
84.1652   0.87346   2.56773
84.2706   0.902188   2.54274
84.2517   0.900027   2.34496
83.6714   0.907834   2.50169
83.914   0.914052   2.60168
83.6188   0.912026   2.66879
81.148   0.88524   2.64596
79.5533   0.901701   2.67842
79.5959   0.866234   2.81691
79.2501   0.869998   2.90838
77.7313   0.845233   2.71209
77.5216   0.831825   2.8327
77.1856   0.794945   2.90075
77.9015   0.804007   2.84673
78.39   0.779043   2.5572
77.3343   0.814094   2.53472
76.5687   0.807336   2.59929
75.1863   0.813   2.43933
72.9209   0.833314   2.32904
72.4281   0.822843   2.43981
70.9197   0.79741   2.26789
70.3894   0.718429   2.46278
71.3842   0.720279   2.421
71.1789   0.756992   2.52724
73.3274   0.715973   2.4587
73.0467   0.67998   2.74247
72.2557   0.681053   2.39036
72.037   0.722206   2.63131
70.9572   0.662498   2.3354
71.7582   0.673486   2.52777
70.7091   0.658567   2.61553
72.2927   0.668569   2.36724
72.3483   0.693415   2.50503
74.1331   0.696776   2.51216
74.2608   0.714074   2.15888
74.0807   0.716076   2.17714
75.4891   0.706153   2.15232
76.6404   0.725361   2.24648
77.0161   0.761309   2.13889
76.5052   0.733236   1.88418
75.0629   0.746507   1.90247
74.8819   0.748235   2.17557
73.1262   0.70621   2.41747
73.4963   0.682909   2.28773
73.5288   0.684306   2.33527
74.302   0.626532   2.13966
72.8063   0.637628   1.92043
72.6875   0.634915   1.85312
72.8276   0.638295   1.83152
72.4906   0.675956   1.88947
72.2054   0.670451   2.00977
73.1098   0.671232   1.94899
73.4342   0.666298   1.98855
73.1194   0.669538   2.09401
74.8812   0.650147   2.35572
73.5884   0.607972   2.49757
75.5558   0.630827   2.66853
76.0898   0.609658   2.7343
75.7335   0.583091   2.6862
74.9236   0.563584   2.70946
75.0088   0.564527   2.24993
76.003   0.56057   2.02206
77.0088   0.58831   2.29686
77.7667   0.590352   2.14183
77.7019   0.612357   1.83166
77.452   0.653393   1.91264
78.3506   0.660629   1.86516
77.326   0.645724   1.80163
76.0482   0.586646   1.57687
74.9212   0.548171   1.6481
74.9378   0.595587   1.67187
75.458   0.611959   1.69964
75.1698   0.61347   1.24075
77.1061   0.62656   0.887045
80.5432   0.631227   0.851386
80.368   0.621568   1.05874
80.2186   0.604546   1.00201
79.0569   0.639747   1.21078
77.9557   0.65406   1.31531
76.9672   0.701193   1.10701
75.7496   0.707198   0.934653
76.0004   0.670544   0.811339
76.441   0.66436   0.925143
74.82   0.708844   0.834529
76.3723   0.729185   0.974407
76.9243   0.783293   1.14696
76.9097   0.786751   1.21263
78.6813   0.802016   1.37305
77.0052   0.778075   1.32643
75.6219   0.760445   1.20027
75.0778   0.775934   0.790609
74.2577   0.73619   0.664355
71.9355   0.755185   0.51825
73.3945   0.762639   0.425674
74.8006   0.732147   0.306114
76.7186   0.779735   0.369432
75.7819   0.780499   0.252457
75.5577   0.815093   0.0980046
74.836   0.778725   0.207275
76.6786   0.738414   6.1993
76.1652   0.743551   6.24858
74.9349   0.755612   6.21919
75.1812   0.768847   6.03079
74.3012   0.752674   6.09223
73.8041   0.731211   6.15353
73.2341   0.76111   0.0198922
74.0716   0.75876   0.0158769
73.4618   0.765769   0.113962
74.7711   0.767351   0.295577
75.822   0.839264   0.234869
75.8814   0.830734   6.23819
74.9199   0.839199   6.22204
74.9934   0.855283   6.21349
76.0196   0.860538   0.089939
76.4644   0.849619   0.0522784
79.2189   0.839263   0.094439
80.3546   0.844005   0.101708
81.0734   0.862341   6.17012
81.0212   0.849869   6.1926
80.4616   0.840119   6.22334
81.525   0.820695   6.24409
82.2259   0.812259   0.0168737
80.944   0.772191   0.263094
79.8847   0.765968   0.331273
79.6473   0.812657   0.135058
80.9184   0.815192   6.19714
83.5719   0.833496   6.12168
82.3943   0.857906   6.08488
84.1309   0.883219   6.01155
83.3075   0.84377   6.07811
83.6448   0.852204   6.06464
83.7615   0.834317   6.17898
84.4428   0.810838   6.15776
84.8532   0.812208   6.05437
85.0116   0.814026   6.09309
85.1535   0.822666   6.22422
84.9485   0.79391   6.21873
85.4256   0.831946   6.06755
84.9655   0.853507   5.9152
85.668   0.890365   5.96891
84.995   0.898617   5.96444
83.0292   0.885357   5.93571
82.9728   0.87596   5.86266
83.1125   0.873278   5.74708
82.3704   0.89568   5.59855
81.8878   0.908048   5.74144
81.3409   0.920942   5.89154
81.0286   0.905476   5.95444
81.6604   0.869604   5.63639
79.8691   0.846012   5.36154
80.4125   0.83688   5.45349
79.7325   0.826002   5.11016
81.0734   0.771419   5.11737
81.2244   0.810254   4.96573
81.4561   0.834215   4.99558
81.2305   0.848957   4.99211
81.1475   0.848633   5.09093
80.6441   0.821781   5.1432
81.8619   0.824492   5.5407
81.04   0.822418   5.53081
81.2306   0.789872   5.37469
83.2423   0.773239   5.49575
83.3306   0.794922   5.44451
85.5608   0.832421   5.73781
85.9047   0.857868   5.79388
84.3738   0.807197   5.87287
84.9676   0.79306   6.02548
86.5023   0.798739   6.02706
86.4832   0.821083   5.90592
87.6362   0.803314   5.92497
88.5736   0.834268   5.81424
88.015   0.80715   5.5126
86.3923   0.787524   5.53101
86.9143   0.80502   5.50386
84.6964   0.801074   5.36564
83.6822   0.789891   5.25096
86.2177   0.821054   5.41171
84.6866   0.810065   5.40082
84.0397   0.790491   5.64231
85.5584   0.77737   5.75402
86.8537   0.799121   5.78966
86.6901   0.793921   5.62428
87.7504   0.802974   5.7242
86.053   0.827599   5.77943
86.0897   0.810108   5.90604
86.2421   0.844272   5.75896
87.3949   0.866977   5.7235
86.9205   0.845493   5.71039
87.1041   0.833463   5.83649
86.1379   0.779968   5.96156
85.2873   0.814575   5.87052
85.6902   0.792833   5.82946
86.4468   0.808709   5.85938
86.177   0.814328   5.72114
87.4799   0.843258   5.83346
86.7056   0.834141   6.01136
88.1596   0.83122   5.68244
86.0674   0.870911   5.44406
84.9852   0.857518   5.4359
87.4603   0.857631   5.21579
88.8473   0.852831   5.31183
86.1375   0.828189   5.24815
88.2696   0.792016   5.14392
86.7911   0.785388   5.29355
86.33   0.779493   5.2731
86.6509   0.800585   5.10503
87.8724   0.818021   5.18799
89.7365   0.813393   5.27605
91.2679   0.785017   5.16051
91.4745   0.76679   5.24745
91.2293   0.795176   5.10303
92.1539   0.811911   5.24563
91.7969   0.803669   5.2187
91.6286   0.831729   5.41544
92.744   0.854928   5.48977
94.357   0.828134   5.23852
94.4553   0.81976   5.45618
94.0157   0.795584   5.5265
93.4088   0.7962   5.40235
92.5232   0.792595   5.48544
92.2131   0.770736   5.43739
92.3745   0.785843   5.45427
93.6275   0.791119   5.60698
95.7286   0.760388   5.53973
94.474   0.745614   5.567
94.151   0.717426   5.84472
94.6922   0.684068   5.61086
92.5714   0.669677   5.61524
93.7528   0.634126   5.45626
91.7613   0.613329   5.44252
91.5042   0.590131   5.344
93.144   0.602463   5.25074
91.887   0.594692   4.97089
91.044   0.600836   4.7417
91.2314   0.618665   4.93008
91.8475   0.608084   4.79871
92.7427   0.612347   4.73432
92.7748   0.613273   4.55353
92.5553   0.650103   4.47781
94.4042   0.639005   4.2194
94.6831   0.665398   4.00302
94.3683   0.646536   3.81516
94.7057   0.635969   3.97502
94.5118   0.643194   3.96904
95.163   0.626717   3.65659
93.9126   0.666754   3.83462
93.3805   0.656441   3.502
92.65   0.638351   3.6263
92.6682   0.609174   3.70536
93.5826   0.621991   3.62519
94.6212   0.606596   3.62996
95.6607   0.616026   3.69394
96.1355   0.591139   3.71998
96.0408   0.583218   3.77013
95.4643   0.592577   3.85825
94.2928   0.609359   4.06297
94.7831   0.602336   3.97058
94.0606   0.640152   4.14554
96.2992   0.653413   4.02899
96.3876   0.629194   4.06982
95.1968   0.638795   4.32596
95.7029   0.678431   4.20505
95.2683   0.669181   4.10866
95.285   0.657922   4.08347
93.6512   0.667988   4.23159
93.2623   0.654325   4.16495
93.1613   0.598002   4.28816
91.7229   0.590143   4.36449
90.7083   0.572322   4.18979
92.9741   0.555714   4.03882
92.3239   0.54016   4.01424
92.4698   0.520475   4.08436
92.5869   0.488689   3.99372
93.2069   0.477365   3.93024
92.9149   0.486373   3.94263
93.998   0.533775   4.01752
95.9625   0.538754   3.99993
99.314   0.52944   3.85897
98.1401   0.569514   3.77548
96.1604   0.577101   3.61818
96.8212   0.598237   3.60458
98.5518   0.603936   3.64716
100.148   0.620626   3.92687
101.362   0.631397   3.77813
102.008   0.663971   3.98647
102.18   0.622132   3.93449
101.861   0.617705   3.91756
102.116   0.572738   4.13879
102.202   0.578504   4.27313
102.64   0.565161   4.08102
105.052   0.582628   4.13929
105.293   0.588786   4.23115
105.565   0.579831   4.34653
105.308   0.562788   4.29596
106.62   0.585999   4.3914
105.753   0.596789   4.35145
105.883   0.607986   4.16461
105.214   0.616345   4.255
105.629   0.608367   4.31301
106.908   0.591807   4.3122
107.229   0.599063   3.99146
105.544   0.620625   3.93457
104.203   0.609945   3.86289
103.893   0.59173   3.82832
102.582   0.607876   3.82822
100.221   0.584929   3.81178
99.9053   0.565478   3.84784
99.7773   0.542061   3.96178
100.161   0.544174   3.96691
100.725   0.550482   3.92702
100.782   0.540561   3.80017
99.2973   0.538127   3.62271
97.9609   0.541809   3.80957
98.1777   0.578504   3.56415
100.589   0.545649   3.10623
100.826   0.549586   3.20089
99.1211   0.571587   3.19038
99.4156   0.534916   3.29242
100.286   0.542676   3.22322
100.953   0.565549   3.0597
101.327   0.571221   2.94624
101.752   0.606644   3.03073
100.941   0.609688   3.14503
101.131   0.618103   3.10619
100.763   0.6005   3.04831
102.025   0.628432   3.05082
99.077   0.633964   3.16164
97.9024   0.615104   3.23152
96.4745   0.641017   3.23651
95.4472   0.652742   3.29712
97.5368   0.665997   3.31756
95.9211   0.664892   3.57172
96.803   0.617939   3.57177
95.8801   0.624757   3.61342
96.8807   0.651188   3.56378
98.5959   0.678874   3.4678
98.4714   0.680786   3.52251
97.6061   0.693742   3.7212
95.7497   0.737345   3.87334
97.0635   0.752621   3.63976
97.7527   0.72463   3.65066
98.4557   0.711403   3.73586
97.1703   0.713351   3.99899
95.7873   0.700759   4.12047
97.2181   0.715728   4.19303
95.8907   0.72477   3.99772
97.3136   0.724534   4.18619
100.009   0.71456   4.17384
99.2764   0.691331   4.22829
99.3685   0.633692   4.17761
99.0775   0.623175   4.18897
101.294   0.598469   4.12908
103.578   0.625697   4.14472
103.359   0.631308   3.91265
102.877   0.613686   3.76821
102.754   0.599577   3.93289
104.271   0.56438   3.95963
101.862   0.535922   3.96642
102.704   0.519205   3.76284
102.773   0.546337   3.68305
101.771   0.557241   3.47921
100.714   0.559481   3.50492
100.85   0.555683   3.5013
99.8923   0.554597   3.45501
99.4245   0.568842   3.15387
99.3119   0.6083   3.33516
98.444   0.613671   3.34695
97.5914   0.604803   3.50693
99.1394   0.613335   3.57485
99.5411   0.632775   3.70167
100.998   0.657389   3.84125
99.4652   0.65179   3.84464
98.39   0.640825   3.67128
97.8852   0.620324   3.68042
98.5246   0.666581   3.76082
99.1791   0.66022   3.59783
98.9724   0.64727   3.56947
96.9009   0.64299   3.55681
98.3802   0.627972   3.64962
98.1957   0.673398   3.80215
98.8011   0.685909   3.8463
98.2721   0.693127   3.70451
99.5592   0.738774   3.85531
100.713   0.735526   3.9568
100.889   0.694729   3.73979
100.08   0.707833   3.60194
100.326   0.705024   3.77057
98.8935   0.738839   3.77134
99.6503   0.755005   3.59691
100.803   0.737114   3.65691
100.286   0.708483   3.85865
101.796   0.710543   3.96472
99.8603   0.729948   3.96649
100.019   0.758144   4.1117
100.169   0.755501   4.24948
101.171   0.77519   4.31447
100.879   0.776244   4.36942
100.425   0.791963   4.22171
100.357   0.806285   4.13005
102.823   0.812533   4.33311
105.735   0.803571   4.34325
104.743   0.784385   4.363
105.347   0.770395   4.47221
104.708   0.80322   4.50983
105.825   0.80458   4.4401
106.003   0.792165   4.41198
105.242   0.797922   4.4487
103.54   0.813376   4.5053
103.916   0.799339   4.49697
102.388   0.809902   4.48889
102.984   0.800496   4.43344
102.587   0.809106   4.46235
100.266   0.794611   4.47317
101.078   0.808674   4.39913
101.862   0.781348   4.24612
102.333   0.794003   4.21578
101.182   0.793225   4.28041
100.67   0.767146   4.27537
99.3792   0.776728   4.34272
100.5   0.778997   4.31769
102.153   0.747042   4.31875
100.11   0.749269   4.39079
100.267   0.715665   4.34454
99.8377   0.679953   4.40848
100.503   0.69638   4.57818
101.444   0.658642   4.43458
102.109   0.671272   4.31044
101.632   0.66494   4.37335
101.382   0.647743   4.45356
101.314   0.64646   4.26102
99.8317   0.640049   4.1448
97.7967   0.636612   4.19658
97.5279   0.629385   4.01758
96.9518   0.625506   3.90203
98.3247   0.606237   4.00672
98.2584   0.576881   4.08249
97.4638   0.580636   4.37854
98.412   0.589802   4.49612
97.1542   0.576079   4.64656
97.717   0.563367   5.03263
97.1042   0.530172   5.11724
96.2617   0.557125   4.96779
95.901   0.546414   5.04935
94.8941   0.536288   4.9843
95.5731   0.544963   5.33698
93.5917   0.55378   5.46752
93.6932   0.545428   5.5142
93.9189   0.543688   5.37056
92.1633   0.547747   5.48138
92.2024   0.563393   5.71483
93.8845   0.578559   5.45278
90.9111   0.576876   5.53247
92.9148   0.608895   5.5301
93.0684   0.616522   5.59999
94.107   0.577573   5.55728
95.1484   0.623685   5.27084
95.5802   0.637075   4.93431
95.7817   0.612745   4.7762
95.2072   0.662497   4.69573
95.9891   0.670293   4.59419
95.7135   0.658608   4.54137
97.5089   0.621539   4.3608
97.9595   0.60095   4.30613
97.7011   0.611045   4.56039
100.466   0.635078   4.61033
100.528   0.649258   4.73457
101.339   0.659195   4.86748
101.581   0.649318   4.97963
102.768   0.683236   4.81619
101.479   0.66172   4.80728
103.444   0.669568   4.63979
105.185   0.665108   4.65776
104.099   0.666623   4.52183
102.713   0.651103   4.4884
102.424   0.661935   4.62429
101.914   0.670691   4.45023
102.254   0.637065   4.46949
100.294   0.64552   4.30861
100.015   0.636654   4.07418
101.02   0.643824   4.47371
100.413   0.656798   4.31574
101.567   0.688758   4.34646
103.759   0.698184   4.36454
102.815   0.673599   4.47385
101.861   0.685554   4.69452
104.316   0.680255   4.59712
106.133   0.676596   4.5322
106.148   0.687041   4.43802
105.286   0.665808   4.4362
106.28   0.675791   4.26216
105.697   0.676137   4.37419
105.74   0.64447   4.52705
107.671   0.642733   4.32153
107.21   0.649358   4.1959
106.407   0.638954   4.5374
107.055   0.64795   4.45016
107.646   0.658004   4.40065
109.955   0.687708   4.32493
109.809   0.666735   4.41277
107.93   0.689019   4.34086
106.26   0.686051   4.20202
104.807   0.681399   4.16651
104.142   0.647836   3.96732
102.535   0.65289   4.22761
103.53   0.652109   4.17322
104.68   0.657093   4.08609
105.794   0.65986   3.80886
106.419   0.676271   3.65082
106.726   0.668807   3.67619
107.643   0.683599   3.70504
107.965   0.661078   3.86933
108.202   0.643564   3.90811
110.478   0.624868   3.88275
